# Blender 5.0.1
# www.blender.org
mtllib assembly.mtl
o base
v -1.925892 -0.033338 0.110579
v -1.925892 -0.336309 0.110579
v -2.271221 -0.336309 0.110579
v -2.271221 -0.033338 0.110579
v -2.271221 -0.033338 3.693231
v -2.271221 -0.336309 3.693231
v 2.271221 -0.336309 3.693231
v 2.271221 -0.033338 3.693231
v 2.271221 0.000000 3.632710
v 2.286502 -0.000641 3.632710
v 2.286502 -0.000641 1.450028
v 2.271221 0.000000 1.450028
v 2.349550 -0.336309 1.004327
v 2.349550 -0.336309 1.442176
v -2.349550 -0.336309 1.442176
v -2.349550 -0.336309 1.004327
v 2.349550 -0.336309 1.450028
v 2.349550 -0.336309 3.632710
v 2.348045 -0.336309 3.644517
v 2.343588 -0.336309 3.655871
v 2.336349 -0.336309 3.666334
v 2.326608 -0.336309 3.675505
v 2.314738 -0.336309 3.683031
v 2.301196 -0.336309 3.688624
v 2.286502 -0.336309 3.692068
v -2.286502 -0.336309 3.692068
v -2.301196 -0.336309 3.688624
v -2.314738 -0.336309 3.683031
v -2.326608 -0.336309 3.675505
v -2.336349 -0.336309 3.666334
v -2.343588 -0.336309 3.655871
v -2.348045 -0.336309 3.644516
v -2.349550 -0.336309 3.632710
v -2.349550 -0.336309 1.450028
v 2.349550 -0.033338 0.171100
v 2.348045 -0.033338 0.159293
v 2.346275 -0.026551 0.158931
v 2.348045 -0.026834 0.171100
v 2.341510 -0.020246 0.158912
v 2.343588 -0.020580 0.171100
v 2.334408 -0.014794 0.159019
v 2.336349 -0.014816 0.171100
v 2.325538 -0.010248 0.159079
v 2.326608 -0.009764 0.171100
v 2.343588 -0.033338 0.147939
v 2.341489 -0.026549 0.147367
v 2.336735 -0.020401 0.147671
v 2.330340 -0.015403 0.148379
v 2.322714 -0.011429 0.148786
v 2.336349 -0.033338 0.137476
v 2.334332 -0.026642 0.137377
v 2.330310 -0.020805 0.138531
v 2.325369 -0.016304 0.140177
v 2.319301 -0.012874 0.141055
v 2.326608 -0.033338 0.128305
v 2.325471 -0.026716 0.129132
v 2.322698 -0.021046 0.131314
v 2.319301 -0.016788 0.133951
v 2.316444 -0.014090 0.136158
v 2.271221 0.000000 0.171100
v 2.286502 -0.000641 0.171100
v 2.286970 -0.001394 0.158779
v 2.271221 -0.000641 0.159293
v 2.286994 -0.003422 0.147333
v 2.271221 -0.002538 0.147939
v 2.286857 -0.006445 0.137435
v 2.271221 -0.005618 0.137476
v 2.286779 -0.010220 0.129184
v 2.271221 -0.009764 0.128305
v 2.301196 -0.002538 0.171100
v 2.301937 -0.003431 0.158776
v 2.301544 -0.005454 0.147615
v 2.300627 -0.008176 0.138541
v 2.300101 -0.011422 0.131326
v 2.314738 -0.005618 0.171100
v 2.314866 -0.006477 0.158944
v 2.313372 -0.008189 0.148347
v 2.311242 -0.010292 0.140177
v 2.310106 -0.012874 0.133951
v 2.271221 -0.033338 0.110579
v 2.271221 -0.026834 0.111742
v 2.287167 -0.026635 0.113109
v 2.286502 -0.033338 0.111742
v 2.301981 -0.026625 0.116791
v 2.301196 -0.033338 0.115186
v 2.314791 -0.026683 0.122278
v 2.314738 -0.033338 0.120779
v 2.271221 -0.020580 0.115186
v 2.287171 -0.020265 0.116807
v 2.301616 -0.020432 0.120481
v 2.313360 -0.020822 0.125422
v 2.271221 -0.014816 0.120779
v 2.286953 -0.014762 0.122337
v 2.300669 -0.015398 0.125445
v 2.311242 -0.016304 0.129262
v -2.286502 -0.033338 0.111742
v -2.286970 -0.026551 0.113109
v -2.271221 -0.026834 0.111742
v -2.286994 -0.020246 0.116791
v -2.271221 -0.020580 0.115186
v -2.286857 -0.014794 0.122278
v -2.271221 -0.014816 0.120779
v -2.286779 -0.010248 0.129132
v -2.271221 -0.009764 0.128305
v -2.301196 -0.033338 0.115186
v -2.301937 -0.026549 0.116807
v -2.301544 -0.020401 0.120481
v -2.300627 -0.015403 0.125422
v -2.300101 -0.011429 0.131314
v -2.314738 -0.033338 0.120779
v -2.314866 -0.026642 0.122337
v -2.313372 -0.020805 0.125445
v -2.311242 -0.016304 0.129262
v -2.310106 -0.012874 0.133951
v -2.326608 -0.033338 0.128305
v -2.325538 -0.026716 0.129184
v -2.322714 -0.021046 0.131326
v -2.319301 -0.016788 0.133951
v -2.316444 -0.014090 0.136158
v -2.271221 0.000000 0.171100
v -2.271221 -0.000641 0.159293
v -2.287167 -0.001394 0.158931
v -2.286502 -0.000641 0.171100
v -2.301981 -0.003422 0.158912
v -2.301196 -0.002538 0.171100
v -2.314791 -0.006445 0.159019
v -2.314738 -0.005618 0.171100
v -2.325471 -0.010220 0.159079
v -2.326608 -0.009764 0.171100
v -2.271221 -0.002538 0.147939
v -2.287171 -0.003431 0.147367
v -2.301616 -0.005454 0.147671
v -2.313360 -0.008176 0.148379
v -2.322698 -0.011422 0.148786
v -2.271221 -0.005618 0.137476
v -2.286953 -0.006477 0.137377
v -2.300669 -0.008189 0.138531
v -2.311242 -0.010292 0.140177
v -2.319301 -0.012874 0.141055
v -2.349550 -0.033338 0.171100
v -2.348045 -0.026834 0.171100
v -2.346275 -0.026635 0.158779
v -2.348045 -0.033338 0.159293
v -2.341510 -0.026625 0.147333
v -2.343588 -0.033338 0.147939
v -2.334408 -0.026683 0.137435
v -2.336349 -0.033338 0.137476
v -2.343588 -0.020580 0.171100
v -2.341489 -0.020265 0.158776
v -2.336735 -0.020432 0.147615
v -2.330340 -0.020822 0.138541
v -2.336349 -0.014816 0.171100
v -2.334332 -0.014762 0.158944
v -2.330310 -0.015398 0.148347
v -2.325369 -0.016304 0.140177
v 2.349550 -0.033338 3.632710
v 2.348045 -0.026834 3.632710
v 2.346275 -0.026635 3.645031
v 2.348045 -0.033338 3.644517
v 2.341510 -0.026625 3.656477
v 2.343588 -0.033338 3.655871
v 2.334408 -0.026683 3.666375
v 2.336349 -0.033338 3.666334
v 2.325538 -0.026716 3.674626
v 2.326608 -0.033338 3.675505
v 2.343588 -0.020580 3.632710
v 2.341489 -0.020265 3.645034
v 2.336735 -0.020432 3.656195
v 2.330340 -0.020822 3.665269
v 2.322714 -0.021046 3.672484
v 2.336349 -0.014816 3.632710
v 2.334332 -0.014762 3.644866
v 2.330310 -0.015398 3.655463
v 2.325369 -0.016304 3.663633
v 2.319301 -0.016788 3.669859
v 2.326608 -0.009764 3.632710
v 2.325471 -0.010220 3.644731
v 2.322698 -0.011422 3.655024
v 2.319301 -0.012874 3.662755
v 2.316444 -0.014090 3.667652
v 2.286502 -0.033338 3.692068
v 2.286970 -0.026551 3.690701
v 2.271221 -0.026834 3.692068
v 2.286994 -0.020246 3.687019
v 2.271221 -0.020580 3.688624
v 2.286857 -0.014794 3.681532
v 2.271221 -0.014816 3.683031
v 2.286779 -0.010248 3.674678
v 2.271221 -0.009764 3.675505
v 2.301196 -0.033338 3.688624
v 2.301937 -0.026549 3.687003
v 2.301544 -0.020401 3.683329
v 2.300627 -0.015403 3.678388
v 2.300101 -0.011429 3.672496
v 2.314738 -0.033338 3.683031
v 2.314866 -0.026642 3.681473
v 2.313372 -0.020805 3.678365
v 2.311242 -0.016304 3.674548
v 2.310106 -0.012874 3.669859
v 2.271221 -0.000641 3.644517
v 2.287167 -0.001394 3.644879
v 2.301981 -0.003422 3.644898
v 2.301196 -0.002538 3.632710
v 2.314791 -0.006445 3.644791
v 2.314738 -0.005618 3.632710
v 2.271221 -0.002538 3.655871
v 2.287171 -0.003431 3.656443
v 2.301616 -0.005454 3.656139
v 2.313360 -0.008176 3.655431
v 2.271221 -0.005618 3.666334
v 2.286953 -0.006477 3.666433
v 2.300669 -0.008189 3.665279
v 2.311242 -0.010292 3.663633
v -2.349550 -0.033338 3.632710
v -2.348045 -0.033338 3.644516
v -2.346275 -0.026551 3.644879
v -2.348045 -0.026834 3.632710
v -2.341510 -0.020246 3.644898
v -2.343588 -0.020580 3.632710
v -2.334408 -0.014794 3.644791
v -2.336349 -0.014816 3.632710
v -2.325538 -0.010248 3.644731
v -2.326608 -0.009764 3.632710
v -2.343588 -0.033338 3.655871
v -2.341489 -0.026549 3.656443
v -2.336735 -0.020401 3.656139
v -2.330340 -0.015403 3.655431
v -2.322714 -0.011429 3.655024
v -2.336349 -0.033338 3.666334
v -2.334332 -0.026642 3.666433
v -2.330310 -0.020805 3.665279
v -2.325369 -0.016304 3.663633
v -2.319301 -0.012874 3.662755
v -2.326608 -0.033338 3.675505
v -2.325471 -0.026716 3.674678
v -2.322698 -0.021046 3.672496
v -2.319301 -0.016788 3.669859
v -2.316444 -0.014090 3.667652
v -2.271221 0.000000 3.632710
v -2.286502 -0.000641 3.632710
v -2.286970 -0.001394 3.645031
v -2.271221 -0.000641 3.644516
v -2.286994 -0.003422 3.656476
v -2.271221 -0.002538 3.655871
v -2.286857 -0.006445 3.666375
v -2.271221 -0.005618 3.666334
v -2.286779 -0.010220 3.674626
v -2.271221 -0.009764 3.675505
v -2.301196 -0.002538 3.632710
v -2.301937 -0.003431 3.645034
v -2.301544 -0.005454 3.656195
v -2.300627 -0.008176 3.665269
v -2.300101 -0.011422 3.672484
v -2.314738 -0.005618 3.632710
v -2.314866 -0.006477 3.644866
v -2.313372 -0.008189 3.655463
v -2.311242 -0.010292 3.663633
v -2.310106 -0.012874 3.669859
v -2.271221 -0.026834 3.692068
v -2.287167 -0.026635 3.690701
v -2.286502 -0.033338 3.692068
v -2.301981 -0.026625 3.687019
v -2.301196 -0.033338 3.688624
v -2.314791 -0.026683 3.681532
v -2.314738 -0.033338 3.683031
v -2.271221 -0.020580 3.688624
v -2.287171 -0.020265 3.687003
v -2.301616 -0.020432 3.683329
v -2.313360 -0.020822 3.678388
v -2.271221 -0.014816 3.683031
v -2.286953 -0.014762 3.681473
v -2.300669 -0.015398 3.678365
v -2.311242 -0.016304 3.674548
v -2.129618 0.000000 3.523302
v -2.129618 0.008690 3.523302
v -2.129618 0.008690 1.559436
v -2.129618 0.000000 1.559436
v 2.314738 -0.005618 1.450028
v 2.301196 -0.002538 1.450028
v 2.326608 -0.009764 1.450028
v 2.336349 -0.014816 1.450028
v 2.343588 -0.020580 1.450028
v 2.348045 -0.026834 1.450028
v 2.349550 -0.033338 1.450028
v -1.925892 0.000000 0.171100
v -1.925892 -0.000641 0.159293
v -1.925892 -0.002538 0.147939
v -1.925892 -0.005618 0.137476
v -1.925892 -0.009764 0.128305
v -1.925892 -0.014816 0.120779
v -1.925892 -0.020580 0.115186
v -1.925892 -0.026834 0.111742
v -2.271221 0.000000 1.004327
v -2.286502 -0.000641 1.004327
v -2.286502 -0.000641 1.442176
v -2.271221 0.000000 1.442176
v -2.301196 -0.002538 1.004327
v -2.314738 -0.005618 1.004327
v -2.314738 -0.005618 1.442176
v -2.301196 -0.002538 1.442176
v -2.326608 -0.009764 1.004327
v -2.326608 -0.009764 1.442176
v -2.336349 -0.014816 1.004327
v -2.336349 -0.014816 1.442176
v -2.343588 -0.020580 1.004327
v -2.343588 -0.020580 1.442176
v -2.348045 -0.026834 1.004327
v -2.348045 -0.026834 1.442176
v -2.349550 -0.033338 1.004327
v -2.349550 -0.033338 1.442176
v -2.286502 -0.336309 0.111742
v -2.301196 -0.336309 0.115186
v -2.314738 -0.336309 0.120779
v -2.326608 -0.336309 0.128305
v -2.336349 -0.336309 0.137476
v -2.343588 -0.336309 0.147939
v -2.348045 -0.336309 0.159293
v -2.349550 -0.336309 0.171100
v 2.286502 -0.336309 0.111742
v 2.271221 -0.336309 0.110579
v 2.301196 -0.336309 0.115186
v 2.314738 -0.336309 0.120779
v 2.326608 -0.336309 0.128305
v 2.336349 -0.336309 0.137476
v 2.343588 -0.336309 0.147939
v 2.348045 -0.336309 0.159293
v 2.349550 -0.336309 0.171100
v -2.271221 0.000000 1.450028
v -2.286502 -0.000641 1.450028
v 2.349550 -0.033338 1.004327
v -2.348045 -0.026834 1.450028
v -2.349550 -0.033338 1.450028
v -2.343588 -0.020580 1.450028
v -2.336349 -0.014816 1.450028
v -2.326608 -0.009764 1.450028
v -2.314738 -0.005618 1.450028
v -2.301196 -0.002538 1.450028
v 2.348045 -0.026834 1.004327
v 2.343588 -0.020580 1.004327
v 2.336349 -0.014816 1.004327
v 2.326608 -0.009764 1.004327
v 2.314738 -0.005618 1.004327
v 2.301196 -0.002538 1.004327
v 2.286502 -0.000641 1.004327
v 2.271221 0.000000 1.004327
v 2.349550 -0.033338 1.442176
v 2.348045 -0.026834 1.442176
v 2.343588 -0.020580 1.442176
v 2.336349 -0.014816 1.442176
v 2.326608 -0.009764 1.442176
v 2.314738 -0.005618 1.442176
v 2.301196 -0.002538 1.442176
v 2.286502 -0.000641 1.442176
v 2.271221 0.000000 1.442176
v 1.919785 0.000000 1.442176
v -1.175763 0.000000 1.442176
v -1.925892 0.000000 1.442176
v -2.135936 0.000000 0.971813
v -2.135936 0.007857 0.971813
v -2.135936 0.007857 0.275627
v -2.135936 0.000000 0.275627
v -1.274557 0.018795 2.353472
v -1.426696 0.018795 2.353472
v -1.426696 0.018795 2.505610
v -1.274557 0.018795 2.505610
v -0.708646 0.018795 2.353472
v -0.860784 0.018795 2.353472
v -0.860784 0.018795 2.505610
v -0.708646 0.018795 2.505610
v -0.898590 0.018795 2.353472
v -1.050729 0.018795 2.353472
v -1.050729 0.018795 2.505610
v -0.898590 0.018795 2.505610
v -1.084613 0.018795 2.353472
v -1.236751 0.018795 2.353472
v -1.236751 0.018795 2.505610
v -1.084613 0.018795 2.505610
v -1.274557 0.018795 2.544875
v -1.426696 0.018795 2.544875
v -1.426696 0.018795 2.697013
v -1.274557 0.018795 2.697013
v -0.708646 0.018795 2.544875
v -0.860784 0.018795 2.544875
v -0.860784 0.018795 2.697013
v -0.708646 0.018795 2.697013
v -0.898590 0.018795 2.544875
v -1.050729 0.018795 2.544875
v -1.050729 0.018795 2.697013
v -0.898590 0.018795 2.697013
v -1.084613 0.018795 2.544875
v -1.236751 0.018795 2.544875
v -1.236751 0.018795 2.697013
v -1.084613 0.018795 2.697013
v -1.275473 0.018795 2.733714
v -1.427612 0.018795 2.733714
v -1.427612 0.018795 2.885852
v -1.275473 0.018795 2.885852
v -0.709562 0.018795 2.733714
v -0.861700 0.018795 2.733714
v -0.861700 0.018795 2.885852
v -0.709562 0.018795 2.885852
v -0.899506 0.018795 2.733714
v -1.051645 0.018795 2.733714
v -1.051645 0.018795 2.885852
v -0.899506 0.018795 2.885852
v -1.085529 0.018795 2.733714
v -1.237667 0.018795 2.733714
v -1.237667 0.018795 2.885852
v -1.085529 0.018795 2.885852
v -1.274557 0.018795 2.926657
v -1.426696 0.018795 2.926657
v -1.426696 0.018795 3.078795
v -1.274557 0.018795 3.078795
v -0.708646 0.018795 2.926657
v -0.860784 0.018795 2.926657
v -0.860784 0.018795 3.078795
v -0.708646 0.018795 3.078795
v -0.898590 0.018795 2.926657
v -1.050729 0.018795 2.926657
v -1.050729 0.018795 3.078795
v -0.898590 0.018795 3.078795
v -1.084613 0.018795 2.926657
v -1.236751 0.018795 2.926657
v -1.236751 0.018795 3.078795
v -1.084613 0.018795 3.078795
v -1.274557 0.018795 3.113481
v -1.426696 0.018795 3.113481
v -1.426696 0.018795 3.265619
v -1.274557 0.018795 3.265619
v -0.708646 0.018795 3.113481
v -0.860784 0.018795 3.113481
v -0.860784 0.018795 3.265619
v -0.708646 0.018795 3.265619
v -0.898590 0.018795 3.113481
v -1.050729 0.018795 3.113481
v -1.050729 0.018795 3.265619
v -0.898590 0.018795 3.265619
v -1.084613 0.018795 3.113481
v -1.236751 0.018795 3.113481
v -1.236751 0.018795 3.265619
v -1.084613 0.018795 3.265619
v -1.274557 0.018795 3.303785
v -1.426696 0.018795 3.303785
v -1.426696 0.018795 3.455923
v -1.274557 0.018795 3.455923
v -0.708646 0.018795 3.303785
v -0.860784 0.018795 3.303785
v -0.860784 0.018795 3.455923
v -0.708646 0.018795 3.455923
v -0.898590 0.018795 3.303785
v -1.050729 0.018795 3.303785
v -1.050729 0.018795 3.455923
v -0.898590 0.018795 3.455923
v -1.084613 0.018795 3.303785
v -1.236751 0.018795 3.303785
v -1.236751 0.018795 3.455923
v -1.084613 0.018795 3.455923
v -1.526770 0.018795 2.353472
v -1.678908 0.018795 2.353472
v -1.678908 0.018795 2.505610
v -1.526770 0.018795 2.505610
v -1.526770 0.018795 2.544875
v -1.678908 0.018795 2.544875
v -1.678908 0.018795 2.697013
v -1.526770 0.018795 2.697013
v -1.527686 0.018795 2.733714
v -1.679824 0.018795 2.733714
v -1.679824 0.018795 2.885852
v -1.527686 0.018795 2.885852
v -1.526770 0.018795 2.926657
v -1.678908 0.018795 2.926657
v -1.678908 0.018795 3.078795
v -1.526770 0.018795 3.078795
v -1.526770 0.018795 3.113481
v -1.678908 0.018795 3.113481
v -1.678908 0.018795 3.265619
v -1.526770 0.018795 3.265619
v -1.526770 0.018795 3.303785
v -1.678908 0.018795 3.303785
v -1.678908 0.018795 3.455923
v -1.526770 0.018795 3.455923
v -1.713594 0.018795 2.353472
v -1.865732 0.018795 2.353472
v -1.865732 0.018795 2.505610
v -1.713594 0.018795 2.505610
v -1.713594 0.018795 2.544875
v -1.865732 0.018795 2.544875
v -1.865732 0.018795 2.697013
v -1.713594 0.018795 2.697013
v -1.714510 0.018795 2.733714
v -1.866648 0.018795 2.733714
v -1.866648 0.018795 2.885852
v -1.714510 0.018795 2.885852
v -1.713594 0.018795 2.926657
v -1.865732 0.018795 2.926657
v -1.865732 0.018795 3.078795
v -1.713594 0.018795 3.078795
v -1.713594 0.018795 3.113481
v -1.865732 0.018795 3.113481
v -1.865732 0.018795 3.265619
v -1.713594 0.018795 3.265619
v -1.713594 0.018795 3.303785
v -1.865732 0.018795 3.303785
v -1.865732 0.018795 3.455923
v -1.713594 0.018795 3.455923
v -1.903532 0.018795 2.353472
v -2.055670 0.018795 2.353472
v -2.055670 0.018795 2.505610
v -1.903532 0.018795 2.505610
v -1.903532 0.018795 2.544875
v -2.055670 0.018795 2.544875
v -2.055670 0.018795 2.697013
v -1.903532 0.018795 2.697013
v -1.904448 0.018795 2.733714
v -2.056586 0.018795 2.733714
v -2.056586 0.018795 2.885852
v -1.904448 0.018795 2.885852
v -1.903532 0.018795 2.926657
v -2.055670 0.018795 2.926657
v -2.055670 0.018795 3.078795
v -1.903532 0.018795 3.078795
v -1.903532 0.018795 3.113481
v -2.055670 0.018795 3.113481
v -2.055670 0.018795 3.265619
v -1.903532 0.018795 3.265619
v -1.903532 0.018795 3.303785
v -2.055670 0.018795 3.303785
v -2.055670 0.018795 3.455923
v -1.903532 0.018795 3.455923
v -1.274557 0.018795 2.030743
v -1.426696 0.018795 2.030743
v -1.426696 0.018795 2.182881
v -1.274557 0.018795 2.182881
v -0.708646 0.018795 2.030743
v -0.860784 0.018795 2.030743
v -0.860784 0.018795 2.182881
v -0.708646 0.018795 2.182881
v -0.898590 0.018795 2.030743
v -1.050729 0.018795 2.030743
v -1.050729 0.018795 2.182881
v -0.898590 0.018795 2.182881
v -1.084613 0.018795 2.030743
v -1.236751 0.018795 2.030743
v -1.236751 0.018795 2.182881
v -1.084613 0.018795 2.182881
v -1.274557 0.018795 1.652515
v -1.426696 0.018795 1.652515
v -1.426696 0.018795 1.804654
v -1.274557 0.018795 1.804654
v -0.708646 0.018795 1.652515
v -0.860784 0.018795 1.652515
v -0.860784 0.018795 1.804654
v -0.708646 0.018795 1.804654
v -0.898590 0.018795 1.652515
v -1.050729 0.018795 1.652515
v -1.050729 0.018795 1.804654
v -0.898590 0.018795 1.804654
v -1.084613 0.018795 1.652515
v -1.236751 0.018795 1.652515
v -1.236751 0.018795 1.804654
v -1.084613 0.018795 1.804654
v -1.274557 0.018795 1.841537
v -1.426696 0.018795 1.841537
v -1.426696 0.018795 1.993676
v -1.274557 0.018795 1.993676
v -0.708646 0.018795 1.841537
v -0.860784 0.018795 1.841537
v -0.860784 0.018795 1.993676
v -0.708646 0.018795 1.993676
v -0.898590 0.018795 1.841537
v -1.050729 0.018795 1.841537
v -1.050729 0.018795 1.993676
v -0.898590 0.018795 1.993676
v -1.084613 0.018795 1.841537
v -1.236751 0.018795 1.841537
v -1.236751 0.018795 1.993676
v -1.084613 0.018795 1.993676
v -1.903348 0.018795 1.843003
v -2.055487 0.018795 1.843003
v -2.055487 0.018795 1.995141
v -1.903348 0.018795 1.995141
v -1.527382 0.018795 1.843003
v -1.679520 0.018795 1.843003
v -1.679520 0.018795 1.995141
v -1.527382 0.018795 1.995141
v -1.713404 0.018795 1.843003
v -1.865543 0.018795 1.843003
v -1.865543 0.018795 1.995141
v -1.713404 0.018795 1.995141
v -1.903348 0.018795 1.653248
v -2.055487 0.018795 1.653248
v -2.055487 0.018795 1.805387
v -1.903348 0.018795 1.805387
v -1.527382 0.018795 1.653248
v -1.679520 0.018795 1.653248
v -1.679520 0.018795 1.805387
v -1.527382 0.018795 1.805387
v -1.713404 0.018795 1.653248
v -1.865543 0.018795 1.653248
v -1.865543 0.018795 1.805387
v -1.713404 0.018795 1.805387
v -1.713594 0.018795 2.167767
v -1.865732 0.018795 2.167767
v -1.865732 0.018795 2.319906
v -1.713594 0.018795 2.319906
v -1.902171 0.018795 2.155277
v -2.065863 0.018795 2.155277
v -2.065863 0.018795 2.318969
v -1.902171 0.018795 2.318969
v 1.992294 0.018795 1.650449
v 1.865363 0.018795 1.650449
v 1.865363 0.018795 1.777380
v 1.992294 0.018795 1.777380
v 1.615721 0.018795 1.650449
v 1.488790 0.018795 1.650449
v 1.488790 0.018795 1.777380
v 1.615721 0.018795 1.777380
v 1.376494 0.018795 1.650449
v 1.249563 0.018795 1.650449
v 1.249563 0.018795 1.777380
v 1.376494 0.018795 1.777380
v 1.141242 0.018795 1.650449
v 1.014311 0.018795 1.650449
v 1.014311 0.018795 1.777380
v 1.141242 0.018795 1.777380
v 0.900691 0.018795 1.650449
v 0.773760 0.018795 1.650449
v 0.773760 0.018795 1.777380
v 0.900691 0.018795 1.777380
v 0.661605 0.018795 1.650449
v 0.534674 0.018795 1.650449
v 0.534674 0.018795 1.777380
v 0.661605 0.018795 1.777380
v 0.422379 0.018795 1.650449
v 0.295448 0.018795 1.650449
v 0.295448 0.018795 1.777380
v 0.422379 0.018795 1.777380
v 0.187127 0.018795 1.650449
v 0.060196 0.018795 1.650449
v 0.060196 0.018795 1.777380
v 0.187127 0.018795 1.777380
v -0.053424 0.018795 1.650449
v -0.180356 0.018795 1.650449
v -0.180356 0.018795 1.777380
v -0.053424 0.018795 1.777380
v -0.441475 0.018795 1.650449
v -0.568406 0.018795 1.650449
v -0.568406 0.018795 1.777380
v -0.441475 0.018795 1.777380
v -0.445505 0.018795 2.029914
v -0.572436 0.018795 2.029914
v -0.572436 0.018795 2.156845
v -0.445505 0.018795 2.156845
v -0.445505 0.018795 2.187759
v -0.572436 0.018795 2.187759
v -0.572436 0.018795 2.314690
v -0.445505 0.018795 2.314690
v -0.445505 0.018795 2.343043
v -0.572436 0.018795 2.343043
v -0.572436 0.018795 2.469974
v -0.445505 0.018795 2.469974
v -0.445505 0.018795 2.499387
v -0.572436 0.018795 2.499387
v -0.572436 0.018795 2.626318
v -0.445505 0.018795 2.626318
v -0.445505 0.018795 2.659621
v -0.572436 0.018795 2.659621
v -0.572436 0.018795 2.786552
v -0.445505 0.018795 2.786552
v -0.445505 0.018795 2.817466
v -0.572436 0.018795 2.817466
v -0.572436 0.018795 2.944397
v -0.445505 0.018795 2.944397
v -0.445505 0.018795 2.972750
v -0.572436 0.018795 2.972750
v -0.572436 0.018795 3.099681
v -0.445505 0.018795 3.099681
v -0.445505 0.018795 3.129094
v -0.572436 0.018795 3.129094
v -0.572436 0.018795 3.256025
v -0.445505 0.018795 3.256025
v 1.294167 0.018795 0.832548
v 1.151991 0.018795 0.832548
v 1.151991 0.018795 0.974723
v 1.294167 0.018795 0.974723
v 1.102786 0.018795 0.832548
v 0.960610 0.018795 0.832548
v 0.960610 0.018795 0.974723
v 1.102786 0.018795 0.974723
v 0.912361 0.018795 0.832548
v 0.770186 0.018795 0.832548
v 0.770186 0.018795 0.974723
v 0.912361 0.018795 0.974723
v 1.294167 0.018795 0.594375
v 1.151991 0.018795 0.594375
v 1.151991 0.018795 0.736551
v 1.294167 0.018795 0.736551
v 1.102786 0.018795 0.594375
v 0.960610 0.018795 0.594375
v 0.960610 0.018795 0.736551
v 1.102786 0.018795 0.736551
v 0.912361 0.018795 0.594375
v 0.770186 0.018795 0.594375
v 0.770186 0.018795 0.736551
v 0.912361 0.018795 0.736551
v 1.294167 0.018795 0.362138
v 1.151991 0.018795 0.362138
v 1.151991 0.018795 0.504313
v 1.294167 0.018795 0.504313
v 1.102786 0.018795 0.362138
v 0.960610 0.018795 0.362138
v 0.960610 0.018795 0.504313
v 1.102786 0.018795 0.504313
v 0.912361 0.018795 0.362138
v 0.770186 0.018795 0.362138
v 0.770186 0.018795 0.504313
v 0.912361 0.018795 0.504313
v 0.612259 0.018795 0.832548
v 0.470084 0.018795 0.832548
v 0.470084 0.018795 0.974723
v 0.612259 0.018795 0.974723
v 0.420878 0.018795 0.832548
v 0.278702 0.018795 0.832548
v 0.278702 0.018795 0.974723
v 0.420878 0.018795 0.974723
v 0.230453 0.018795 0.832548
v 0.088278 0.018795 0.832548
v 0.088278 0.018795 0.974723
v 0.230453 0.018795 0.974723
v 0.612259 0.018795 0.594375
v 0.470084 0.018795 0.594375
v 0.470084 0.018795 0.736551
v 0.612259 0.018795 0.736551
v 0.420878 0.018795 0.594375
v 0.278702 0.018795 0.594375
v 0.278702 0.018795 0.736551
v 0.420878 0.018795 0.736551
v 0.230453 0.018795 0.594375
v 0.088278 0.018795 0.594375
v 0.088278 0.018795 0.736551
v 0.230453 0.018795 0.736551
v 0.612259 0.018795 0.362138
v 0.470084 0.018795 0.362138
v 0.470084 0.018795 0.504313
v 0.612259 0.018795 0.504313
v 0.420878 0.018795 0.362138
v 0.278702 0.018795 0.362138
v 0.278702 0.018795 0.504313
v 0.420878 0.018795 0.504313
v 0.230453 0.018795 0.362138
v 0.088278 0.018795 0.362138
v 0.088278 0.018795 0.504313
v 0.230453 0.018795 0.504313
v -0.069466 0.018795 0.832548
v -0.211641 0.018795 0.832548
v -0.211641 0.018795 0.974723
v -0.069466 0.018795 0.974723
v -0.260847 0.018795 0.832548
v -0.403022 0.018795 0.832548
v -0.403022 0.018795 0.974723
v -0.260847 0.018795 0.974723
v -0.451272 0.018795 0.832548
v -0.593447 0.018795 0.832548
v -0.593447 0.018795 0.974723
v -0.451272 0.018795 0.974723
v -0.069466 0.018795 0.594375
v -0.211641 0.018795 0.594375
v -0.211641 0.018795 0.736551
v -0.069466 0.018795 0.736551
v -0.260847 0.018795 0.594375
v -0.403022 0.018795 0.594375
v -0.403022 0.018795 0.736551
v -0.260847 0.018795 0.736551
v -0.451272 0.018795 0.594375
v -0.593447 0.018795 0.594375
v -0.593447 0.018795 0.736551
v -0.451272 0.018795 0.736551
v -0.069466 0.018795 0.362138
v -0.211641 0.018795 0.362138
v -0.211641 0.018795 0.504313
v -0.069466 0.018795 0.504313
v -0.260847 0.018795 0.362138
v -0.403022 0.018795 0.362138
v -0.403022 0.018795 0.504313
v -0.260847 0.018795 0.504313
v -0.451272 0.018795 0.362138
v -0.593447 0.018795 0.362138
v -0.593447 0.018795 0.504313
v -0.451272 0.018795 0.504313
v 0.612259 0.018795 1.066261
v 0.470084 0.018795 1.066261
v 0.470084 0.018795 1.208437
v 0.612259 0.018795 1.208437
v 0.420878 0.018795 1.066261
v 0.278702 0.018795 1.066261
v 0.278702 0.018795 1.208437
v 0.420878 0.018795 1.208437
v 0.230453 0.018795 1.066261
v 0.088278 0.018795 1.066261
v 0.088278 0.018795 1.208437
v 0.230453 0.018795 1.208437
v -0.069466 0.018795 1.066261
v -0.211641 0.018795 1.066261
v -0.211641 0.018795 1.208437
v -0.069466 0.018795 1.208437
v -0.260847 0.018795 1.066261
v -0.403022 0.018795 1.066261
v -0.403022 0.018795 1.208437
v -0.260847 0.018795 1.208437
v -0.451272 0.018795 1.066261
v -0.593447 0.018795 1.066261
v -0.593447 0.018795 1.208437
v -0.451272 0.018795 1.208437
v -0.810901 0.018795 0.362138
v -0.953076 0.018795 0.362138
v -0.953076 0.018795 0.504313
v -0.810901 0.018795 0.504313
v -1.002282 0.018795 0.362138
v -1.144457 0.018795 0.362138
v -1.144457 0.018795 0.504313
v -1.002282 0.018795 0.504313
v -1.192707 0.018795 0.362138
v -1.334882 0.018795 0.362138
v -1.334882 0.018795 0.504313
v -1.192707 0.018795 0.504313
v -1.502333 0.018795 0.362138
v -1.644508 0.018795 0.362138
v -1.644508 0.018795 0.504313
v -1.502333 0.018795 0.504313
v -1.693714 0.018795 0.362138
v -1.835890 0.018795 0.362138
v -1.835890 0.018795 0.504313
v -1.693714 0.018795 0.504313
v -1.884139 0.018795 0.362138
v -2.026314 0.018795 0.362138
v -2.026314 0.018795 0.504313
v -1.884139 0.018795 0.504313
v 2.164880 0.076729 2.967949
v 1.894912 0.076729 2.967949
v 1.894912 0.076729 2.982610
v 2.164880 0.076729 2.982610
v 1.294167 -0.007563 0.504313
v 1.294167 -0.007563 0.362138
v -1.865732 -0.007563 3.113481
v -1.865732 -0.007563 3.265619
v 1.151991 -0.007563 0.362138
v -1.713594 -0.007563 3.265619
v 1.151991 -0.007563 0.504313
v -1.713594 -0.007563 3.455923
v -1.713594 -0.007563 3.303785
v -1.865732 -0.007563 3.303785
v 1.102786 -0.018423 0.504314
v 1.102786 -0.007563 0.362138
v -1.865732 -0.007563 3.455923
v 0.960610 -0.007563 0.362138
v 0.960610 -0.007563 0.504313
v -1.903532 -0.007563 2.505610
v -1.903532 -0.007563 2.353472
v -2.055670 -0.007563 2.353472
v 0.912361 -0.007563 0.504313
v 0.912361 -0.007563 0.362138
v -2.055670 -0.007563 2.505610
v 0.770186 -0.007563 0.362138
v 0.770186 -0.007563 0.504313
v -1.903532 -0.007563 2.697013
v -1.903532 -0.007563 2.544875
v -2.055670 -0.007563 2.544875
v 0.612259 -0.007563 0.974723
v 0.612259 -0.007563 0.832548
v -2.055670 -0.007563 2.697013
v 0.470084 -0.007563 0.832548
v 0.470084 -0.007563 0.974723
v -1.904448 -0.007563 2.885852
v -1.904448 -0.007563 2.733714
v -2.056586 -0.007563 2.733714
v 0.420878 -0.007563 0.974723
v 0.420878 -0.007563 0.832548
v -2.056586 -0.007563 2.885852
v 0.278702 -0.007563 0.832548
v 0.278702 -0.007563 0.974723
v -1.903532 -0.007563 3.078795
v -1.903532 -0.007563 2.926657
v -2.055670 -0.007563 2.926657
v 0.230453 -0.007563 0.974723
v 0.230453 -0.007563 0.832548
v -2.055670 -0.007563 3.078795
v 0.088278 -0.007563 0.832548
v 0.088278 -0.007563 0.974723
v -1.903532 -0.007563 3.265619
v -1.903532 -0.007563 3.113481
v -2.055670 -0.007563 3.113481
v 0.612259 -0.007563 0.736551
v 0.612259 -0.007563 0.594375
v -2.055670 -0.007563 3.265619
v 0.470084 -0.007563 0.594375
v 0.470084 -0.007563 0.736551
v -1.903532 -0.007563 3.455923
v -1.903532 -0.007563 3.303785
v -2.055670 -0.007563 3.303785
v 0.420878 -0.007563 0.736551
v 0.420878 -0.007563 0.594375
v -2.055670 -0.007563 3.455923
v 0.278702 -0.007563 0.594375
v 0.278702 -0.007563 0.736551
v -1.274557 -0.007563 2.182881
v -1.274557 -0.007563 2.030743
v -1.426696 -0.007563 2.030743
v 0.230453 -0.007563 0.736551
v 0.230453 -0.007563 0.594375
v -1.426696 -0.007563 2.182881
v 0.088278 -0.007563 0.594375
v 0.088278 -0.007563 0.736551
v -0.708646 -0.007563 2.182881
v -0.708646 -0.007563 2.030743
v -0.860784 -0.007563 2.030743
v 0.612259 -0.007563 0.504313
v 0.612259 -0.007563 0.362138
v -0.860784 -0.007563 2.182881
v 0.470084 -0.007563 0.362138
v 0.470084 -0.007563 0.504313
v -0.898590 -0.007563 2.182881
v -0.898590 -0.007563 2.030743
v -1.050729 -0.007563 2.030743
v 0.420878 -0.007563 0.504313
v 0.420878 -0.007563 0.362138
v -1.050729 -0.007563 2.182881
v 0.278702 -0.007563 0.362138
v 0.278702 -0.007563 0.504313
v -1.084613 -0.007563 2.182881
v -1.084613 -0.007563 2.030743
v -1.236751 -0.007563 2.030743
v 0.230453 -0.007563 0.504313
v 0.230453 -0.007563 0.362138
v -1.236751 -0.007563 2.182881
v 0.088278 -0.007563 0.362138
v 0.088278 -0.007563 0.504313
v -1.274557 -0.007563 1.804654
v -1.274557 -0.007563 1.652515
v -1.426696 -0.007563 1.652515
v -0.069466 -0.007563 0.974723
v -0.069466 -0.007563 0.832548
v -1.426696 -0.007563 1.804654
v -0.211641 -0.007563 0.832548
v -0.211641 -0.007563 0.974723
v -0.708646 -0.007563 1.804654
v -0.708646 -0.007563 1.652515
v -0.860784 -0.007563 1.652515
v -0.260847 -0.007563 0.974723
v -0.260847 -0.007563 0.832548
v -0.860784 -0.007563 1.804654
v -0.403022 -0.007563 0.832548
v -0.403022 -0.007563 0.974723
v -0.898590 -0.007563 1.804654
v -0.898590 -0.007563 1.652515
v -1.050729 -0.007563 1.652515
v -0.451272 -0.007563 0.974723
v -0.451272 -0.007563 0.832548
v -1.050729 -0.007563 1.804654
v -0.593447 -0.007563 0.832548
v -0.593447 -0.007563 0.974723
v -1.084613 -0.007563 1.804654
v -1.084613 -0.007563 1.652515
v -1.236751 -0.007563 1.652515
v -0.069466 -0.007563 0.736551
v -0.069466 -0.007563 0.594375
v -1.236751 -0.007563 1.804654
v -0.211641 -0.007563 0.594375
v -0.211641 -0.007563 0.736551
v -1.236751 -0.007563 1.841537
v -1.236751 -0.007563 1.993676
v -1.084613 -0.007563 1.993676
v -0.260847 -0.007563 0.736551
v -0.260847 -0.007563 0.594375
v -1.084613 -0.007563 1.841537
v -0.403022 -0.007563 0.594375
v -0.403022 -0.007563 0.736551
v -1.050729 -0.007563 1.841537
v -1.050729 -0.007563 1.993676
v -0.898590 -0.007563 1.993676
v -0.451272 -0.007563 0.736551
v -0.451272 -0.007563 0.594375
v -0.898590 -0.007563 1.841537
v -1.274557 -0.007563 2.505610
v -1.274557 -0.007563 2.353472
v -0.593447 -0.007563 0.594375
v -1.426696 -0.007563 2.353472
v -0.593447 -0.007563 0.736551
v -0.860784 -0.007563 1.841537
v -0.860784 -0.007563 1.993676
v -1.426696 -0.007563 2.505610
v -0.708646 -0.007563 1.993676
v -0.069466 -0.007563 0.504313
v -0.069466 -0.007563 0.362138
v -0.708646 -0.007563 1.841537
v -0.708646 -0.007563 2.505610
v -0.708646 -0.007563 2.353472
v -0.211641 -0.007563 0.362138
v -0.860784 -0.007563 2.353472
v -0.211641 -0.007563 0.504313
v -1.426696 -0.007563 1.841537
v -1.426696 -0.007563 1.993676
v -0.860784 -0.007563 2.505610
v -1.274557 -0.007563 1.993676
v -0.260847 -0.007563 0.504313
v -0.260847 -0.007563 0.362138
v -1.274557 -0.007563 1.841537
v -0.898590 -0.007563 2.505610
v -0.898590 -0.007563 2.353472
v -0.403022 -0.007563 0.362138
v -1.050729 -0.007563 2.353472
v -0.403022 -0.007563 0.504313
v -1.903348 -0.007563 1.995141
v -1.903348 -0.007563 1.843003
v -1.050729 -0.007563 2.505610
v -2.055487 -0.007563 1.843003
v -0.451272 -0.007563 0.504314
v -0.451272 -0.007563 0.362138
v -2.055487 -0.007563 1.995141
v -1.084613 -0.007563 2.505610
v -1.084613 -0.007563 2.353472
v -0.593447 -0.007563 0.362138
v -1.236751 -0.007563 2.353472
v -0.593447 -0.007563 0.504313
v -1.527382 -0.007563 1.995141
v -1.527382 -0.007563 1.843003
v -1.236751 -0.007563 2.505610
v -1.679520 -0.007563 1.843003
v 0.612259 -0.007563 1.208437
v 0.612259 -0.007563 1.066261
v -1.679520 -0.007563 1.995141
v -1.274557 -0.007563 2.697013
v -1.274557 -0.007563 2.544875
v 0.470084 -0.007563 1.066261
v -1.426696 -0.007563 2.544875
v 0.470084 -0.007563 1.208437
v -1.713404 -0.007563 1.995141
v -1.713404 -0.007563 1.843003
v -1.426696 -0.007563 2.697013
v -1.865543 -0.007563 1.843003
v 0.420878 -0.007563 1.208437
v 0.420878 -0.007563 1.066261
v -1.865543 -0.007563 1.995141
v -0.708646 -0.007563 2.697013
v -0.708646 -0.007563 2.544875
v 0.278702 -0.007563 1.066261
v -0.860784 -0.007563 2.544875
v 0.278702 -0.007563 1.208437
v -1.903348 -0.007563 1.805387
v -1.903348 -0.007563 1.653248
v -0.860784 -0.007563 2.697013
v -2.055487 -0.007563 1.653248
v 0.230453 -0.007563 1.208437
v 0.230453 -0.007563 1.066261
v -2.055487 -0.007563 1.805387
v -0.898590 -0.007563 2.697013
v -0.898590 -0.007563 2.544875
v 0.088278 -0.007563 1.066261
v -1.050729 -0.007563 2.544875
v 0.088278 -0.007563 1.208437
v -1.527382 -0.007563 1.805387
v -1.527382 -0.007563 1.653248
v -1.050729 -0.007563 2.697013
v -1.679520 -0.007563 1.653248
v -0.069466 -0.007563 1.208437
v -0.069466 -0.007563 1.066261
v -1.679520 -0.007563 1.805387
v -1.084613 -0.007563 2.697013
v -1.084613 -0.007563 2.544875
v -0.211641 -0.007563 1.066261
v -1.236751 -0.007563 2.544875
v -0.211641 -0.007563 1.208437
v -1.713404 -0.007563 1.805387
v -1.713404 -0.007563 1.653248
v -1.236751 -0.007563 2.697013
v -1.865543 -0.007563 1.653248
v -0.260847 -0.007563 1.208437
v -0.260847 -0.007563 1.066261
v -1.865543 -0.007563 1.805387
v -1.275473 -0.007563 2.885852
v -1.275473 -0.007563 2.733714
v -0.403022 -0.007563 1.066261
v -1.427612 -0.007563 2.733714
v -0.403022 -0.007563 1.208437
v -1.713594 -0.007563 2.319906
v -1.713594 -0.007563 2.167767
v -1.427612 -0.007563 2.885852
v -1.865732 -0.007563 2.167767
v -0.451272 -0.018423 1.208437
v -0.451272 -0.007563 1.066261
v -1.865732 -0.007563 2.319906
v -0.709562 -0.007563 2.885852
v -0.709562 -0.007563 2.733714
v -0.593447 -0.007563 1.066261
v -0.861700 -0.007563 2.733714
v -0.593447 -0.007563 1.208437
v -1.902171 -0.007563 2.318969
v -1.902171 -0.007563 2.155277
v -0.861700 -0.007563 2.885852
v -2.065863 -0.007563 2.155277
v -0.810901 -0.007563 0.504313
v -0.810901 -0.007563 0.362138
v -2.065863 -0.007563 2.318969
v -0.899506 -0.007563 2.885852
v -0.899506 -0.007563 2.733714
v -0.953076 -0.007563 0.362138
v -1.051645 -0.007563 2.733714
v -0.953076 -0.007563 0.504313
v 1.992294 -0.007563 1.777380
v 1.992294 -0.007563 1.650449
v -1.051645 -0.007563 2.885852
v 1.865363 -0.007563 1.650449
v -1.002282 -0.007563 0.504313
v -1.002282 -0.007563 0.362138
v 1.865363 -0.007563 1.777380
v -1.085529 -0.007563 2.885852
v -1.085529 -0.007563 2.733714
v -1.144457 -0.007563 0.362138
v -1.237667 -0.007563 2.733714
v -1.144457 -0.007563 0.504313
v 1.615721 -0.007563 1.777380
v 1.615721 -0.007563 1.650449
v -1.237667 -0.007563 2.885852
v 1.488790 -0.007563 1.650449
v -1.192707 -0.007563 0.504313
v -1.192707 -0.007563 0.362138
v 1.488790 -0.007563 1.777380
v -1.274557 -0.007563 3.078795
v -1.274557 -0.007563 2.926657
v -1.334882 -0.007563 0.362138
v -1.426696 -0.007563 2.926657
v -1.334882 -0.007563 0.504313
v 1.376494 -0.007563 1.777380
v 1.376494 -0.007563 1.650449
v -1.426696 -0.007563 3.078795
v 1.249563 -0.007563 1.650449
v -1.502333 -0.007563 0.504313
v -1.502333 -0.007563 0.362138
v 1.249563 -0.007563 1.777380
v -0.708646 -0.007563 3.078795
v -0.708646 -0.007563 2.926657
v -1.644508 -0.007563 0.362138
v -0.860784 -0.007563 2.926657
v -1.644508 -0.007563 0.504313
v 1.141242 -0.007563 1.777380
v 1.141242 -0.007563 1.650449
v -0.860784 -0.007563 3.078795
v 1.014311 -0.007563 1.650449
v -1.693714 -0.007563 0.504313
v -1.693714 -0.007563 0.362138
v 1.014311 -0.007563 1.777380
v -0.898590 -0.007563 3.078795
v -0.898590 -0.007563 2.926657
v -1.835890 -0.007563 0.362138
v -1.050729 -0.007563 2.926657
v -1.835890 -0.007563 0.504313
v 0.900691 -0.007563 1.777380
v 0.900691 -0.007563 1.650449
v -1.050729 -0.007563 3.078795
v 0.773760 -0.007563 1.650449
v -1.884139 -0.007563 0.504313
v -1.884139 -0.007563 0.362138
v 0.773760 -0.007563 1.777380
v -1.084613 -0.007563 3.078795
v -1.084613 -0.007563 2.926657
v -2.026314 -0.007563 0.362138
v -1.236751 -0.007563 2.926657
v -2.026314 -0.007563 0.504313
v 0.661605 -0.007563 1.777380
v 0.661605 -0.007563 1.650449
v -1.236751 -0.007563 3.078795
v 0.534674 -0.007563 1.650449
v 0.534674 -0.007563 1.777380
v -1.274557 -0.007563 3.265619
v -1.274557 -0.007563 3.113481
v -1.426696 -0.007563 3.113481
v 0.422379 -0.007563 1.777380
v 0.422379 -0.007563 1.650449
v -1.426696 -0.007563 3.265619
v 0.295448 -0.007563 1.650449
v 0.295448 -0.007563 1.777380
v -0.708646 -0.007563 3.265619
v -0.708646 -0.007563 3.113481
v -0.860784 -0.007563 3.113481
v 0.187127 -0.007563 1.777380
v 0.187127 -0.007563 1.650449
v -0.860784 -0.007563 3.265619
v 0.060196 -0.007563 1.650449
v 0.060196 -0.007563 1.777380
v -0.898590 -0.007563 3.265619
v -0.898590 -0.007563 3.113481
v -1.050729 -0.007563 3.113481
v -0.053424 -0.007563 1.777380
v -0.053424 -0.007563 1.650449
v -1.050729 -0.007563 3.265619
v -0.180356 -0.007563 1.650449
v -0.180356 -0.007563 1.777380
v -1.084613 -0.007563 3.265619
v -1.084613 -0.007563 3.113481
v -1.236751 -0.007563 3.113481
v -0.441475 -0.007563 1.777380
v -0.441475 -0.007563 1.650449
v -1.236751 -0.007563 3.265619
v -0.568406 -0.007563 1.650449
v -1.811177 0.000000 0.275627
v -1.811177 0.007857 0.275627
v -1.105729 0.007857 0.275627
v -1.105729 0.000000 0.275627
v -0.568406 -0.007563 1.777380
v -1.274557 -0.007563 3.455923
v -1.274557 -0.007563 3.303785
v -1.426696 -0.007563 3.303785
v 1.805434 0.000000 1.337648
v 1.805434 0.007857 1.337648
v -1.105729 0.007857 1.337648
v -1.105729 0.000000 1.337648
v -0.445505 -0.007563 2.156845
v -0.445505 -0.007563 2.029914
v -1.426696 -0.007563 3.455923
v -0.572436 -0.007563 2.029914
v 2.208589 0.076729 2.322404
v 2.208589 -0.007563 2.322404
v 2.208589 -0.007563 2.293081
v 2.208589 0.076729 2.293081
v -0.572436 -0.007563 2.156845
v -0.708646 -0.007563 3.455923
v -0.708646 -0.007563 3.303785
v 2.164880 0.076729 2.293081
v 2.164880 -0.007563 2.293081
v 1.894912 -0.007563 2.293081
v 1.894912 0.076729 2.293081
v -0.860784 -0.007563 3.303785
v 1.894912 -0.007563 2.967949
v 1.894912 -0.007563 2.982610
v -0.445505 -0.007563 2.314690
v -0.445505 -0.007563 2.187759
v -0.860784 -0.007563 3.455923
v -0.572436 -0.007563 2.187759
v -0.572436 -0.007563 2.314690
v -0.898590 -0.007563 3.455923
v -0.898590 -0.007563 3.303785
v -1.050729 -0.007563 3.303785
v -0.445505 -0.007563 2.469974
v -0.445505 -0.007563 2.343043
v -1.050729 -0.007563 3.455923
v -0.572436 -0.007563 2.343043
v -0.572436 -0.007563 2.469974
v -1.084613 -0.007563 3.455923
v -1.084613 -0.007563 3.303785
v -1.236751 -0.007563 3.303785
v -0.445505 -0.007563 2.626318
v -0.445505 -0.007563 2.499387
v -1.236751 -0.007563 3.455923
v -0.572436 -0.007563 2.499387
v -0.572436 -0.007563 2.626318
v -1.526770 -0.007563 2.505610
v -1.526770 -0.007563 2.353472
v -1.678908 -0.007563 2.353472
v -0.445505 -0.007563 2.786552
v -0.445505 -0.007563 2.659621
v -1.678908 -0.007563 2.505610
v -0.572436 -0.007563 2.659621
v -0.572436 -0.007563 2.786552
v -1.526770 -0.007563 2.697013
v -1.526770 -0.007563 2.544875
v -1.678908 -0.007563 2.544875
v -0.445505 -0.007563 2.944397
v -0.445505 -0.007563 2.817466
v -1.678908 -0.007563 2.697013
v -0.572436 -0.007563 2.817466
v -0.572436 -0.007563 2.944397
v -1.527686 -0.007563 2.885852
v -1.527686 -0.007563 2.733714
v -1.679824 -0.007563 2.733714
v -0.445505 -0.007563 3.099681
v -0.445505 -0.007563 2.972750
v -1.679824 -0.007563 2.885852
v -0.572436 -0.007563 2.972750
v -0.572436 -0.007563 3.099681
v -1.526770 -0.007563 3.078795
v -1.526770 -0.007563 2.926657
v -1.678908 -0.007563 2.926657
v -0.445505 -0.007563 3.256025
v -0.445505 -0.007563 3.129094
v -1.678908 -0.007563 3.078795
v -0.572436 -0.007563 3.129094
v -0.572436 -0.007563 3.256025
v -1.526770 -0.007563 3.265619
v -1.526770 -0.007563 3.113481
v -1.678908 -0.007563 3.113481
v 1.294167 -0.007563 0.974723
v 1.294167 -0.007563 0.832548
v -1.678908 -0.007563 3.265619
v 1.151991 -0.007563 0.832548
v 1.151991 -0.007563 0.974723
v -1.526770 -0.007563 3.455923
v -1.526770 -0.007563 3.303785
v -1.678908 -0.007563 3.303785
v 1.102786 -0.007563 0.974723
v 1.102786 -0.007563 0.832548
v -1.678908 -0.007563 3.455923
v 0.960610 -0.007563 0.832548
v 0.960610 -0.007563 0.974723
v -1.713594 -0.007563 2.505610
v -1.713594 -0.007563 2.353472
v -1.865732 -0.007563 2.353472
v 0.912361 -0.007563 0.974723
v 0.912361 -0.007563 0.832548
v -1.865732 -0.007563 2.505610
v 0.770186 -0.007563 0.832548
v 0.770186 -0.007563 0.974723
v -1.713594 -0.007563 2.697013
v -1.713594 -0.007563 2.544875
v -1.865732 -0.007563 2.544875
v 1.294167 -0.007563 0.736551
v 1.294167 -0.007563 0.594375
v -1.865732 -0.007563 2.697013
v 1.151991 -0.007563 0.594375
v 1.151991 -0.007563 0.736551
v -1.714510 -0.007563 2.885852
v -1.714510 -0.007563 2.733714
v -1.866648 -0.007563 2.733714
v 1.102786 -0.007563 0.736551
v 1.102786 -0.007563 0.594375
v -1.866648 -0.007563 2.885852
v 0.960610 -0.007563 0.594375
v 0.960610 -0.007563 0.736551
v -1.713594 -0.007563 3.078795
v -1.713594 -0.007563 2.926657
v -1.865732 -0.007563 2.926657
v 0.912361 -0.007563 0.736551
v 0.912361 -0.007563 0.594375
v -1.865732 -0.007563 3.078795
v 0.770186 -0.007563 0.594375
v 0.770186 -0.007563 0.736551
v -1.713594 -0.007563 3.113481
v 1.805434 0.007857 0.971813
v -1.105729 0.007857 0.971813
v 0.368365 0.018795 1.219664
v 0.331029 0.018795 1.219664
v 0.331029 0.018795 1.257000
v 0.368365 0.018795 1.257000
v 0.368365 -0.007563 1.257000
v 0.368365 -0.007563 1.219664
v 0.331029 -0.007563 1.219664
v 0.331029 -0.007563 1.257000
v 0.368365 0.018795 0.515775
v 0.331029 0.018795 0.515775
v 0.331029 0.018795 0.553112
v 0.368365 0.018795 0.553112
v 0.368365 -0.007563 0.553112
v 0.368365 -0.007563 0.515775
v 0.331029 -0.007563 0.515775
v 0.331029 -0.007563 0.553112
v 2.135936 0.000000 1.337648
v 2.135936 0.007857 1.337648
v 2.135936 0.007857 0.971813
v 2.135936 0.007857 0.275627
v 1.805434 0.007857 0.275627
v 1.919785 -0.336309 0.110579
v 1.919785 -0.033338 0.110579
v 1.919785 -0.002538 0.147939
v 1.919785 -0.000641 0.159293
v 1.919785 0.000000 0.171100
v 1.805434 0.000000 0.275627
v 1.919785 -0.005618 0.137476
v 1.919785 -0.014816 0.120779
v 1.919785 -0.009764 0.128305
v 1.919785 -0.020580 0.115186
v 1.919785 -0.026834 0.111742
v 2.135936 0.000000 0.275627
v -1.175763 -0.336309 0.110579
v -2.135936 0.000000 1.337648
v -2.135936 0.007857 1.337648
v -1.811177 0.007857 0.971813
v 2.135936 0.000000 0.971813
v -1.175763 -0.033338 0.110579
v -1.175763 0.000000 0.171100
v -1.175763 -0.000641 0.159293
v -1.175763 -0.002538 0.147939
v -1.175763 -0.005618 0.137476
v -1.175763 -0.009764 0.128305
v -1.175763 -0.014816 0.120779
v -1.175763 -0.020580 0.115186
v -1.175763 -0.026834 0.111742
v -1.811177 0.000000 1.337648
v -1.811177 0.007857 1.337648
v 1.884625 0.124623 1.090864
v 1.860041 0.124623 1.104005
v 1.849809 0.136016 1.194759
v 1.833366 0.124623 1.112096
v 1.805625 0.136016 1.205172
v 1.761441 0.136016 1.194759
v 1.716636 0.136016 1.187471
v 1.679800 0.136016 1.160942
v 1.641194 0.136016 1.137062
v 1.617315 0.136016 1.098457
v 1.590786 0.136016 1.061621
v 1.583498 0.136016 1.016816
v 1.573085 0.136016 0.972632
v 1.583498 0.136016 0.928448
v 1.590786 0.136016 0.883643
v 1.617315 0.136016 0.846807
v 1.641194 0.136016 0.808201
v 1.679800 0.136016 0.784322
v 1.716636 0.136016 0.757793
v 1.761441 0.136016 0.750505
v 1.805625 0.136016 0.740092
v 1.849809 0.136016 0.750505
v 1.894614 0.136016 0.757793
v 1.931450 0.136016 0.784322
v 1.970055 0.136016 0.808201
v 1.993935 0.136016 0.846807
v 2.020464 0.136016 0.883643
v 2.027752 0.136016 0.928448
v 2.038165 0.136016 0.972632
v 2.027752 0.136016 1.016816
v 1.805625 0.124623 1.114829
v 1.906173 0.124623 1.073180
v 1.923857 0.124623 1.051632
v 1.936997 0.124623 1.027048
v 1.945090 0.124623 1.000373
v 1.947822 0.124623 0.972632
v 1.945090 0.124623 0.944891
v 1.936998 0.124623 0.918216
v 1.923857 0.124623 0.893632
v 1.906173 0.124623 0.872084
v 1.884625 0.124623 0.854399
v 1.860041 0.124623 0.841259
v 1.833366 0.124623 0.833167
v 1.805625 0.124623 0.830435
v 1.777884 0.124623 0.833167
v 1.751209 0.124623 0.841259
v 1.726624 0.124623 0.854399
v 1.705076 0.124623 0.872084
v 1.687393 0.124623 0.893631
v 1.674252 0.124623 0.918215
v 1.666160 0.124623 0.944891
v 1.663428 0.124623 0.972632
v 1.666160 0.124623 1.000373
v 1.674252 0.124623 1.027048
v 1.687393 0.124623 1.051632
v 1.705076 0.124623 1.073180
v 1.726624 0.124623 1.090864
v 1.751209 0.124623 1.104005
v 1.777884 0.124623 1.112096
v 1.805625 -0.017822 1.114829
v 1.777884 -0.017822 1.112096
v 1.751209 -0.017822 1.104005
v 1.726624 -0.017822 1.090864
v 1.705076 -0.017822 1.073180
v 1.687393 -0.017822 1.051632
v 1.674252 -0.017822 1.027048
v 1.666160 -0.017822 1.000373
v 1.663428 -0.017822 0.972632
v 1.666160 -0.017822 0.944891
v 1.674252 -0.017822 0.918215
v 1.687393 -0.017822 0.893631
v 1.705076 -0.017822 0.872084
v 1.726624 -0.017822 0.854399
v 1.751209 -0.017822 0.841259
v 1.777884 -0.017822 0.833167
v 1.805625 -0.017822 0.830435
v 1.833366 -0.017822 0.833167
v 1.860041 -0.017822 0.841259
v 1.884625 -0.017822 0.854399
v 1.906173 -0.017822 0.872084
v 1.923857 -0.017822 0.893632
v 1.936998 -0.017822 0.918216
v 1.945090 -0.017822 0.944891
v 1.947822 -0.017822 0.972632
v 1.945090 -0.017822 1.000373
v 1.936997 -0.017822 1.027048
v 1.923857 -0.017822 1.051632
v 1.906173 -0.017822 1.073180
v 1.884625 -0.017822 1.090864
v 1.833366 -0.017822 1.112096
v 1.860041 -0.017822 1.104005
v 2.129618 0.000000 3.523302
v 2.129618 0.000000 1.559436
v 2.129618 0.008690 1.559436
v 2.129618 0.008690 3.523302
v 1.894912 -0.007563 2.322404
v 1.894912 0.076729 2.322404
v 1.894912 -0.007563 2.953287
v 1.894912 0.076729 2.953287
v 2.208589 0.076729 2.982610
v 2.208589 -0.007563 2.982610
v 2.208589 -0.007563 2.953287
v 2.208589 0.076729 2.953287
v 2.208539 0.076729 2.322404
v 2.199006 0.042300 2.322404
v 2.199006 -0.007563 2.322404
v 2.164880 0.076729 2.322404
v 2.164880 0.076729 2.953287
v 2.164880 0.076729 2.953287
v 2.199006 0.042300 2.953287
v 2.199006 -0.007563 2.953287
v 2.164880 -0.007563 2.982610
v 2.208539 0.076729 2.953287
v 2.164880 0.076729 2.322404
v 2.171538 0.076067 2.322404
v 2.177940 0.074108 2.322404
v 2.183840 0.070927 2.322404
v 2.189011 0.066645 2.322404
v 2.193255 0.061428 2.322404
v 2.196409 0.055476 2.322404
v 2.198351 0.049017 2.322404
v 2.198351 0.049017 2.953287
v 2.196409 0.055476 2.953287
v 2.193255 0.061428 2.953287
v 2.189011 0.066645 2.953287
v 2.183840 0.070927 2.953287
v 2.177940 0.074108 2.953287
v 2.171538 0.076067 2.953287
v 0.562793 0.018795 1.219664
v 0.525457 0.018795 1.219664
v 0.525457 0.018795 1.257000
v 0.562793 0.018795 1.257000
v 0.562793 -0.007563 1.257000
v 0.562793 -0.007563 1.219664
v 0.525457 -0.007563 1.219664
v 0.525457 -0.007563 1.257000
v 0.185519 0.018795 1.220746
v 0.148183 0.018795 1.220746
v 0.148183 0.018795 1.258083
v 0.185519 0.018795 1.258083
v 0.185519 -0.007563 1.258083
v 0.185519 -0.007563 1.220746
v 0.148183 -0.007563 1.220746
v 0.148183 -0.007563 1.258083
v 0.368365 0.018795 0.987887
v 0.331029 0.018795 0.987887
v 0.331029 0.018795 1.025224
v 0.368365 0.018795 1.025224
v 0.368365 -0.007563 1.025224
v 0.368365 -0.007563 0.987887
v 0.331029 -0.007563 0.987887
v 0.331029 -0.007563 1.025224
v 0.562793 0.018795 0.987887
v 0.525457 0.018795 0.987887
v 0.525457 0.018795 1.025224
v 0.562793 0.018795 1.025224
v 0.562793 -0.007563 1.025224
v 0.562793 -0.007563 0.987887
v 0.525457 -0.007563 0.987887
v 0.525457 -0.007563 1.025224
v 0.185519 0.018795 0.988970
v 0.148183 0.018795 0.988970
v 0.148183 0.018795 1.026306
v 0.185519 0.018795 1.026306
v 0.185519 -0.007563 1.026306
v 0.185519 -0.007563 0.988970
v 0.148183 -0.007563 0.988970
v 0.148183 -0.007563 1.026306
v 0.368365 0.018795 0.750686
v 0.331029 0.018795 0.750686
v 0.331029 0.018795 0.788022
v 0.368365 0.018795 0.788022
v 0.368365 -0.007563 0.788022
v 0.368365 -0.007563 0.750686
v 0.331029 -0.007563 0.750686
v 0.331029 -0.007563 0.788022
v 0.562793 0.018795 0.750686
v 0.525457 0.018795 0.750686
v 0.525457 0.018795 0.788022
v 0.562793 0.018795 0.788022
v 0.562793 -0.007563 0.788022
v 0.562793 -0.007563 0.750686
v 0.525457 -0.007563 0.750686
v 0.525457 -0.007563 0.788022
v 0.185519 0.018795 0.751768
v 0.148183 0.018795 0.751768
v 0.148183 0.018795 0.789105
v 0.185519 0.018795 0.789105
v 0.185519 -0.007563 0.789105
v 0.185519 -0.007563 0.751768
v 0.148183 -0.007563 0.751768
v 0.148183 -0.007563 0.789105
v 0.562793 0.018795 0.514794
v 0.525457 0.018795 0.514794
v 0.525457 0.018795 0.552130
v 0.562793 0.018795 0.552130
v 0.562793 -0.007563 0.552130
v 0.562793 -0.007563 0.514794
v 0.525457 -0.007563 0.514794
v 0.525457 -0.007563 0.552130
v 0.185519 0.018795 0.515877
v 0.148183 0.018795 0.515877
v 0.148183 0.018795 0.553213
v 0.185519 0.018795 0.553213
v 0.185519 -0.007563 0.553213
v 0.185519 -0.007563 0.515877
v 0.148183 -0.007563 0.515877
v 0.148183 -0.007563 0.553213
v 1.045578 0.018795 0.515775
v 1.008242 0.018795 0.515775
v 1.008242 0.018795 0.553112
v 1.045578 0.018795 0.553112
v 1.045578 -0.007563 0.553112
v 1.045578 -0.007563 0.515775
v 1.008242 -0.007563 0.515775
v 1.008242 -0.007563 0.553112
v 1.045578 0.018795 0.987887
v 1.008242 0.018795 0.987887
v 1.008242 0.018795 1.025224
v 1.045578 0.018795 1.025224
v 1.045578 -0.007563 1.025224
v 1.045578 -0.007563 0.987887
v 1.008242 -0.007563 0.987887
v 1.008242 -0.007563 1.025224
v 1.240007 0.018795 0.987887
v 1.202671 0.018795 0.987887
v 1.202671 0.018795 1.025224
v 1.240007 0.018795 1.025224
v 1.240007 -0.007563 1.025224
v 1.240007 -0.007563 0.987887
v 1.202671 -0.007563 0.987887
v 1.202671 -0.007563 1.025224
v 0.862733 0.018795 0.988970
v 0.825397 0.018795 0.988970
v 0.825397 0.018795 1.026306
v 0.862733 0.018795 1.026306
v 0.862733 -0.007563 1.026306
v 0.862733 -0.007563 0.988970
v 0.825397 -0.007563 0.988970
v 0.825397 -0.007563 1.026306
v 1.045578 0.018795 0.750686
v 1.008242 0.018795 0.750686
v 1.008242 0.018795 0.788022
v 1.045578 0.018795 0.788022
v 1.045578 -0.007563 0.788022
v 1.045578 -0.007563 0.750686
v 1.008242 -0.007563 0.750686
v 1.008242 -0.007563 0.788022
v 1.240007 0.018795 0.750686
v 1.202671 0.018795 0.750686
v 1.202671 0.018795 0.788022
v 1.240007 0.018795 0.788022
v 1.240007 -0.007563 0.788022
v 1.240007 -0.007563 0.750686
v 1.202671 -0.007563 0.750686
v 1.202671 -0.007563 0.788022
v 0.862733 0.018795 0.751768
v 0.825397 0.018795 0.751768
v 0.825397 0.018795 0.789105
v 0.862733 0.018795 0.789105
v 0.862733 -0.007563 0.789105
v 0.862733 -0.007563 0.751768
v 0.825397 -0.007563 0.751768
v 0.825397 -0.007563 0.789105
v 1.240007 0.018795 0.514794
v 1.202671 0.018795 0.514794
v 1.202671 0.018795 0.552130
v 1.240007 0.018795 0.552130
v 1.240007 -0.007563 0.552130
v 1.240007 -0.007563 0.514794
v 1.202671 -0.007563 0.514794
v 1.202671 -0.007563 0.552130
v 0.862733 0.018795 0.515877
v 0.825397 0.018795 0.515877
v 0.825397 0.018795 0.553213
v 0.862733 0.018795 0.553213
v 0.862733 -0.007563 0.553213
v 0.862733 -0.007563 0.515877
v 0.825397 -0.007563 0.515877
v 0.825397 -0.007563 0.553213
v -0.315638 0.018795 0.515775
v -0.352974 0.018795 0.515775
v -0.352974 0.018795 0.553112
v -0.315638 0.018795 0.553112
v -0.315638 -0.007563 0.553112
v -0.315638 -0.007563 0.515775
v -0.352974 -0.007563 0.515775
v -0.352974 -0.007563 0.553112
v -0.121209 0.018795 0.514794
v -0.158545 0.018795 0.514794
v -0.158545 0.018795 0.552130
v -0.121209 0.018795 0.552130
v -0.121209 -0.007563 0.552130
v -0.121209 -0.007563 0.514794
v -0.158545 -0.007563 0.514794
v -0.158545 -0.007563 0.552130
v -0.498483 0.018795 0.515877
v -0.535819 0.018795 0.515877
v -0.535819 0.018795 0.553213
v -0.498483 0.018795 0.553213
v -0.498483 -0.007563 0.553213
v -0.498483 -0.007563 0.515877
v -0.535819 -0.007563 0.515877
v -0.535819 -0.007563 0.553213
v -1.058310 0.018795 0.515775
v -1.095646 0.018795 0.515775
v -1.095646 0.018795 0.553112
v -1.058310 0.018795 0.553112
v -1.058310 -0.007563 0.553112
v -1.058310 -0.007563 0.515775
v -1.095646 -0.007563 0.515775
v -1.095646 -0.007563 0.553112
v -0.863881 0.018795 0.514794
v -0.901217 0.018795 0.514794
v -0.901217 0.018795 0.552130
v -0.863881 0.018795 0.552130
v -0.863881 -0.007563 0.552130
v -0.863881 -0.007563 0.514794
v -0.901217 -0.007563 0.514794
v -0.901217 -0.007563 0.552130
v -1.241155 0.018795 0.515877
v -1.278491 0.018795 0.515877
v -1.278491 0.018795 0.553213
v -1.241155 0.018795 0.553213
v -1.241155 -0.007563 0.553213
v -1.241155 -0.007563 0.515877
v -1.278491 -0.007563 0.515877
v -1.278491 -0.007563 0.553213
v -1.748993 0.018795 0.515775
v -1.786329 0.018795 0.515775
v -1.786329 0.018795 0.553112
v -1.748993 0.018795 0.553112
v -1.748993 -0.007563 0.553112
v -1.748993 -0.007563 0.515775
v -1.786329 -0.007563 0.515775
v -1.786329 -0.007563 0.553112
v -1.554564 0.018795 0.514794
v -1.591900 0.018795 0.514794
v -1.591900 0.018795 0.552130
v -1.554564 0.018795 0.552130
v -1.554564 -0.007563 0.552130
v -1.554564 -0.007563 0.514794
v -1.591900 -0.007563 0.514794
v -1.591900 -0.007563 0.552130
v -1.931838 0.018795 0.515877
v -1.969174 0.018795 0.515877
v -1.969174 0.018795 0.553213
v -1.931838 0.018795 0.553213
v -1.931838 -0.007563 0.553213
v -1.931838 -0.007563 0.515877
v -1.969174 -0.007563 0.515877
v -1.969174 -0.007563 0.553213
v -0.486283 0.018795 3.411209
v -0.523619 0.018795 3.411209
v -0.523619 0.018795 3.448546
v -0.486283 0.018795 3.448546
v -0.486283 -0.007563 3.448546
v -0.486283 -0.007563 3.411209
v -0.523619 -0.007563 3.411209
v -0.523619 -0.007563 3.448546
v -0.547860 0.018795 3.411209
v -0.585196 0.018795 3.411209
v -0.585196 0.018795 3.448546
v -0.547860 0.018795 3.448546
v -0.547860 -0.007563 3.448546
v -0.547860 -0.007563 3.411209
v -0.585196 -0.007563 3.411209
v -0.585196 -0.007563 3.448546
v -0.424395 0.018795 3.411209
v -0.461731 0.018795 3.411209
v -0.461731 0.018795 3.448546
v -0.424395 0.018795 3.448546
v -0.424395 -0.007563 3.448546
v -0.424395 -0.007563 3.411209
v -0.461731 -0.007563 3.411209
v -0.461731 -0.007563 3.448546
vn -0.0000 0.0048 -1.0000
vn -0.0000 -0.1177 -0.9930
vn -0.0032 -0.1235 -0.9923
vn -0.0032 0.0074 -1.0000
vn -0.0003 0.0019 1.0000
vn -0.0001 -0.9910 0.1337
vn -0.0000 -0.9654 0.2607
vn 0.0003 0.0074 1.0000
vn 0.0020 1.0000 0.0021
vn 0.0988 0.9951 0.0003
vn 0.0698 0.9926 -0.0995
vn 0.0007 0.5891 -0.8080
vn 0.0643 -0.9979 -0.0000
vn 0.0529 -0.8212 0.5683
vn -0.0529 -0.8212 0.5682
vn -0.0643 -0.9979 -0.0000
vn 0.0619 -0.9871 -0.1479
vn 1.0000 -0.0049 0.0008
vn 0.6247 -0.7694 0.1334
vn 0.3590 -0.9168 0.1748
vn 0.2328 -0.9543 0.1874
vn 0.1590 -0.9683 0.1928
vn 0.1083 -0.9747 0.1956
vn 0.0690 -0.9779 0.1972
vn 0.0358 -0.9795 0.1981
vn -0.0195 -0.9880 0.1529
vn -0.0356 -0.9918 0.1226
vn -0.0478 -0.9939 0.0994
vn -0.0579 -0.9951 0.0800
vn -0.0670 -0.9958 0.0621
vn -0.0759 -0.9961 0.0446
vn -0.0854 -0.9960 0.0258
vn -0.1278 -0.9918 -0.0000
vn -0.0637 -0.9885 -0.1372
vn 1.0000 0.0096 -0.0018
vn 0.9775 0.0055 -0.2108
vn 0.8713 0.4300 -0.2364
vn 0.8769 0.4807 -0.0018
vn 0.6943 0.6933 -0.1932
vn 0.6845 0.7290 -0.0015
vn 0.5296 0.8339 -0.1556
vn 0.5106 0.8598 -0.0011
vn 0.3894 0.9144 -0.1103
vn 0.3704 0.9289 -0.0007
vn 0.8983 0.0052 -0.4394
vn 0.8011 0.4059 -0.4399
vn 0.6510 0.6653 -0.3655
vn 0.5072 0.8081 -0.2994
vn 0.3806 0.8933 -0.2391
vn 0.7781 0.0046 -0.6281
vn 0.7006 0.3741 -0.6077
vn 0.5848 0.6282 -0.5132
vn 0.4760 0.7703 -0.4242
vn 0.3672 0.8625 -0.3481
vn 0.6361 0.0030 -0.7716
vn 0.5830 0.2999 -0.7550
vn 0.5011 0.5721 -0.6493
vn 0.4211 0.7249 -0.5452
vn 0.3493 0.8207 -0.4521
vn 0.0021 1.0000 -0.0018
vn 0.0705 0.9975 -0.0009
vn 0.0883 0.9895 -0.1145
vn 0.0020 0.9918 -0.1276
vn 0.0887 0.9698 -0.2271
vn 0.0020 0.9702 -0.2423
vn 0.0903 0.9343 -0.3449
vn 0.0020 0.9301 -0.3672
vn 0.0813 0.8731 -0.4807
vn 0.0015 0.8623 -0.5063
vn 0.1586 0.9873 -0.0009
vn 0.1766 0.9774 -0.1161
vn 0.1767 0.9572 -0.2293
vn 0.1789 0.9217 -0.3443
vn 0.1781 0.8621 -0.4744
vn 0.2563 0.9666 -0.0009
vn 0.2723 0.9548 -0.1196
vn 0.2695 0.9339 -0.2351
vn 0.2642 0.9018 -0.3421
vn 0.2634 0.8451 -0.4653
vn 0.0032 0.0020 -1.0000
vn 0.0035 0.2921 -0.9564
vn 0.1500 0.3517 -0.9240
vn 0.1775 0.0042 -0.9841
vn 0.2925 0.3476 -0.8908
vn 0.3306 0.0042 -0.9438
vn 0.4318 0.3437 -0.8339
vn 0.4844 0.0041 -0.8748
vn 0.0031 0.5675 -0.8234
vn 0.1309 0.6050 -0.7854
vn 0.2553 0.5982 -0.7596
vn 0.3742 0.5915 -0.7142
vn 0.0026 0.7504 -0.6609
vn 0.1108 0.7678 -0.6310
vn 0.2174 0.7576 -0.6155
vn 0.3155 0.7409 -0.5929
vn -0.1277 0.0043 -0.9918
vn -0.1496 0.3523 -0.9239
vn -0.0034 0.3903 -0.9207
vn -0.1304 0.6057 -0.7849
vn -0.0029 0.6355 -0.7721
vn -0.1107 0.7678 -0.6311
vn -0.0025 0.7929 -0.6094
vn -0.0814 0.8729 -0.4811
vn -0.0015 0.8884 -0.4592
vn -0.2803 0.0042 -0.9599
vn -0.2920 0.3487 -0.8906
vn -0.2544 0.5993 -0.7590
vn -0.2169 0.7577 -0.6155
vn -0.1782 0.8616 -0.4752
vn -0.4341 0.0041 -0.9009
vn -0.4318 0.3440 -0.8338
vn -0.3739 0.5923 -0.7137
vn -0.3153 0.7411 -0.5928
vn -0.2634 0.8449 -0.4656
vn -0.5865 0.0029 -0.8099
vn -0.5834 0.3000 -0.7547
vn -0.5017 0.5723 -0.6487
vn -0.4213 0.7249 -0.5451
vn -0.3493 0.8207 -0.4521
vn -0.0051 1.0000 -0.0012
vn -0.0020 0.9957 -0.0923
vn -0.0884 0.9895 -0.1143
vn -0.0988 0.9951 -0.0009
vn -0.1768 0.9774 -0.1157
vn -0.1894 0.9819 -0.0009
vn -0.2723 0.9548 -0.1194
vn -0.2918 0.9565 -0.0009
vn -0.3890 0.9146 -0.1103
vn -0.4136 0.9105 -0.0007
vn -0.0020 0.9788 -0.2047
vn -0.0890 0.9699 -0.2267
vn -0.1772 0.9572 -0.2287
vn -0.2695 0.9340 -0.2347
vn -0.3799 0.8936 -0.2389
vn -0.0020 0.9455 -0.3257
vn -0.0904 0.9343 -0.3449
vn -0.1793 0.9216 -0.3442
vn -0.2643 0.9018 -0.3420
vn -0.3670 0.8627 -0.3480
vn -1.0000 0.0025 -0.0018
vn -0.9316 0.3635 -0.0019
vn -0.8715 0.4293 -0.2369
vn -0.9573 0.0053 -0.2891
vn -0.8012 0.4047 -0.4408
vn -0.8625 0.0050 -0.5060
vn -0.7007 0.3737 -0.6077
vn -0.7331 0.0045 -0.6801
vn -0.7482 0.6635 -0.0016
vn -0.6947 0.6926 -0.1939
vn -0.6515 0.6641 -0.3668
vn -0.5853 0.6273 -0.5137
vn -0.5641 0.8257 -0.0012
vn -0.5296 0.8338 -0.1558
vn -0.5072 0.8079 -0.3000
vn -0.4762 0.7702 -0.4244
vn 1.0000 0.0025 0.0007
vn 0.9321 0.3622 0.0007
vn 0.8715 0.4293 0.2369
vn 0.9573 0.0053 0.2891
vn 0.8012 0.4047 0.4408
vn 0.8625 0.0050 0.5060
vn 0.7007 0.3737 0.6078
vn 0.7331 0.0045 0.6801
vn 0.5835 0.3000 0.7547
vn 0.5865 0.0029 0.8099
vn 0.7488 0.6628 0.0006
vn 0.6947 0.6926 0.1939
vn 0.6515 0.6641 0.3668
vn 0.5853 0.6273 0.5137
vn 0.5017 0.5723 0.6487
vn 0.5646 0.8254 0.0005
vn 0.5296 0.8338 0.1558
vn 0.5072 0.8079 0.3000
vn 0.4762 0.7702 0.4244
vn 0.4213 0.7249 0.5450
vn 0.4137 0.9104 0.0003
vn 0.3890 0.9146 0.1103
vn 0.3799 0.8936 0.2389
vn 0.3670 0.8627 0.3480
vn 0.3493 0.8207 0.4521
vn 0.1277 0.0043 0.9918
vn 0.1496 0.3523 0.9239
vn 0.0003 0.3900 0.9208
vn 0.1304 0.6057 0.7849
vn 0.0002 0.6354 0.7722
vn 0.1107 0.7678 0.6311
vn 0.0002 0.7929 0.6094
vn 0.0814 0.8729 0.4811
vn 0.0001 0.8887 0.4585
vn 0.2803 0.0042 0.9599
vn 0.2920 0.3487 0.8906
vn 0.2544 0.5993 0.7590
vn 0.2169 0.7577 0.6155
vn 0.1782 0.8617 0.4752
vn 0.4341 0.0041 0.9009
vn 0.4318 0.3440 0.8338
vn 0.3739 0.5923 0.7137
vn 0.3153 0.7411 0.5928
vn 0.2634 0.8449 0.4656
vn 0.0002 0.9959 0.0907
vn 0.0885 0.9895 0.1143
vn 0.1768 0.9774 0.1157
vn 0.1894 0.9819 0.0004
vn 0.2723 0.9548 0.1194
vn 0.2918 0.9565 0.0003
vn 0.0002 0.9792 0.2031
vn 0.0890 0.9699 0.2267
vn 0.1772 0.9572 0.2287
vn 0.2695 0.9340 0.2347
vn 0.0002 0.9460 0.3241
vn 0.0904 0.9343 0.3449
vn 0.1793 0.9216 0.3442
vn 0.2643 0.9018 0.3420
vn -1.0000 0.0095 0.0007
vn -0.9775 0.0055 0.2108
vn -0.8713 0.4300 0.2364
vn -0.8769 0.4806 0.0007
vn -0.6943 0.6933 0.1931
vn -0.6846 0.7290 0.0006
vn -0.5296 0.8338 0.1557
vn -0.5106 0.8598 0.0004
vn -0.3894 0.9144 0.1103
vn -0.3703 0.9289 0.0003
vn -0.8983 0.0052 0.4394
vn -0.8011 0.4059 0.4399
vn -0.6510 0.6653 0.3655
vn -0.5072 0.8081 0.2994
vn -0.3806 0.8933 0.2391
vn -0.7781 0.0046 0.6281
vn -0.7005 0.3741 0.6077
vn -0.5848 0.6282 0.5132
vn -0.4760 0.7703 0.4242
vn -0.3672 0.8625 0.3481
vn -0.6360 0.0030 0.7716
vn -0.5830 0.2999 0.7551
vn -0.5011 0.5721 0.6493
vn -0.4211 0.7249 0.5452
vn -0.3493 0.8207 0.4521
vn -0.0012 1.0000 0.0048
vn -0.0703 0.9975 0.0004
vn -0.0883 0.9895 0.1145
vn -0.0001 0.9918 0.1275
vn -0.0887 0.9698 0.2271
vn -0.0002 0.9702 0.2422
vn -0.0903 0.9343 0.3449
vn -0.0002 0.9301 0.3672
vn -0.0813 0.8731 0.4807
vn -0.0001 0.8620 0.5070
vn -0.1583 0.9874 0.0003
vn -0.1766 0.9774 0.1161
vn -0.1767 0.9572 0.2293
vn -0.1789 0.9217 0.3443
vn -0.1781 0.8621 0.4744
vn -0.2560 0.9667 0.0003
vn -0.2723 0.9548 0.1196
vn -0.2695 0.9339 0.2351
vn -0.2642 0.9018 0.3421
vn -0.2634 0.8451 0.4653
vn -0.0003 0.2874 0.9578
vn -0.1500 0.3517 0.9240
vn -0.1775 0.0042 0.9841
vn -0.2926 0.3476 0.8908
vn -0.3306 0.0042 0.9438
vn -0.4318 0.3437 0.8339
vn -0.4844 0.0041 0.8748
vn -0.0003 0.5643 0.8255
vn -0.1309 0.6050 0.7854
vn -0.2553 0.5982 0.7596
vn -0.3742 0.5915 0.7142
vn -0.0002 0.7486 0.6630
vn -0.1108 0.7678 0.6310
vn -0.2174 0.7576 0.6155
vn -0.3155 0.7409 0.5929
vn -0.0287 0.9992 0.0287
vn -0.0010 1.0000 0.0045
vn -0.0040 1.0000 -0.0044
vn -0.0162 0.9974 -0.0701
vn 0.2547 0.9626 -0.0922
vn 0.1574 0.9828 -0.0963
vn 0.3689 0.9254 -0.0867
vn 0.5090 0.8572 -0.0781
vn 0.6832 0.7274 -0.0637
vn 0.8763 0.4802 -0.0385
vn 1.0000 0.0095 -0.0006
vn -0.0000 1.0000 -0.0045
vn -0.0000 0.9948 -0.1021
vn -0.0000 0.9766 -0.2152
vn -0.0000 0.9413 -0.3374
vn -0.0000 0.8808 -0.4736
vn -0.0000 0.7796 -0.6262
vn -0.0000 0.6140 -0.7893
vn -0.0000 0.3585 -0.9335
vn -0.0038 1.0000 -0.0000
vn -0.0799 0.9968 -0.0000
vn -0.0590 0.8395 0.5401
vn -0.0018 0.9951 0.0984
vn -0.1687 0.9857 -0.0000
vn -0.2679 0.9634 -0.0000
vn -0.1167 0.4411 0.8898
vn -0.0982 0.6134 0.7837
vn -0.3849 0.9230 -0.0000
vn -0.1262 0.3167 0.9401
vn -0.5289 0.8487 -0.0000
vn -0.1316 0.2217 0.9662
vn -0.7066 0.7076 -0.0000
vn -0.1350 0.1437 0.9804
vn -0.8972 0.4417 -0.0000
vn -0.1371 0.0751 0.9877
vn -1.0000 0.0060 -0.0000
vn -0.0946 0.0009 0.9955
vn -0.0906 -0.8596 -0.5029
vn -0.0972 -0.9558 -0.2774
vn -0.0980 -0.9793 -0.1771
vn -0.0980 -0.9881 -0.1188
vn -0.0977 -0.9921 -0.0786
vn -0.0973 -0.9941 -0.0474
vn -0.0968 -0.9951 -0.0206
vn -0.0643 -0.9979 -0.0001
vn 0.1257 -0.1071 -0.9863
vn 0.0031 -0.1951 -0.9808
vn 0.2782 -0.0839 -0.9568
vn 0.4321 -0.0626 -0.8996
vn 0.5792 -0.0435 -0.8140
vn 0.7310 -0.0263 -0.6818
vn 0.8636 -0.0123 -0.5039
vn 0.9589 -0.0030 -0.2836
vn 0.0608 -0.9981 -0.0001
vn -0.0014 0.6571 -0.7538
vn -0.0964 0.9713 -0.2175
vn 1.0000 0.0040 -0.0000
vn -0.5497 0.2131 -0.8077
vn -0.6766 0.0017 -0.7363
vn -0.4968 0.4392 -0.7486
vn -0.4248 0.6206 -0.6591
vn -0.3444 0.7577 -0.5544
vn -0.2615 0.8572 -0.4436
vn -0.1787 0.9266 -0.3310
vn 0.9145 0.4046 -0.0000
vn 0.7267 0.6870 -0.0000
vn 0.5457 0.8380 -0.0000
vn 0.3984 0.9172 -0.0000
vn 0.2791 0.9603 -0.0000
vn 0.1784 0.9840 -0.0000
vn 0.0888 0.9960 -0.0000
vn 0.0053 1.0000 -0.0000
vn 0.0846 0.0002 0.9964
vn 0.9324 0.3614 0.0021
vn 0.7492 0.6623 0.0072
vn 0.5648 0.8251 0.0133
vn 0.4137 0.9102 0.0197
vn 0.2917 0.9561 0.0265
vn 0.1893 0.9813 0.0337
vn 0.0987 0.9942 0.0416
vn 0.0038 0.9964 0.0843
vn 0.0001 0.9854 0.1704
vn -0.0000 0.9655 0.2602
vn -0.0000 0.9710 0.2389
vn -0.0679 0.9977 -0.0000
vn -0.0196 0.9998 -0.0000
vn -0.0483 0.9988 -0.0113
vn -0.0227 0.9995 -0.0212
vn 0.0850 0.9818 -0.1700
vn -0.3231 0.9325 -0.1615
vn -0.0851 0.9818 0.1700
vn 0.3231 0.9325 0.1615
vn -0.0850 0.9818 0.1701
vn 0.0792 0.9842 -0.1585
vn -0.3030 0.9409 -0.1515
vn -0.0792 0.9842 0.1585
vn 0.3030 0.9409 0.1515
vn 0.1011 0.9741 -0.2022
vn -0.3766 0.9070 -0.1883
vn -0.1011 0.9741 0.2022
vn 0.3766 0.9070 0.1883
vn 0.0907 0.9792 -0.1815
vn -0.3425 0.9238 -0.1713
vn -0.0907 0.9792 0.1815
vn 0.3425 0.9238 0.1713
vn -0.3425 0.9238 -0.1712
vn 0.3425 0.9238 0.1712
vn -0.0901 0.9720 0.2172
vn 0.3970 0.8879 0.2325
vn -0.0000 1.0000 -0.0000
vn -0.2981 0.9545 -0.0000
vn -0.0267 0.1713 0.9849
vn 0.0001 0.1509 0.9886
vn 0.4473 0.0001 0.8944
vn 0.8944 -0.0000 -0.4473
vn -0.4473 -0.0000 -0.8944
vn -0.8944 -0.0000 0.4473
vn -0.4473 -0.0001 -0.8944
vn 0.4473 -0.0000 0.8944
vn 0.5053 -0.0000 0.8630
vn 0.9238 -0.0000 -0.3830
vn -0.8944 -0.0000 0.4472
vn 0.8944 -0.0001 -0.4473
vn -0.8944 0.0001 0.4473
vn 0.4473 0.0002 0.8944
vn 0.8944 -0.0002 -0.4473
vn -0.4473 -0.0002 -0.8944
vn -0.8944 0.0002 0.4473
vn 0.9238 -0.0001 -0.3830
vn 0.4472 -0.0000 0.8944
vn 0.8944 -0.0001 -0.4472
vn -0.4472 -0.0000 -0.8944
vn -0.8944 0.0001 0.4472
vn 0.8944 -0.0000 -0.4472
vn -0.4472 -0.0002 -0.8944
vn 0.8944 -0.0002 -0.4472
vn -0.0000 0.9955 -0.0944
vn -0.0000 0.9999 -0.0112
vn -0.0000 0.9937 -0.1116
vn -0.0000 0.9918 0.1276
vn -0.0000 0.9998 0.0214
vn -0.0000 0.9988 0.0483
vn 0.9680 0.2509 0.0008
vn 0.9500 -0.0000 0.3121
vn 0.5571 -0.0000 -0.8304
vn 0.4824 0.5003 -0.7190
vn -0.0000 0.3079 -0.9514
vn -0.0000 -0.0000 -1.0000
vn -0.0542 -0.0000 -0.9985
vn -0.2010 0.3218 -0.9252
vn -1.0000 -0.0000 -0.0000
vn -0.1079 -0.0000 0.9942
vn -0.8944 0.0002 0.4472
vn -0.4472 -0.0001 -0.8944
vn 0.2771 0.7849 -0.5542
vn -0.7556 0.5351 -0.3778
vn -0.2771 0.7849 0.5542
vn 0.7556 0.5351 0.3778
vn 0.2771 0.7850 -0.5541
vn 0.0201 0.9991 0.0362
vn 0.0475 0.9986 0.0214
vn 0.0292 0.9996 -0.0000
vn 0.0119 0.9999 -0.0113
vn -0.0000 -0.1784 -0.9840
vn -0.0000 0.0022 -1.0000
vn -0.0000 0.9712 -0.2381
vn -0.0000 0.9923 -0.1236
vn -0.0000 1.0000 -0.0089
vn -0.0000 0.9991 -0.0423
vn -0.0000 0.9319 -0.3627
vn -0.0000 0.7533 -0.6576
vn -0.0000 0.8649 -0.5020
vn -0.0000 0.5718 -0.8204
vn -0.0000 0.2979 -0.9546
vn 0.0660 0.9977 -0.0157
vn -0.0000 -0.1099 -0.9939
vn -0.0480 0.9986 0.0213
vn -0.0121 0.9997 0.0214
vn 0.0437 0.9990 -0.0000
vn -0.0000 0.0057 -1.0000
vn -0.0000 1.0000 -0.0039
vn -0.0000 0.9952 -0.0977
vn -0.0000 0.9776 -0.2105
vn -0.0000 0.9432 -0.3323
vn -0.0000 0.8838 -0.4678
vn -0.0000 0.7848 -0.6198
vn -0.0000 0.6222 -0.7828
vn -0.0000 0.3706 -0.9288
vn -0.0000 0.9984 0.0571
vn 0.3323 -0.5623 0.7572
vn 0.1592 -0.6432 0.7490
vn 0.1878 -0.5545 0.8107
vn -0.0504 -0.6582 0.7512
vn 0.0172 -0.5624 0.8267
vn 0.8267 -0.5624 -0.0172
vn 0.7512 -0.6582 0.0504
vn 0.7529 -0.6432 0.1396
vn 0.8209 -0.5544 0.1367
vn 0.8107 -0.5545 -0.1878
vn 0.7490 -0.6432 -0.1591
vn 0.7572 -0.5624 -0.3323
vn 0.7133 -0.6582 -0.2409
vn 0.6771 -0.5545 -0.4838
vn 0.6311 -0.6432 -0.4337
vn 0.5724 -0.5624 -0.5967
vn 0.5668 -0.6582 -0.4955
vn 0.4405 -0.5545 -0.7061
vn 0.4171 -0.6432 -0.6422
vn 0.3005 -0.5624 -0.7704
vn 0.3340 -0.6582 -0.6747
vn 0.1367 -0.5545 -0.8209
vn 0.1396 -0.6432 -0.7529
vn -0.0172 -0.5624 -0.8267
vn 0.0504 -0.6582 -0.7512
vn -0.1878 -0.5545 -0.8107
vn -0.1591 -0.6432 -0.7490
vn -0.3323 -0.5624 -0.7572
vn -0.2409 -0.6582 -0.7133
vn -0.4838 -0.5545 -0.6771
vn -0.4337 -0.6432 -0.6311
vn -0.5967 -0.5624 -0.5724
vn -0.4955 -0.6582 -0.5668
vn -0.7061 -0.5545 -0.4405
vn -0.6422 -0.6432 -0.4171
vn -0.7704 -0.5624 -0.3005
vn -0.6747 -0.6582 -0.3340
vn -0.8209 -0.5545 -0.1367
vn -0.7529 -0.6432 -0.1396
vn -0.8267 -0.5624 0.0172
vn -0.7512 -0.6582 -0.0504
vn -0.8107 -0.5545 0.1878
vn -0.7490 -0.6432 0.1591
vn -0.7572 -0.5624 0.3323
vn -0.7133 -0.6582 0.2409
vn -0.6771 -0.5545 0.4838
vn -0.6311 -0.6432 0.4337
vn -0.5724 -0.5624 0.5967
vn -0.5668 -0.6582 0.4955
vn -0.4405 -0.5545 0.7061
vn -0.4171 -0.6432 0.6422
vn -0.3005 -0.5624 0.7704
vn -0.3340 -0.6582 0.6747
vn -0.1367 -0.5545 0.8209
vn -0.1396 -0.6432 0.7529
vn -0.0328 -0.0000 0.9995
vn -0.2272 -0.0000 0.9739
vn -0.4128 -0.0000 0.9108
vn -0.5826 -0.0000 0.8128
vn -0.7299 -0.0000 0.6835
vn -0.8493 -0.0000 0.5280
vn -0.9359 -0.0000 0.3522
vn -0.9867 -0.0000 0.1628
vn -0.9995 -0.0000 -0.0328
vn -0.9739 -0.0000 -0.2272
vn -0.9108 -0.0000 -0.4128
vn -0.8128 -0.0000 -0.5826
vn -0.6835 -0.0000 -0.7299
vn -0.5280 -0.0000 -0.8493
vn -0.3522 -0.0000 -0.9359
vn -0.1628 -0.0000 -0.9867
vn 0.0328 -0.0000 -0.9995
vn 0.2272 -0.0000 -0.9739
vn 0.4128 -0.0000 -0.9108
vn 0.5826 -0.0000 -0.8128
vn 0.7299 -0.0000 -0.6835
vn 0.8492 -0.0000 -0.5280
vn 0.9359 -0.0000 -0.3522
vn 0.9867 -0.0000 -0.1628
vn 0.9995 -0.0000 0.0328
vn 0.9739 -0.0000 0.2272
vn 0.7704 -0.5624 0.3005
vn 0.9108 -0.0000 0.4128
vn 0.7061 -0.5545 0.4405
vn 0.8128 -0.0000 0.5826
vn 0.5967 -0.5623 0.5724
vn 0.6835 -0.0000 0.7299
vn 0.4838 -0.5545 0.6771
vn 0.5280 -0.0000 0.8492
vn 0.1628 -0.0000 0.9867
vn 0.3522 -0.0000 0.9359
vn 0.0162 0.9974 0.0701
vn 0.0275 0.9992 -0.0298
vn 0.0010 1.0000 -0.0044
vn 0.0040 1.0000 0.0044
vn -0.5047 0.8633 -0.0000
vn -0.1594 0.9872 -0.0000
vn 0.7403 0.3839 0.5518
vn 0.3180 -0.0000 0.9481
vn 0.9869 -0.0003 -0.1612
vn 0.6270 0.3252 -0.7079
vn -0.0000 -0.0000 1.0000
vn 0.9996 0.0062 0.0263
vn 0.9992 -0.0000 0.0407
vn 0.0739 0.9704 -0.2297
vn 0.7404 0.3839 0.5518
vn 0.9992 0.0207 -0.0331
vn 0.9998 -0.0000 -0.0204
vn 0.0757 0.9942 0.0765
vn -0.0000 -0.0000 -0.0000
vn 0.0757 0.9942 0.0766
vn 0.2291 0.9734 -0.0006
vn 0.4157 0.9095 -0.0027
vn 0.5860 0.8103 -0.0061
vn 0.7329 0.6802 -0.0106
vn 0.8512 0.5246 -0.0160
vn 0.9367 0.3493 -0.0222
vn 0.9865 0.1613 -0.0289
vn 0.0758 0.9942 0.0766
vn 0.9680 0.2509 0.0009
vn 0.9743 0.2253 0.0007
vn 0.9121 0.4099 0.0027
vn 0.8151 0.5792 0.0060
vn 0.6867 0.7269 0.0106
vn 0.5312 0.8471 0.0161
vn 0.3548 0.9347 0.0224
vn 0.1641 0.9860 0.0292
vn 0.6270 0.3251 -0.7079
vt 0.383510 0.256305
vt 0.397432 0.256305
vt 0.397432 0.272174
vt 0.383510 0.272174
vt 0.369312 0.105326
vt 0.383235 0.105326
vt 0.383235 0.314066
vt 0.369313 0.314066
vt 0.046200 0.018635
vt 0.045900 0.016267
vt 0.153751 0.013112
vt 0.153776 0.014985
vt 0.301885 0.200739
vt 0.295581 0.200739
vt 0.295581 0.133075
vt 0.301885 0.133075
vt 0.295332 0.200739
vt 0.263902 0.200739
vt 0.263732 0.200717
vt 0.263569 0.200653
vt 0.263418 0.200548
vt 0.263286 0.200408
vt 0.263178 0.200237
vt 0.263097 0.200042
vt 0.263048 0.199831
vt 0.263031 0.199611
vt 0.263031 0.134203
vt 0.263048 0.133983
vt 0.263097 0.133771
vt 0.263178 0.133576
vt 0.263286 0.133405
vt 0.263418 0.133265
vt 0.263569 0.133161
vt 0.263732 0.133096
vt 0.263902 0.133075
vt 0.295332 0.133075
vt 0.173055 0.213175
vt 0.172978 0.211596
vt 0.173636 0.211469
vt 0.173998 0.212762
vt 0.174251 0.211121
vt 0.174853 0.212179
vt 0.174825 0.210552
vt 0.175656 0.211395
vt 0.175361 0.209757
vt 0.176433 0.210394
vt 0.173187 0.210728
vt 0.173509 0.210641
vt 0.173852 0.210351
vt 0.174193 0.209880
vt 0.174505 0.209217
vt 0.173191 0.210462
vt 0.173251 0.210226
vt 0.173412 0.209860
vt 0.173629 0.209411
vt 0.173806 0.208835
vt 0.172553 0.210527
vt 0.172617 0.209985
vt 0.172799 0.209455
vt 0.173059 0.208966
vt 0.173304 0.208604
vt 0.180637 0.203998
vt 0.179218 0.205960
vt 0.177333 0.205326
vt 0.178452 0.203057
vt 0.175485 0.204875
vt 0.176279 0.202386
vt 0.173750 0.204645
vt 0.174112 0.201938
vt 0.172125 0.204646
vt 0.171976 0.201695
vt 0.178132 0.207682
vt 0.176522 0.207224
vt 0.175027 0.206863
vt 0.173731 0.206666
vt 0.172589 0.206700
vt 0.177234 0.209162
vt 0.175898 0.208683
vt 0.174756 0.208262
vt 0.173827 0.207977
vt 0.173032 0.207942
vt 0.163612 0.202651
vt 0.165719 0.202127
vt 0.167497 0.206037
vt 0.165926 0.206851
vt 0.169602 0.208403
vt 0.168606 0.209309
vt 0.171398 0.209556
vt 0.170972 0.210371
vt 0.167781 0.201794
vt 0.169033 0.205358
vt 0.170577 0.207636
vt 0.171880 0.208848
vt 0.169863 0.201648
vt 0.170575 0.204889
vt 0.171564 0.207043
vt 0.172393 0.208281
vt 0.154050 0.051658
vt 0.155981 0.046861
vt 0.157807 0.047636
vt 0.156303 0.051976
vt 0.159549 0.048242
vt 0.158488 0.052139
vt 0.161256 0.048657
vt 0.160661 0.052146
vt 0.162942 0.048873
vt 0.162829 0.052003
vt 0.158689 0.043704
vt 0.159984 0.044678
vt 0.161184 0.045517
vt 0.162348 0.046181
vt 0.163521 0.046587
vt 0.161431 0.042030
vt 0.162113 0.043050
vt 0.162759 0.043958
vt 0.163385 0.044691
vt 0.164140 0.045150
vt 0.163639 0.041465
vt 0.163810 0.042335
vt 0.164037 0.043145
vt 0.164320 0.043854
vt 0.164572 0.044363
vt 0.171277 0.049856
vt 0.169229 0.050669
vt 0.168366 0.048376
vt 0.170214 0.047959
vt 0.167852 0.046424
vt 0.169492 0.046227
vt 0.167540 0.044858
vt 0.168981 0.044684
vt 0.167316 0.043626
vt 0.168590 0.043350
vt 0.167127 0.051274
vt 0.166479 0.048707
vt 0.166240 0.046598
vt 0.166210 0.045048
vt 0.166195 0.043918
vt 0.164982 0.051712
vt 0.164665 0.048881
vt 0.164802 0.046686
vt 0.165090 0.045204
vt 0.165251 0.044175
vt 0.166842 0.039833
vt 0.167401 0.040481
vt 0.166553 0.041228
vt 0.166218 0.040805
vt 0.165858 0.041713
vt 0.165759 0.041293
vt 0.165008 0.042007
vt 0.165024 0.041411
vt 0.167854 0.041264
vt 0.166850 0.041839
vt 0.165977 0.042308
vt 0.165074 0.042688
vt 0.168237 0.042214
vt 0.167100 0.042641
vt 0.166103 0.043042
vt 0.165200 0.043393
vt 0.046462 0.002444
vt 0.046575 0.004028
vt 0.044004 0.004408
vt 0.043840 0.002942
vt 0.041705 0.005202
vt 0.041422 0.003799
vt 0.039642 0.006329
vt 0.039118 0.005032
vt 0.037775 0.007775
vt 0.036887 0.006683
vt 0.046554 0.005721
vt 0.044104 0.005996
vt 0.041931 0.006690
vt 0.040092 0.007643
vt 0.038518 0.008854
vt 0.046414 0.007572
vt 0.044111 0.007707
vt 0.042095 0.008203
vt 0.040473 0.008878
vt 0.039154 0.009819
vt 0.046202 0.009575
vt 0.044036 0.009511
vt 0.042128 0.009764
vt 0.040624 0.010161
vt 0.039618 0.010528
vt 0.029657 0.018893
vt 0.031018 0.014763
vt 0.032726 0.015249
vt 0.031604 0.019200
vt 0.034422 0.015672
vt 0.033555 0.019388
vt 0.036132 0.015997
vt 0.035564 0.019473
vt 0.037870 0.016203
vt 0.037641 0.019472
vt 0.032785 0.011465
vt 0.034286 0.012058
vt 0.035719 0.012674
vt 0.037091 0.013225
vt 0.038465 0.013584
vt 0.034771 0.008813
vt 0.036005 0.009619
vt 0.037107 0.010467
vt 0.038077 0.011233
vt 0.039116 0.011701
vt 0.044099 0.018992
vt 0.043811 0.016257
vt 0.043793 0.013727
vt 0.045860 0.013950
vt 0.043905 0.011489
vt 0.045988 0.011707
vt 0.041941 0.019236
vt 0.041690 0.016284
vt 0.041758 0.013664
vt 0.041969 0.011526
vt 0.039768 0.019399
vt 0.039699 0.016279
vt 0.039986 0.013674
vt 0.040392 0.011702
vt 0.040378 0.171554
vt 0.037835 0.170545
vt 0.038305 0.169101
vt 0.040794 0.169970
vt 0.038681 0.167531
vt 0.041087 0.168245
vt 0.038965 0.165813
vt 0.041276 0.166328
vt 0.039168 0.163961
vt 0.041398 0.164229
vt 0.035589 0.169249
vt 0.036126 0.167894
vt 0.036602 0.166457
vt 0.037005 0.164973
vt 0.037273 0.163402
vt 0.033531 0.167638
vt 0.034250 0.166426
vt 0.034909 0.165207
vt 0.035478 0.164041
vt 0.035818 0.162777
vt 0.031610 0.165669
vt 0.032629 0.164720
vt 0.033528 0.163774
vt 0.034300 0.162910
vt 0.034862 0.162268
vt 0.042617 0.154756
vt 0.042038 0.157204
vt 0.039846 0.156936
vt 0.040467 0.154174
vt 0.037691 0.156673
vt 0.038272 0.153710
vt 0.035683 0.156472
vt 0.036073 0.153332
vt 0.033831 0.156366
vt 0.033927 0.153054
vt 0.041701 0.159626
vt 0.039508 0.159576
vt 0.037433 0.159375
vt 0.035652 0.159148
vt 0.034113 0.159059
vt 0.041514 0.161985
vt 0.039319 0.161917
vt 0.037362 0.161593
vt 0.035800 0.161196
vt 0.034520 0.161027
vt 0.025942 0.152929
vt 0.027885 0.152787
vt 0.028607 0.156825
vt 0.026899 0.157080
vt 0.029780 0.160084
vt 0.028262 0.160472
vt 0.031148 0.162662
vt 0.029855 0.163294
vt 0.029831 0.152769
vt 0.030332 0.156571
vt 0.031271 0.159649
vt 0.032355 0.161986
vt 0.031841 0.152861
vt 0.032075 0.156407
vt 0.032700 0.159260
vt 0.033423 0.161356
vt 0.975406 0.989948
vt 0.970743 0.989888
vt 0.970743 0.722658
vt 0.975406 0.722718
vt 0.153692 0.009366
vt 0.153722 0.011238
vt 0.153660 0.007494
vt 0.153629 0.005623
vt 0.153598 0.003748
vt 0.153568 0.001869
vt 0.153539 0.000000
vt 0.369313 0.319089
vt 0.383235 0.319089
vt 0.383234 0.419389
vt 0.369312 0.419389
vt 0.171989 0.061574
vt 0.169931 0.062254
vt 0.167823 0.062762
vt 0.165676 0.063133
vt 0.163525 0.063383
vt 0.161360 0.063512
vt 0.159195 0.063516
vt 0.157019 0.063391
vt 0.154777 0.063137
vt 0.202494 0.059236
vt 0.202937 0.053381
vt 0.220133 0.056231
vt 0.218898 0.064165
vt 0.203335 0.047561
vt 0.203642 0.041787
vt 0.221857 0.040265
vt 0.221119 0.048262
vt 0.203829 0.036069
vt 0.222346 0.032243
vt 0.203865 0.030406
vt 0.222588 0.024202
vt 0.203729 0.024797
vt 0.222581 0.016144
vt 0.203404 0.019236
vt 0.222323 0.008072
vt 0.202882 0.013721
vt 0.221820 0.000000
vt 0.383510 0.315486
vt 0.397432 0.315487
vt 0.397432 0.335607
vt 0.383510 0.335607
vt 0.369312 0.104621
vt 0.383235 0.104621
vt 0.369312 0.103928
vt 0.383235 0.103928
vt 0.369312 0.103255
vt 0.383235 0.103255
vt 0.369312 0.102609
vt 0.383235 0.102609
vt 0.369312 0.101994
vt 0.383235 0.101994
vt 0.369312 0.101409
vt 0.383235 0.101409
vt 0.369312 0.100849
vt 0.383235 0.100849
vt 0.369312 0.100302
vt 0.383235 0.100302
vt 0.397432 0.272878
vt 0.383510 0.272878
vt 0.397432 0.273572
vt 0.383510 0.273572
vt 0.397432 0.274245
vt 0.383510 0.274245
vt 0.397432 0.274891
vt 0.383510 0.274891
vt 0.397432 0.275506
vt 0.383510 0.275506
vt 0.397432 0.276090
vt 0.383510 0.276090
vt 0.397432 0.276651
vt 0.383510 0.276651
vt 0.397432 0.277198
vt 0.383510 0.277198
vt 0.383509 0.063434
vt 0.383509 0.062730
vt 0.397432 0.062730
vt 0.397432 0.063434
vt 0.383509 0.062036
vt 0.397432 0.062036
vt 0.383509 0.061363
vt 0.397432 0.061363
vt 0.383509 0.060717
vt 0.397432 0.060717
vt 0.383509 0.060102
vt 0.397432 0.060102
vt 0.383509 0.059518
vt 0.397432 0.059518
vt 0.383509 0.058957
vt 0.397432 0.058957
vt 0.383509 0.058410
vt 0.397432 0.058410
vt 0.383235 0.314770
vt 0.369313 0.314770
vt 0.383235 0.315463
vt 0.369313 0.315463
vt 0.383235 0.316137
vt 0.369313 0.316137
vt 0.383235 0.316782
vt 0.369313 0.316782
vt 0.383235 0.317397
vt 0.369313 0.317397
vt 0.383235 0.317982
vt 0.369313 0.317982
vt 0.383235 0.318543
vt 0.369313 0.318543
vt 0.153776 0.177880
vt 0.153396 0.179811
vt 0.383509 0.020121
vt 0.397432 0.020121
vt 0.151055 0.191375
vt 0.150659 0.193308
vt 0.151449 0.189448
vt 0.151842 0.187524
vt 0.152234 0.185599
vt 0.152624 0.183672
vt 0.153012 0.181743
vt 0.204482 0.252937
vt 0.203404 0.258269
vt 0.205364 0.247549
vt 0.206064 0.242097
vt 0.206592 0.236576
vt 0.206965 0.230986
vt 0.207208 0.225321
vt 0.207354 0.219588
vt 0.369312 0.000000
vt 0.383235 0.000000
vt 0.207451 0.213790
vt 0.356324 0.114743
vt 0.356623 0.114813
vt 0.356910 0.115017
vt 0.357175 0.115350
vt 0.357407 0.115798
vt 0.357598 0.116343
vt 0.357739 0.116965
vt 0.357827 0.117641
vt 0.357856 0.118343
vt 0.357856 0.134492
vt 0.357856 0.276742
vt 0.357856 0.311213
vt 0.357856 0.327082
vt 0.357827 0.327784
vt 0.357739 0.328460
vt 0.357598 0.329082
vt 0.357407 0.329627
vt 0.357175 0.330075
vt 0.356910 0.330408
vt 0.356623 0.330612
vt 0.356324 0.330682
vt 0.342402 0.330682
vt 0.342402 0.114743
vt 0.397707 0.215938
vt 0.397706 0.000000
vt 0.411629 0.000000
vt 0.411928 0.000069
vt 0.412215 0.000274
vt 0.412480 0.000607
vt 0.412712 0.001054
vt 0.412903 0.001600
vt 0.413044 0.002222
vt 0.413131 0.002897
vt 0.413161 0.003600
vt 0.413161 0.212339
vt 0.413131 0.213041
vt 0.413044 0.213716
vt 0.412903 0.214338
vt 0.412712 0.214884
vt 0.412480 0.215331
vt 0.412215 0.215664
vt 0.411928 0.215869
vt 0.411629 0.215938
vt 0.959607 0.653156
vt 0.957142 0.653131
vt 0.957142 0.560537
vt 0.959607 0.560562
vt 0.568995 0.197796
vt 0.603720 0.197796
vt 0.603720 0.232521
vt 0.568995 0.232521
vt 0.712523 0.293481
vt 0.747248 0.293481
vt 0.747248 0.328206
vt 0.712523 0.328206
vt 0.664681 0.197796
vt 0.699406 0.197796
vt 0.699406 0.232521
vt 0.664681 0.232521
vt 0.616838 0.341324
vt 0.651563 0.341324
vt 0.651563 0.376049
vt 0.616838 0.376049
vt 0.521357 0.006016
vt 0.556082 0.006016
vt 0.556082 0.040741
vt 0.521357 0.040741
vt 0.760366 0.197796
vt 0.795091 0.197796
vt 0.795091 0.232521
vt 0.760366 0.232521
vt 0.664681 0.102111
vt 0.699406 0.102111
vt 0.699406 0.136836
vt 0.664681 0.136836
vt 0.712728 0.054268
vt 0.747453 0.054268
vt 0.747453 0.088993
vt 0.712728 0.088993
vt 0.617043 0.054268
vt 0.651768 0.054268
vt 0.651767 0.088993
vt 0.617043 0.088993
vt 0.616838 0.102111
vt 0.651563 0.102111
vt 0.651563 0.136836
vt 0.616838 0.136836
vt 0.521153 0.245639
vt 0.555878 0.245639
vt 0.555878 0.280364
vt 0.521153 0.280364
vt 0.521153 0.341324
vt 0.555878 0.341324
vt 0.555878 0.376049
vt 0.521153 0.376049
vt 0.568995 0.102111
vt 0.603720 0.102111
vt 0.603720 0.136836
vt 0.568995 0.136836
vt 0.760366 0.341324
vt 0.795091 0.341324
vt 0.795091 0.376049
vt 0.760366 0.376049
vt 0.617043 0.006016
vt 0.651768 0.006016
vt 0.651768 0.040741
vt 0.617043 0.040741
vt 0.760366 0.245639
vt 0.795091 0.245639
vt 0.795091 0.280364
vt 0.760366 0.280364
vt 0.521153 0.149953
vt 0.555878 0.149954
vt 0.555878 0.184679
vt 0.521153 0.184679
vt 0.664681 0.245639
vt 0.699406 0.245639
vt 0.699406 0.280364
vt 0.664681 0.280364
vt 0.616838 0.149953
vt 0.651563 0.149953
vt 0.651563 0.184678
vt 0.616838 0.184678
vt 0.760366 0.149953
vt 0.795091 0.149953
vt 0.795091 0.184678
vt 0.760366 0.184678
vt 0.569200 0.006016
vt 0.603925 0.006016
vt 0.603925 0.040741
vt 0.569200 0.040741
vt 0.760366 0.293481
vt 0.795091 0.293481
vt 0.795091 0.328206
vt 0.760366 0.328206
vt 0.712523 0.197796
vt 0.747248 0.197796
vt 0.747248 0.232521
vt 0.712523 0.232521
vt 0.473310 0.389167
vt 0.508035 0.389167
vt 0.508035 0.423892
vt 0.473310 0.423892
vt 0.422830 0.345969
vt 0.457555 0.345969
vt 0.457555 0.380694
vt 0.422830 0.380694
vt 0.712728 0.006016
vt 0.747453 0.006016
vt 0.747453 0.040741
vt 0.712728 0.040741
vt 0.760570 0.006016
vt 0.795295 0.006016
vt 0.795295 0.040741
vt 0.760570 0.040741
vt 0.712523 0.341324
vt 0.747248 0.341324
vt 0.747248 0.376049
vt 0.712523 0.376049
vt 0.664681 0.341324
vt 0.699405 0.341324
vt 0.699405 0.376049
vt 0.664681 0.376049
vt 0.422830 0.298126
vt 0.457555 0.298126
vt 0.457555 0.332851
vt 0.422830 0.332851
vt 0.664885 0.006016
vt 0.699610 0.006016
vt 0.699610 0.040741
vt 0.664885 0.040741
vt 0.616838 0.197796
vt 0.651563 0.197796
vt 0.651563 0.232521
vt 0.616838 0.232521
vt 0.422830 0.202441
vt 0.457555 0.202441
vt 0.457555 0.237166
vt 0.422830 0.237166
vt 0.473310 0.149953
vt 0.508035 0.149953
vt 0.508035 0.184678
vt 0.473310 0.184678
vt 0.568995 0.149953
vt 0.603720 0.149953
vt 0.603720 0.184678
vt 0.568995 0.184678
vt 0.616838 0.245639
vt 0.651563 0.245639
vt 0.651563 0.280364
vt 0.616838 0.280364
vt 0.473310 0.197796
vt 0.508035 0.197796
vt 0.508035 0.232521
vt 0.473310 0.232521
vt 0.616838 0.293481
vt 0.651563 0.293481
vt 0.651563 0.328206
vt 0.616838 0.328206
vt 0.760570 0.054268
vt 0.795295 0.054268
vt 0.795295 0.088993
vt 0.760570 0.088993
vt 0.712523 0.245639
vt 0.747248 0.245639
vt 0.747248 0.280364
vt 0.712523 0.280364
vt 0.712523 0.102111
vt 0.747248 0.102111
vt 0.747248 0.136836
vt 0.712523 0.136836
vt 0.473310 0.102111
vt 0.508035 0.102111
vt 0.508035 0.136836
vt 0.473310 0.136836
vt 0.521153 0.102111
vt 0.555878 0.102111
vt 0.555878 0.136836
vt 0.521153 0.136836
vt 0.664681 0.149953
vt 0.699406 0.149953
vt 0.699406 0.184678
vt 0.664681 0.184678
vt 0.473310 0.245639
vt 0.508035 0.245639
vt 0.508035 0.280364
vt 0.473310 0.280364
vt 0.568995 0.341324
vt 0.603720 0.341324
vt 0.603720 0.376049
vt 0.568995 0.376049
vt 0.521357 0.054268
vt 0.556082 0.054268
vt 0.556082 0.088993
vt 0.521357 0.088993
vt 0.521153 0.293481
vt 0.555878 0.293481
vt 0.555878 0.328206
vt 0.521153 0.328206
vt 0.473310 0.293481
vt 0.508035 0.293481
vt 0.508035 0.328206
vt 0.473310 0.328206
vt 0.473310 0.341324
vt 0.508035 0.341324
vt 0.508035 0.376049
vt 0.473310 0.376049
vt 0.422830 0.154598
vt 0.457555 0.154598
vt 0.457555 0.189323
vt 0.422830 0.189323
vt 0.664681 0.293481
vt 0.699406 0.293481
vt 0.699406 0.328206
vt 0.664681 0.328206
vt 0.664885 0.054268
vt 0.699610 0.054268
vt 0.699610 0.088993
vt 0.664885 0.088993
vt 0.760366 0.102111
vt 0.795091 0.102111
vt 0.795091 0.136836
vt 0.760366 0.136836
vt 0.568995 0.293481
vt 0.603720 0.293481
vt 0.603720 0.328206
vt 0.568995 0.328206
vt 0.568995 0.245639
vt 0.603720 0.245639
vt 0.603720 0.280364
vt 0.568995 0.280364
vt 0.422830 0.250284
vt 0.457556 0.250284
vt 0.457556 0.285009
vt 0.422830 0.285009
vt 0.712523 0.149953
vt 0.747248 0.149953
vt 0.747248 0.184678
vt 0.712523 0.184678
vt 0.422831 0.106756
vt 0.457556 0.106756
vt 0.457555 0.141481
vt 0.422830 0.141481
vt 0.521153 0.197796
vt 0.555878 0.197796
vt 0.555878 0.232521
vt 0.521153 0.232521
vt 0.569200 0.054268
vt 0.603925 0.054268
vt 0.603925 0.088993
vt 0.569200 0.088993
vt 0.422830 0.006016
vt 0.460193 0.006016
vt 0.460193 0.043378
vt 0.422830 0.043378
vt 0.473310 0.482578
vt 0.502282 0.482578
vt 0.502282 0.511549
vt 0.473310 0.511549
vt 0.899550 0.006016
vt 0.928522 0.006016
vt 0.928522 0.034988
vt 0.899550 0.034988
vt 0.928317 0.310946
vt 0.899345 0.310946
vt 0.899346 0.281974
vt 0.928317 0.281974
vt 0.899346 0.197796
vt 0.928317 0.197796
vt 0.928317 0.226768
vt 0.899346 0.226767
vt 0.660206 0.480304
vt 0.689178 0.480304
vt 0.689178 0.509275
vt 0.660206 0.509275
vt 0.899346 0.239885
vt 0.928317 0.239885
vt 0.928317 0.268857
vt 0.899346 0.268857
vt 0.899550 0.051585
vt 0.928522 0.051585
vt 0.928522 0.080556
vt 0.899550 0.080556
vt 0.899346 0.324063
vt 0.928317 0.324063
vt 0.928317 0.353035
vt 0.899346 0.353035
vt 0.899346 0.147679
vt 0.928317 0.147679
vt 0.928317 0.176651
vt 0.899346 0.176651
vt 0.897072 0.480304
vt 0.926043 0.480304
vt 0.926043 0.509275
vt 0.897072 0.509275
vt 0.851503 0.480304
vt 0.880474 0.480304
vt 0.880474 0.509275
vt 0.851503 0.509275
vt 0.712523 0.480304
vt 0.741495 0.480304
vt 0.741495 0.509275
vt 0.712523 0.509275
vt 0.758092 0.480304
vt 0.787063 0.480304
vt 0.787063 0.509275
vt 0.758092 0.509275
vt 0.614564 0.480304
vt 0.643535 0.480304
vt 0.643535 0.509275
vt 0.614564 0.509275
vt 0.805821 0.480304
vt 0.834793 0.480304
vt 0.834793 0.509275
vt 0.805821 0.509275
vt 0.563242 0.480304
vt 0.592214 0.480304
vt 0.592214 0.509275
vt 0.563242 0.509275
vt 0.899346 0.102111
vt 0.928317 0.102111
vt 0.928317 0.131082
vt 0.899346 0.131082
vt 0.521153 0.480304
vt 0.550124 0.480304
vt 0.550124 0.509275
vt 0.521153 0.509275
vt 0.614564 0.434735
vt 0.647015 0.434735
vt 0.647015 0.467186
vt 0.614564 0.467186
vt 0.853777 0.245639
vt 0.886228 0.245639
vt 0.886228 0.278090
vt 0.853777 0.278090
vt 0.853777 0.102111
vt 0.886228 0.102111
vt 0.886228 0.134562
vt 0.853777 0.134562
vt 0.805934 0.389167
vt 0.838385 0.389167
vt 0.838385 0.421617
vt 0.805934 0.421617
vt 0.568995 0.389167
vt 0.601446 0.389167
vt 0.601446 0.421618
vt 0.568995 0.421617
vt 0.616838 0.389167
vt 0.649289 0.389167
vt 0.649289 0.421617
vt 0.616838 0.421617
vt 0.760366 0.389167
vt 0.792817 0.389167
vt 0.792817 0.421617
vt 0.760366 0.421617
vt 0.475789 0.006016
vt 0.508240 0.006016
vt 0.508240 0.038467
vt 0.475789 0.038467
vt 0.851503 0.389167
vt 0.883954 0.389167
vt 0.883954 0.421617
vt 0.851503 0.421617
vt 0.422831 0.439380
vt 0.455282 0.439380
vt 0.455282 0.471831
vt 0.422831 0.471831
vt 0.473310 0.437009
vt 0.505761 0.437009
vt 0.505761 0.469460
vt 0.473310 0.469460
vt 0.853777 0.291207
vt 0.886228 0.291207
vt 0.886228 0.323658
vt 0.853777 0.323658
vt 0.521153 0.389167
vt 0.553604 0.389167
vt 0.553604 0.421618
vt 0.521153 0.421618
vt 0.808208 0.102111
vt 0.840659 0.102111
vt 0.840659 0.134562
vt 0.808208 0.134562
vt 0.712523 0.389167
vt 0.744974 0.389167
vt 0.744974 0.421618
vt 0.712523 0.421618
vt 0.521153 0.434735
vt 0.553604 0.434735
vt 0.553604 0.467186
vt 0.521153 0.467186
vt 0.422830 0.393812
vt 0.455281 0.393812
vt 0.455281 0.426262
vt 0.422830 0.426262
vt 0.808413 0.053859
vt 0.840864 0.053859
vt 0.840864 0.086310
vt 0.808413 0.086310
vt 0.853777 0.341324
vt 0.886228 0.341324
vt 0.886228 0.373775
vt 0.853777 0.373775
vt 0.853981 0.053859
vt 0.886432 0.053859
vt 0.886432 0.086310
vt 0.853981 0.086310
vt 0.897072 0.434735
vt 0.929522 0.434735
vt 0.929522 0.467186
vt 0.897072 0.467186
vt 0.808208 0.293481
vt 0.840659 0.293481
vt 0.840659 0.325932
vt 0.808208 0.325932
vt 0.808208 0.149953
vt 0.840659 0.149953
vt 0.840659 0.182405
vt 0.808209 0.182405
vt 0.664681 0.389167
vt 0.697132 0.389167
vt 0.697132 0.421617
vt 0.664681 0.421617
vt 0.808208 0.197796
vt 0.840659 0.197796
vt 0.840659 0.230247
vt 0.808208 0.230247
vt 0.851503 0.434735
vt 0.883954 0.434735
vt 0.883954 0.467186
vt 0.851503 0.467186
vt 0.853777 0.197796
vt 0.886228 0.197796
vt 0.886228 0.230247
vt 0.853777 0.230247
vt 0.758092 0.434735
vt 0.790543 0.434735
vt 0.790543 0.467186
vt 0.758092 0.467186
vt 0.712523 0.434735
vt 0.744974 0.434735
vt 0.744974 0.467186
vt 0.712523 0.467186
vt 0.664681 0.434735
vt 0.697132 0.434735
vt 0.697132 0.467186
vt 0.664681 0.467186
vt 0.803660 0.434735
vt 0.836111 0.434735
vt 0.836111 0.467186
vt 0.803660 0.467186
vt 0.853777 0.149954
vt 0.886228 0.149954
vt 0.886228 0.182405
vt 0.853777 0.182405
vt 0.475789 0.054063
vt 0.508240 0.054063
vt 0.508240 0.086514
vt 0.475789 0.086514
vt 0.853981 0.006016
vt 0.886432 0.006016
vt 0.886432 0.038467
vt 0.853981 0.038467
vt 0.808208 0.245639
vt 0.840659 0.245639
vt 0.840659 0.278090
vt 0.808208 0.278090
vt 0.808208 0.341324
vt 0.840659 0.341324
vt 0.840659 0.373775
vt 0.808208 0.373775
vt 0.568995 0.434735
vt 0.601446 0.434735
vt 0.601446 0.467186
vt 0.568995 0.467186
vt 0.897072 0.389167
vt 0.929522 0.389167
vt 0.929522 0.421617
vt 0.897072 0.421617
vt 0.808413 0.006016
vt 0.840864 0.006016
vt 0.840864 0.038467
vt 0.808413 0.038467
vt 0.257412 0.230975
vt 0.257774 0.218224
vt 0.258109 0.218561
vt 0.258086 0.230979
vt 0.754350 0.421617
vt 0.754350 0.389167
vt 0.609737 0.149953
vt 0.609737 0.184678
vt 0.760366 0.383150
vt 0.792817 0.383150
vt 0.603720 0.190695
vt 0.568995 0.190695
vt 0.798833 0.389167
vt 0.798833 0.421617
vt 0.610822 0.280364
vt 0.610822 0.245639
vt 0.792817 0.427634
vt 0.760366 0.427634
vt 0.616838 0.239623
vt 0.651563 0.239623
vt 0.467294 0.038467
vt 0.469773 0.006016
vt 0.657579 0.245639
vt 0.657579 0.280364
vt 0.475789 0.000000
vt 0.508240 0.000000
vt 0.651563 0.286380
vt 0.616838 0.286380
vt 0.514256 0.006016
vt 0.514256 0.038467
vt 0.467294 0.232521
vt 0.467294 0.197796
vt 0.508240 0.044483
vt 0.475789 0.046962
vt 0.473310 0.191780
vt 0.508035 0.191780
vt 0.845487 0.421617
vt 0.845487 0.389167
vt 0.514051 0.197796
vt 0.514051 0.232521
vt 0.851503 0.383150
vt 0.883954 0.383150
vt 0.508035 0.238537
vt 0.473310 0.238537
vt 0.889970 0.389167
vt 0.889970 0.421617
vt 0.610822 0.328206
vt 0.610822 0.293481
vt 0.883954 0.427634
vt 0.851503 0.427634
vt 0.616838 0.287465
vt 0.651563 0.287465
vt 0.416814 0.471831
vt 0.416814 0.439380
vt 0.657579 0.293481
vt 0.657579 0.328206
vt 0.422831 0.433364
vt 0.455282 0.433364
vt 0.651563 0.334222
vt 0.616838 0.334222
vt 0.461298 0.439380
vt 0.461298 0.471831
vt 0.754554 0.088993
vt 0.754554 0.054268
vt 0.455282 0.477847
vt 0.422831 0.477847
vt 0.760570 0.048252
vt 0.795295 0.048252
vt 0.467294 0.469460
vt 0.467294 0.437009
vt 0.801312 0.054268
vt 0.801312 0.088993
vt 0.473310 0.430993
vt 0.505761 0.430993
vt 0.795295 0.095009
vt 0.760570 0.095009
vt 0.511777 0.437009
vt 0.511777 0.469460
vt 0.706507 0.280364
vt 0.706507 0.245639
vt 0.505761 0.475476
vt 0.473310 0.475476
vt 0.712523 0.239623
vt 0.747248 0.239623
vt 0.847761 0.323658
vt 0.847761 0.291207
vt 0.753264 0.245639
vt 0.753264 0.280364
vt 0.853777 0.285191
vt 0.886228 0.285191
vt 0.747248 0.286380
vt 0.712523 0.286380
vt 0.892244 0.291207
vt 0.892244 0.323658
vt 0.706507 0.136836
vt 0.706507 0.102111
vt 0.886228 0.329674
vt 0.853777 0.329674
vt 0.712523 0.096095
vt 0.747248 0.096095
vt 0.515137 0.421618
vt 0.515137 0.389167
vt 0.753264 0.102111
vt 0.753264 0.136836
vt 0.521153 0.383150
vt 0.553604 0.383150
vt 0.747248 0.142852
vt 0.712523 0.142852
vt 0.559620 0.389167
vt 0.559620 0.421618
vt 0.467294 0.136836
vt 0.467294 0.102111
vt 0.553604 0.427634
vt 0.521153 0.427634
vt 0.473310 0.096095
vt 0.508035 0.096095
vt 0.802192 0.134562
vt 0.802192 0.102111
vt 0.514051 0.102111
vt 0.514051 0.136836
vt 0.808208 0.096095
vt 0.840659 0.096095
vt 0.508035 0.142852
vt 0.473310 0.142852
vt 0.846676 0.102111
vt 0.846676 0.134562
vt 0.515137 0.136836
vt 0.515137 0.102111
vt 0.840659 0.140578
vt 0.808208 0.140578
vt 0.521153 0.096095
vt 0.555878 0.096095
vt 0.706507 0.421618
vt 0.706507 0.389167
vt 0.561894 0.102111
vt 0.561894 0.136836
vt 0.712523 0.383150
vt 0.744974 0.383150
vt 0.555878 0.142852
vt 0.521153 0.142852
vt 0.750990 0.389167
vt 0.750990 0.421618
vt 0.658665 0.184678
vt 0.658665 0.149953
vt 0.744974 0.427634
vt 0.712523 0.427634
vt 0.664681 0.143937
vt 0.699406 0.143937
vt 0.515137 0.467186
vt 0.515137 0.434735
vt 0.705422 0.149953
vt 0.705422 0.184678
vt 0.521153 0.428719
vt 0.553604 0.428719
vt 0.699406 0.190695
vt 0.664681 0.190695
vt 0.559620 0.434735
vt 0.559620 0.467186
vt 0.467294 0.280364
vt 0.467294 0.245639
vt 0.553604 0.473202
vt 0.521153 0.473202
vt 0.473310 0.239623
vt 0.508035 0.239623
vt 0.416814 0.426262
vt 0.416814 0.393812
vt 0.514051 0.245639
vt 0.514051 0.280364
vt 0.422830 0.387795
vt 0.455281 0.387795
vt 0.508035 0.286380
vt 0.473310 0.286380
vt 0.461298 0.393812
vt 0.461298 0.426262
vt 0.562979 0.376049
vt 0.562979 0.341324
vt 0.455281 0.432279
vt 0.422830 0.432279
vt 0.568995 0.335308
vt 0.603720 0.335308
vt 0.802397 0.086310
vt 0.802397 0.053859
vt 0.609737 0.341324
vt 0.609737 0.376049
vt 0.808413 0.047843
vt 0.840864 0.047843
vt 0.603721 0.382065
vt 0.568995 0.382065
vt 0.846880 0.053859
vt 0.846880 0.086310
vt 0.515341 0.088993
vt 0.515341 0.054268
vt 0.840864 0.092326
vt 0.808413 0.092326
vt 0.521357 0.048252
vt 0.556082 0.048252
vt 0.847761 0.373775
vt 0.847761 0.341324
vt 0.562099 0.054268
vt 0.562099 0.088993
vt 0.853777 0.335308
vt 0.886228 0.335308
vt 0.556082 0.095009
vt 0.521357 0.095009
vt 0.892244 0.341324
vt 0.892244 0.373775
vt 0.515137 0.328206
vt 0.515137 0.293481
vt 0.886228 0.379791
vt 0.853777 0.379791
vt 0.521153 0.287465
vt 0.555878 0.287465
vt 0.847965 0.086310
vt 0.847965 0.053859
vt 0.561894 0.293481
vt 0.561894 0.328206
vt 0.853981 0.047843
vt 0.886432 0.047843
vt 0.555878 0.334223
vt 0.521153 0.334223
vt 0.892449 0.053859
vt 0.892449 0.086310
vt 0.467294 0.328206
vt 0.467294 0.293481
vt 0.886432 0.092326
vt 0.853981 0.092326
vt 0.473310 0.287465
vt 0.508035 0.287465
vt 0.891055 0.467186
vt 0.891055 0.434735
vt 0.514051 0.293481
vt 0.514051 0.328206
vt 0.897072 0.428719
vt 0.929522 0.428719
vt 0.508035 0.334223
vt 0.473310 0.334223
vt 0.935539 0.434735
vt 0.935539 0.467186
vt 0.467294 0.376049
vt 0.467294 0.341324
vt 0.929522 0.473202
vt 0.897072 0.473202
vt 0.473310 0.335308
vt 0.508035 0.335308
vt 0.802192 0.325932
vt 0.802192 0.293481
vt 0.514051 0.341324
vt 0.514051 0.376049
vt 0.808208 0.287465
vt 0.840659 0.287465
vt 0.508035 0.382065
vt 0.473310 0.382065
vt 0.846675 0.293481
vt 0.846676 0.325932
vt 0.801107 0.102111
vt 0.801107 0.136836
vt 0.840659 0.331949
vt 0.808208 0.331948
vt 0.795091 0.142852
vt 0.760366 0.142852
vt 0.802192 0.182405
vt 0.802192 0.149953
vt 0.760366 0.096095
vt 0.795091 0.096095
vt 0.808208 0.143937
vt 0.840659 0.143937
vt 0.754350 0.136836
vt 0.754350 0.102111
vt 0.846676 0.149953
vt 0.846676 0.182405
vt 0.705626 0.054268
vt 0.705626 0.088993
vt 0.840659 0.188421
vt 0.808209 0.188421
vt 0.699610 0.095009
vt 0.664885 0.095009
vt 0.658665 0.421617
vt 0.658665 0.389167
vt 0.664885 0.048252
vt 0.699610 0.048252
vt 0.562979 0.232521
vt 0.562979 0.197796
vt 0.664681 0.383150
vt 0.697132 0.383150
vt 0.658869 0.088993
vt 0.658869 0.054268
vt 0.568995 0.191780
vt 0.603720 0.191780
vt 0.703148 0.389167
vt 0.703148 0.421617
vt 0.705422 0.293481
vt 0.705422 0.328206
vt 0.609737 0.197796
vt 0.609737 0.232521
vt 0.697132 0.427634
vt 0.664681 0.427634
vt 0.699406 0.334222
vt 0.664681 0.334222
vt 0.603720 0.238537
vt 0.568995 0.238537
vt 0.802192 0.230247
vt 0.802192 0.197796
vt 0.664681 0.287465
vt 0.699406 0.287465
vt 0.706507 0.328206
vt 0.706507 0.293481
vt 0.808208 0.191780
vt 0.840659 0.191780
vt 0.658664 0.328206
vt 0.658664 0.293481
vt 0.712523 0.287465
vt 0.747248 0.287465
vt 0.846675 0.197796
vt 0.846675 0.230247
vt 0.463572 0.154598
vt 0.463572 0.189323
vt 0.753264 0.293481
vt 0.753264 0.328206
vt 0.840659 0.236263
vt 0.808208 0.236263
vt 0.457555 0.195340
vt 0.422830 0.195340
vt 0.747248 0.334223
vt 0.712523 0.334223
vt 0.845487 0.467186
vt 0.845487 0.434735
vt 0.422830 0.148582
vt 0.457555 0.148582
vt 0.658665 0.232521
vt 0.658664 0.197796
vt 0.851503 0.428719
vt 0.883954 0.428719
vt 0.416814 0.189323
vt 0.416814 0.154598
vt 0.664681 0.191780
vt 0.699406 0.191780
vt 0.889970 0.434735
vt 0.889970 0.467186
vt 0.562979 0.328206
vt 0.562979 0.293481
vt 0.705422 0.197796
vt 0.705422 0.232521
vt 0.883954 0.473202
vt 0.851503 0.473202
vt 0.568995 0.287465
vt 0.603720 0.287465
vt 0.699406 0.238537
vt 0.664681 0.238537
vt 0.847761 0.230247
vt 0.847761 0.197796
vt 0.609737 0.293481
vt 0.609737 0.328206
vt 0.610822 0.376049
vt 0.610822 0.341324
vt 0.853777 0.191780
vt 0.886228 0.191780
vt 0.603720 0.334222
vt 0.568995 0.334222
vt 0.616838 0.335308
vt 0.651563 0.335308
vt 0.892244 0.197796
vt 0.892244 0.230247
vt 0.562979 0.280364
vt 0.562979 0.245639
vt 0.657579 0.341324
vt 0.657579 0.376049
vt 0.886228 0.236263
vt 0.853777 0.236263
vt 0.568995 0.239623
vt 0.603720 0.239623
vt 0.651563 0.382065
vt 0.616838 0.382065
vt 0.752076 0.467186
vt 0.752076 0.434735
vt 0.609737 0.245639
vt 0.609737 0.280364
vt 0.515341 0.040741
vt 0.515341 0.006016
vt 0.758092 0.428719
vt 0.790543 0.428719
vt 0.603720 0.286380
vt 0.568995 0.286380
vt 0.521357 0.000000
vt 0.556082 0.000000
vt 0.796559 0.434735
vt 0.796559 0.467186
vt 0.416814 0.285009
vt 0.416814 0.250284
vt 0.562099 0.006016
vt 0.562099 0.040741
vt 0.790543 0.473202
vt 0.758092 0.473202
vt 0.422830 0.244268
vt 0.457556 0.244268
vt 0.556082 0.046757
vt 0.521357 0.046757
vt 0.706507 0.467186
vt 0.706507 0.434735
vt 0.463572 0.250284
vt 0.463572 0.285009
vt 0.754350 0.232521
vt 0.754350 0.197796
vt 0.712523 0.428719
vt 0.744974 0.428719
vt 0.457556 0.291025
vt 0.422830 0.291025
vt 0.760366 0.191780
vt 0.795091 0.191780
vt 0.750991 0.434735
vt 0.750991 0.467186
vt 0.706507 0.184678
vt 0.706507 0.149953
vt 0.801107 0.197796
vt 0.801107 0.232521
vt 0.744974 0.473202
vt 0.712523 0.473202
vt 0.712523 0.143937
vt 0.747248 0.143937
vt 0.795091 0.238537
vt 0.760366 0.238537
vt 0.658664 0.467186
vt 0.658665 0.434735
vt 0.753264 0.149953
vt 0.753264 0.184678
vt 0.658665 0.136836
vt 0.658664 0.102111
vt 0.664681 0.428719
vt 0.697132 0.428719
vt 0.747248 0.190695
vt 0.712523 0.190695
vt 0.664681 0.096095
vt 0.699406 0.096095
vt 0.703148 0.434735
vt 0.703148 0.467186
vt 0.416814 0.141481
vt 0.416814 0.106756
vt 0.705422 0.102111
vt 0.705422 0.136836
vt 0.697132 0.473202
vt 0.664681 0.473202
vt 0.422831 0.100740
vt 0.457556 0.100740
vt 0.699406 0.142852
vt 0.664681 0.142852
vt 0.797644 0.467186
vt 0.797644 0.434735
vt 0.463572 0.106756
vt 0.463572 0.141481
vt 0.706712 0.088993
vt 0.706712 0.054268
vt 0.803660 0.428719
vt 0.836111 0.428719
vt 0.457555 0.147497
vt 0.422830 0.147497
vt 0.712728 0.048252
vt 0.747453 0.048252
vt 0.842127 0.434735
vt 0.842128 0.467186
vt 0.515137 0.232521
vt 0.515137 0.197796
vt 0.753469 0.054268
vt 0.753469 0.088993
vt 0.836111 0.473202
vt 0.803660 0.473202
vt 0.521153 0.191780
vt 0.555878 0.191780
vt 0.747453 0.095009
vt 0.712728 0.095009
vt 0.847761 0.182405
vt 0.847761 0.149954
vt 0.561894 0.197796
vt 0.561894 0.232521
vt 0.611026 0.088993
vt 0.611026 0.054268
vt 0.853777 0.143937
vt 0.886228 0.143937
vt 0.555878 0.238537
vt 0.521153 0.238537
vt 0.617043 0.048252
vt 0.651768 0.048252
vt 0.892244 0.149954
vt 0.892244 0.182405
vt 0.563184 0.088993
vt 0.563184 0.054268
vt 0.657784 0.054268
vt 0.657784 0.088993
vt 0.886228 0.188421
vt 0.853777 0.188421
vt 0.569200 0.048252
vt 0.603925 0.048252
vt 0.651767 0.095009
vt 0.617043 0.095009
vt 0.467294 0.086514
vt 0.469773 0.054063
vt 0.609941 0.054268
vt 0.609941 0.088993
vt 0.610822 0.136836
vt 0.610822 0.102111
vt 0.475789 0.048047
vt 0.508240 0.048047
vt 0.603925 0.095009
vt 0.569200 0.095009
vt 0.616838 0.096095
vt 0.651563 0.096095
vt 0.514256 0.054063
vt 0.514256 0.086514
vt 0.416814 0.043378
vt 0.416814 0.006016
vt 0.657579 0.102111
vt 0.657579 0.136836
vt 0.508240 0.092531
vt 0.475789 0.095009
vt 0.422830 0.000000
vt 0.460193 0.000000
vt 0.651563 0.142852
vt 0.616838 0.142852
vt 0.847965 0.038467
vt 0.847965 0.006016
vt 0.466209 0.006016
vt 0.466209 0.043378
vt 0.515137 0.280364
vt 0.515137 0.245639
vt 0.853981 0.000000
vt 0.886432 0.000000
vt 0.460193 0.049395
vt 0.422830 0.049395
vt 0.521153 0.239623
vt 0.555878 0.239623
vt 0.892449 0.006016
vt 0.892449 0.038467
vt 0.467294 0.511549
vt 0.467294 0.482578
vt 0.561894 0.245639
vt 0.561894 0.280364
vt 0.886432 0.044483
vt 0.853981 0.044483
vt 0.473310 0.476562
vt 0.502282 0.476562
vt 0.555878 0.286380
vt 0.521153 0.286380
vt 0.802192 0.278090
vt 0.802192 0.245639
vt 0.508298 0.482578
vt 0.508298 0.511549
vt 0.515137 0.376049
vt 0.515137 0.341324
vt 0.808208 0.239623
vt 0.840659 0.239623
vt 0.502282 0.517565
vt 0.473310 0.517565
vt 0.521153 0.335308
vt 0.555878 0.335308
vt 0.846676 0.245639
vt 0.846676 0.278090
vt 0.893534 0.034988
vt 0.893534 0.006016
vt 0.561894 0.341324
vt 0.561894 0.376049
vt 0.840659 0.284106
vt 0.808208 0.284106
vt 0.899550 0.000000
vt 0.928522 0.000000
vt 0.555878 0.382065
vt 0.521153 0.382065
vt 0.802192 0.373775
vt 0.802192 0.341324
vt 0.934538 0.006016
vt 0.934538 0.034988
vt 0.562979 0.136836
vt 0.562979 0.102111
vt 0.808208 0.335308
vt 0.840659 0.335308
vt 0.928522 0.041004
vt 0.899550 0.041004
vt 0.568995 0.096095
vt 0.603720 0.096095
vt 0.846676 0.341324
vt 0.846676 0.373775
vt 0.934333 0.281974
vt 0.934333 0.310946
vt 0.609737 0.102111
vt 0.609737 0.136836
vt 0.840659 0.379791
vt 0.808208 0.379791
vt 0.928317 0.316962
vt 0.899345 0.316962
vt 0.603720 0.142852
vt 0.568995 0.142852
vt 0.562979 0.467186
vt 0.562979 0.434735
vt 0.893329 0.310946
vt 0.893329 0.281974
vt 0.754350 0.376049
vt 0.754350 0.341324
vt 0.568995 0.428719
vt 0.601446 0.428719
vt 0.899346 0.275958
vt 0.928317 0.275958
vt 0.760366 0.335308
vt 0.795091 0.335308
vt 0.607463 0.434735
vt 0.607463 0.467186
vt 0.893329 0.226767
vt 0.893329 0.197796
vt 0.801107 0.341324
vt 0.801107 0.376049
vt 0.601446 0.473202
vt 0.568995 0.473202
vt 0.899346 0.191780
vt 0.928317 0.191780
vt 0.795091 0.382065
vt 0.760366 0.382065
vt 0.891055 0.421617
vt 0.891055 0.389167
vt 0.934333 0.197796
vt 0.934333 0.226768
vt 0.611026 0.040741
vt 0.611026 0.006016
vt 0.897072 0.383150
vt 0.929522 0.383150
vt 0.928317 0.232784
vt 0.899346 0.232784
vt 0.617043 0.000000
vt 0.651768 0.000000
vt 0.935539 0.389167
vt 0.935539 0.421617
vt 0.654190 0.509275
vt 0.654190 0.480304
vt 0.657784 0.006016
vt 0.657784 0.040741
vt 0.929522 0.427634
vt 0.897072 0.427634
vt 0.660206 0.474288
vt 0.689178 0.474288
vt 0.651768 0.046757
vt 0.617043 0.046757
vt 0.802397 0.038467
vt 0.802397 0.006016
vt 0.695194 0.480304
vt 0.695194 0.509275
vt 0.754350 0.280364
vt 0.754350 0.245639
vt 0.808413 0.000000
vt 0.840864 0.000000
vt 0.689178 0.515291
vt 0.660206 0.515291
vt 0.760366 0.239623
vt 0.795091 0.239623
vt 0.846880 0.006016
vt 0.846880 0.038467
vt 0.893329 0.268857
vt 0.893329 0.239885
vt 0.801107 0.245639
vt 0.801107 0.280364
vt 0.840864 0.044483
vt 0.808413 0.044483
vt 0.899346 0.233869
vt 0.928317 0.233869
vt 0.795091 0.286380
vt 0.760366 0.286380
vt 0.934333 0.239885
vt 0.934333 0.268857
vt 0.515137 0.184679
vt 0.515137 0.149953
vt 0.928317 0.274873
vt 0.899346 0.274873
vt 0.521153 0.143937
vt 0.555878 0.143937
vt 0.893534 0.080556
vt 0.893534 0.051585
vt 0.561894 0.149953
vt 0.561894 0.184679
vt 0.899550 0.045569
vt 0.928522 0.045569
vt 0.555878 0.190695
vt 0.521153 0.190695
vt 0.934538 0.051585
vt 0.934538 0.080556
vt 0.658665 0.280364
vt 0.658665 0.245639
vt 0.928522 0.086572
vt 0.899550 0.086572
vt 0.664681 0.239623
vt 0.699406 0.239623
vt 0.893329 0.353035
vt 0.893329 0.324063
vt 0.705422 0.245639
vt 0.705422 0.280364
vt 0.899346 0.318047
vt 0.928317 0.318047
vt 0.699406 0.286380
vt 0.664681 0.286380
vt 0.934333 0.324063
vt 0.934333 0.353035
vt 0.610822 0.184678
vt 0.610822 0.149953
vt 0.928317 0.359051
vt 0.899346 0.359051
vt 0.616838 0.143937
vt 0.651563 0.143937
vt 0.893329 0.176651
vt 0.893329 0.147679
vt 0.657579 0.149953
vt 0.657579 0.184678
vt 0.899346 0.141663
vt 0.928317 0.141663
vt 0.651563 0.190695
vt 0.616838 0.190695
vt 0.934333 0.147679
vt 0.934333 0.176651
vt 0.754350 0.184678
vt 0.754350 0.149953
vt 0.928317 0.182667
vt 0.899346 0.182667
vt 0.760366 0.143937
vt 0.795091 0.143937
vt 0.891055 0.509275
vt 0.891055 0.480304
vt 0.801107 0.149953
vt 0.801107 0.184678
vt 0.897072 0.474287
vt 0.926043 0.474287
vt 0.795091 0.190695
vt 0.760366 0.190695
vt 0.914103 0.550624
vt 0.913948 0.560537
vt 0.820123 0.560537
vt 0.820277 0.550624
vt 0.932059 0.480304
vt 0.932059 0.509275
vt 0.563184 0.040741
vt 0.563184 0.006016
vt 0.926043 0.515291
vt 0.897072 0.515291
vt 0.569200 0.000000
vt 0.603925 0.000000
vt 0.432778 0.711701
vt 0.432933 0.701788
vt 0.820122 0.701788
vt 0.819968 0.711701
vt 0.845487 0.509275
vt 0.845487 0.480304
vt 0.609941 0.006016
vt 0.609941 0.040741
vt 0.851503 0.474287
vt 0.880474 0.474287
vt 0.603925 0.046757
vt 0.569200 0.046757
vt 0.252491 0.224689
vt 0.252491 0.228562
vt 0.251144 0.228562
vt 0.251144 0.224689
vt 0.886491 0.480304
vt 0.886491 0.509275
vt 0.754350 0.328206
vt 0.754350 0.293481
vt 0.249135 0.224689
vt 0.249135 0.228562
vt 0.236730 0.228562
vt 0.236730 0.224689
vt 0.880474 0.515291
vt 0.851503 0.515291
vt 0.760366 0.287465
vt 0.795091 0.287465
vt 0.261975 0.217893
vt 0.261974 0.218566
vt 0.706507 0.509275
vt 0.706507 0.480304
vt 0.801107 0.293481
vt 0.801107 0.328206
vt 0.712523 0.474287
vt 0.741495 0.474287
vt 0.795091 0.334223
vt 0.760366 0.334223
vt 0.747511 0.480304
vt 0.747511 0.509275
vt 0.706507 0.232521
vt 0.706507 0.197796
vt 0.741495 0.515291
vt 0.712523 0.515291
vt 0.712523 0.191780
vt 0.747248 0.191780
vt 0.752076 0.509275
vt 0.752076 0.480304
vt 0.753264 0.197796
vt 0.753264 0.232521
vt 0.758092 0.474287
vt 0.787063 0.474287
vt 0.747248 0.238537
vt 0.712523 0.238537
vt 0.793080 0.480304
vt 0.793080 0.509275
vt 0.467294 0.423892
vt 0.467294 0.389167
vt 0.787063 0.515291
vt 0.758092 0.515291
vt 0.473310 0.383150
vt 0.508035 0.383150
vt 0.608548 0.509275
vt 0.608548 0.480304
vt 0.514051 0.389167
vt 0.514051 0.423892
vt 0.614564 0.474288
vt 0.643535 0.474288
vt 0.508035 0.429908
vt 0.473310 0.429908
vt 0.649552 0.480304
vt 0.649552 0.509275
vt 0.416814 0.380694
vt 0.416814 0.345969
vt 0.643535 0.515291
vt 0.614564 0.515291
vt 0.422830 0.339953
vt 0.457555 0.339953
vt 0.799805 0.509275
vt 0.799805 0.480304
vt 0.463572 0.345969
vt 0.463572 0.380694
vt 0.805821 0.474287
vt 0.834793 0.474287
vt 0.457555 0.386710
vt 0.422830 0.386710
vt 0.840809 0.480304
vt 0.840809 0.509275
vt 0.706712 0.040741
vt 0.706712 0.006016
vt 0.834793 0.515291
vt 0.805821 0.515291
vt 0.712728 0.000000
vt 0.747453 0.000000
vt 0.557226 0.509275
vt 0.557226 0.480304
vt 0.753469 0.006016
vt 0.753469 0.040741
vt 0.563242 0.474288
vt 0.592214 0.474288
vt 0.747453 0.046757
vt 0.712728 0.046757
vt 0.598230 0.480304
vt 0.598230 0.509275
vt 0.754554 0.040741
vt 0.754554 0.006016
vt 0.592214 0.515291
vt 0.563242 0.515291
vt 0.760570 0.000000
vt 0.795295 0.000000
vt 0.893329 0.131082
vt 0.893329 0.102111
vt 0.801312 0.006016
vt 0.801312 0.040741
vt 0.899346 0.096095
vt 0.928317 0.096095
vt 0.795295 0.046757
vt 0.760570 0.046757
vt 0.934333 0.102111
vt 0.934333 0.131082
vt 0.706507 0.376049
vt 0.706507 0.341324
vt 0.928317 0.137098
vt 0.899346 0.137098
vt 0.712523 0.335308
vt 0.747248 0.335308
vt 0.515137 0.509275
vt 0.515137 0.480304
vt 0.753264 0.341324
vt 0.753264 0.376049
vt 0.521153 0.474288
vt 0.550124 0.474288
vt 0.747248 0.382065
vt 0.712523 0.382065
vt 0.556141 0.480304
vt 0.556141 0.509275
vt 0.658664 0.376049
vt 0.658664 0.341324
vt 0.550124 0.515291
vt 0.521153 0.515291
vt 0.664681 0.335308
vt 0.699405 0.335308
vt 0.608548 0.467186
vt 0.608548 0.434735
vt 0.705422 0.341324
vt 0.705422 0.376049
vt 0.614564 0.428719
vt 0.647015 0.428719
vt 0.699405 0.382065
vt 0.664681 0.382065
vt 0.653031 0.434735
vt 0.653031 0.467186
vt 0.416814 0.332851
vt 0.416814 0.298126
vt 0.647015 0.473202
vt 0.614564 0.473202
vt 0.422830 0.292110
vt 0.457555 0.292110
vt 0.847761 0.278090
vt 0.847761 0.245639
vt 0.463572 0.298126
vt 0.463572 0.332851
vt 0.853777 0.239623
vt 0.886228 0.239623
vt 0.457555 0.338868
vt 0.422830 0.338868
vt 0.892244 0.245639
vt 0.892244 0.278090
vt 0.658869 0.040741
vt 0.658869 0.006016
vt 0.886228 0.284106
vt 0.853777 0.284106
vt 0.664885 0.000000
vt 0.699610 0.000000
vt 0.847761 0.134562
vt 0.847761 0.102111
vt 0.705626 0.006016
vt 0.705626 0.040741
vt 0.853777 0.096095
vt 0.886228 0.096095
vt 0.699610 0.046757
vt 0.664885 0.046757
vt 0.892244 0.102111
vt 0.892244 0.134562
vt 0.610822 0.232521
vt 0.610822 0.197796
vt 0.886228 0.140578
vt 0.853777 0.140578
vt 0.616838 0.191780
vt 0.651563 0.191780
vt 0.799918 0.421617
vt 0.799918 0.389167
vt 0.657579 0.197796
vt 0.657579 0.232521
vt 0.805934 0.383150
vt 0.838385 0.383150
vt 0.651563 0.238537
vt 0.616838 0.238537
vt 0.844402 0.389167
vt 0.844402 0.421617
vt 0.416814 0.237166
vt 0.416814 0.202441
vt 0.838385 0.427634
vt 0.805934 0.427634
vt 0.422830 0.196425
vt 0.457555 0.196425
vt 0.562979 0.421617
vt 0.562979 0.389167
vt 0.463572 0.202441
vt 0.463572 0.237166
vt 0.568995 0.383150
vt 0.601446 0.383150
vt 0.457555 0.243182
vt 0.422830 0.243182
vt 0.607463 0.389167
vt 0.607463 0.421618
vt 0.467294 0.184678
vt 0.467294 0.149953
vt 0.601446 0.427634
vt 0.568995 0.427634
vt 0.473310 0.143937
vt 0.508035 0.143937
vt 0.610822 0.421617
vt 0.610822 0.389167
vt 0.514051 0.149953
vt 0.514051 0.184678
vt 0.616838 0.383150
vt 0.649289 0.383150
vt 0.508035 0.190695
vt 0.473310 0.190695
vt 0.655305 0.389167
vt 0.655305 0.421617
vt 0.562979 0.184678
vt 0.562979 0.149953
vt 0.649289 0.427634
vt 0.616838 0.427634
vt 0.568995 0.143937
vt 0.603720 0.143937
vt 0.432933 0.653131
vt 0.820123 0.653131
vt 0.331213 0.082399
vt 0.338130 0.082399
vt 0.338130 0.089315
vt 0.331213 0.089315
vt 0.326331 0.089315
vt 0.326331 0.082399
vt 0.331213 0.077516
vt 0.338130 0.077516
vt 0.343013 0.082399
vt 0.343013 0.089315
vt 0.338130 0.094198
vt 0.331213 0.094198
vt 0.270962 0.038939
vt 0.264046 0.038939
vt 0.264046 0.032023
vt 0.270962 0.032023
vt 0.275845 0.032023
vt 0.275845 0.038939
vt 0.270962 0.043822
vt 0.264046 0.043822
vt 0.259163 0.038939
vt 0.259163 0.032023
vt 0.264046 0.027140
vt 0.270962 0.027140
vt 0.388821 0.711701
vt 0.388976 0.701788
vt 0.388976 0.653131
vt 0.388976 0.560537
vt 0.432933 0.560537
vt 0.397432 0.079584
vt 0.383509 0.079584
vt 0.175571 0.190695
vt 0.177739 0.191267
vt 0.179913 0.192072
vt 0.215141 0.105500
vt 0.219535 0.101490
vt 0.221336 0.206961
vt 0.217903 0.199590
vt 0.433088 0.550624
vt 0.173406 0.190316
vt 0.169151 0.190082
vt 0.171268 0.190114
vt 0.167062 0.190215
vt 0.164990 0.190510
vt 0.184954 0.204523
vt 0.184117 0.194340
vt 0.313883 0.200739
vt 0.313883 0.133075
vt 0.314053 0.133096
vt 0.314217 0.133161
vt 0.314367 0.133265
vt 0.314499 0.133405
vt 0.314608 0.133576
vt 0.314688 0.133771
vt 0.314738 0.133983
vt 0.314755 0.134203
vt 0.314755 0.139175
vt 0.314755 0.149976
vt 0.314755 0.194550
vt 0.314755 0.199611
vt 0.314738 0.199831
vt 0.314688 0.200042
vt 0.314608 0.200237
vt 0.314499 0.200408
vt 0.314367 0.200548
vt 0.314217 0.200653
vt 0.314053 0.200717
vt 0.162872 0.190969
vt 0.383509 0.000000
vt 0.397432 0.000000
vt 0.220501 0.274049
vt 0.219352 0.281965
vt 0.221398 0.266136
vt 0.222044 0.258230
vt 0.222588 0.242454
vt 0.222440 0.250335
vt 0.222488 0.234590
vt 0.222139 0.226749
vt 0.221541 0.218935
vt 0.959607 0.701812
vt 0.957142 0.701788
vt 0.913948 0.653131
vt 0.218216 0.210271
vt 0.206758 0.208291
vt 0.174145 0.072904
vt 0.200378 0.072444
vt 0.386511 0.560512
vt 0.386511 0.653106
vt 0.383510 0.221834
vt 0.397432 0.221834
vt 0.173535 0.087029
vt 0.171454 0.087419
vt 0.169334 0.087716
vt 0.167184 0.087941
vt 0.165035 0.088103
vt 0.162880 0.088200
vt 0.160729 0.088230
vt 0.158574 0.088187
vt 0.957297 0.550624
vt 0.156356 0.088072
vt 0.214163 0.072203
vt 0.219099 0.075931
vt 0.214471 0.082699
vt 0.176751 0.104645
vt 0.174966 0.082910
vt 0.913948 0.701788
vt 0.913793 0.711701
vt 0.149642 0.352123
vt 0.130531 0.352115
vt 0.147374 0.346806
vt 0.127388 0.343207
vt 0.146184 0.341149
vt 0.178702 0.367253
vt 0.180760 0.386048
vt 0.171383 0.384907
vt 0.172922 0.367316
vt 0.184358 0.366064
vt 0.189668 0.382904
vt 0.189674 0.363793
vt 0.198768 0.380371
vt 0.194444 0.360529
vt 0.205796 0.374058
vt 0.198488 0.356398
vt 0.213235 0.368234
vt 0.201646 0.351555
vt 0.217312 0.359711
vt 0.203802 0.346191
vt 0.221956 0.351483
vt 0.204866 0.340508
vt 0.222461 0.342048
vt 0.204805 0.334727
vt 0.223603 0.332669
vt 0.203613 0.329070
vt 0.220459 0.323759
vt 0.201345 0.323753
vt 0.217924 0.314657
vt 0.198079 0.318982
vt 0.211609 0.307629
vt 0.193949 0.314938
vt 0.205784 0.300190
vt 0.189106 0.311780
vt 0.197261 0.296114
vt 0.183743 0.309625
vt 0.189032 0.291471
vt 0.178060 0.308560
vt 0.179598 0.290968
vt 0.172281 0.308623
vt 0.170220 0.289827
vt 0.166624 0.309813
vt 0.161312 0.292973
vt 0.161308 0.312083
vt 0.152212 0.295508
vt 0.156538 0.315348
vt 0.145186 0.301823
vt 0.152497 0.319480
vt 0.137749 0.307648
vt 0.149339 0.324321
vt 0.133675 0.316170
vt 0.147187 0.329686
vt 0.129033 0.324397
vt 0.146123 0.335368
vt 0.128529 0.333829
vt 0.266387 0.475292
vt 0.232367 0.475275
vt 0.233290 0.465262
vt 0.266610 0.471934
vt 0.236155 0.455633
vt 0.267489 0.468693
vt 0.240848 0.446763
vt 0.268988 0.465695
vt 0.247181 0.438994
vt 0.271050 0.463055
vt 0.254902 0.432622
vt 0.273596 0.460878
vt 0.263707 0.427883
vt 0.276530 0.459250
vt 0.273256 0.424948
vt 0.279742 0.458240
vt 0.283181 0.423911
vt 0.283109 0.457893
vt 0.293115 0.424791
vt 0.286500 0.458232
vt 0.302707 0.427552
vt 0.289820 0.459020
vt 0.311595 0.432113
vt 0.292887 0.460440
vt 0.319437 0.438318
vt 0.295589 0.462433
vt 0.325926 0.445938
vt 0.297829 0.464921
vt 0.330805 0.454688
vt 0.299529 0.467807
vt 0.333880 0.464234
vt 0.300621 0.470974
vt 0.335025 0.474207
vt 0.301064 0.474298
vt 0.334192 0.484220
vt 0.300842 0.477650
vt 0.331411 0.493885
vt 0.299962 0.480900
vt 0.326786 0.502825
vt 0.298458 0.483920
vt 0.320497 0.510692
vt 0.296387 0.486593
vt 0.312784 0.517180
vt 0.293829 0.488815
vt 0.303946 0.522038
vt 0.290881 0.490499
vt 0.294326 0.525077
vt 0.287658 0.491579
vt 0.284294 0.526178
vt 0.284283 0.492011
vt 0.274238 0.525299
vt 0.280886 0.491780
vt 0.264548 0.522471
vt 0.277599 0.490894
vt 0.255598 0.517806
vt 0.274549 0.489387
vt 0.247734 0.511483
vt 0.271852 0.487318
vt 0.241261 0.503748
vt 0.269612 0.484768
vt 0.266827 0.478636
vt 0.233427 0.485285
vt 0.267916 0.481836
vt 0.236430 0.494900
vt 0.956987 0.711701
vt 0.386511 0.701763
vt 0.389130 0.550624
vt 0.046534 0.149871
vt 0.049755 0.023945
vt 0.149463 0.021362
vt 0.149520 0.170468
vt 0.391174 0.722658
vt 0.391174 0.989888
vt 0.970899 0.712545
vt 0.391329 0.712545
vt 0.386511 0.722597
vt 0.386510 0.989827
vt 0.391018 1.000000
vt 0.970587 1.000000
vt 0.235382 0.228562
vt 0.235382 0.224689
vt 0.288973 0.218238
vt 0.292668 0.218238
vt 0.292668 0.245891
vt 0.288973 0.245891
vt 0.258098 0.232989
vt 0.261972 0.232976
vt 0.261976 0.234324
vt 0.258103 0.234337
vt 0.251113 0.223341
vt 0.250688 0.221764
vt 0.250667 0.219473
vt 0.251107 0.219469
vt 0.251144 0.223342
vt 0.236730 0.223342
vt 0.249135 0.223342
vt 0.277140 0.218238
vt 0.277140 0.245891
vt 0.256754 0.232999
vt 0.256737 0.230994
vt 0.256737 0.230970
vt 0.272796 0.218251
vt 0.272796 0.245908
vt 0.270610 0.245908
vt 0.270610 0.218251
vt 0.261965 0.230968
vt 0.252887 0.232995
vt 0.252888 0.232556
vt 0.255175 0.232558
vt 0.276658 0.218230
vt 0.276658 0.245887
vt 0.249436 0.223312
vt 0.249726 0.223223
vt 0.249993 0.223078
vt 0.250227 0.222882
vt 0.250421 0.222643
vt 0.250566 0.222370
vt 0.250656 0.222073
vt 0.255484 0.232523
vt 0.255779 0.232430
vt 0.256051 0.232283
vt 0.256288 0.232088
vt 0.256481 0.231853
vt 0.256623 0.231585
vt 0.256710 0.231295
vt 0.256753 0.232969
vt 0.273279 0.218248
vt 0.273279 0.245905
vt 0.273761 0.218246
vt 0.273761 0.245903
vt 0.274244 0.218243
vt 0.274244 0.245900
vt 0.274727 0.218241
vt 0.274727 0.245898
vt 0.275210 0.218238
vt 0.275209 0.245895
vt 0.275692 0.218235
vt 0.275692 0.245892
vt 0.276175 0.218233
vt 0.276175 0.245890
vt 0.247254 0.082399
vt 0.254170 0.082399
vt 0.254170 0.089315
vt 0.247254 0.089315
vt 0.242371 0.089315
vt 0.242371 0.082399
vt 0.247254 0.077516
vt 0.254170 0.077516
vt 0.259053 0.082399
vt 0.259053 0.089315
vt 0.254170 0.094198
vt 0.247254 0.094198
vt 0.287754 0.055731
vt 0.280838 0.055731
vt 0.280838 0.048815
vt 0.287754 0.048815
vt 0.292637 0.048815
vt 0.292637 0.055731
vt 0.287754 0.060614
vt 0.280838 0.060614
vt 0.275955 0.055731
vt 0.275955 0.048815
vt 0.280838 0.043932
vt 0.287754 0.043932
vt 0.254170 0.022147
vt 0.247254 0.022147
vt 0.247254 0.015231
vt 0.254170 0.015231
vt 0.259053 0.015231
vt 0.259053 0.022147
vt 0.254170 0.027030
vt 0.247254 0.027030
vt 0.242371 0.022147
vt 0.242371 0.015231
vt 0.247254 0.010348
vt 0.254170 0.010348
vt 0.314422 0.065607
vt 0.321338 0.065607
vt 0.321338 0.072523
vt 0.314422 0.072523
vt 0.309539 0.072523
vt 0.309539 0.065607
vt 0.314422 0.060724
vt 0.321338 0.060724
vt 0.326221 0.065607
vt 0.326221 0.072523
vt 0.321338 0.077406
vt 0.314422 0.077406
vt 0.280838 0.065607
vt 0.287754 0.065607
vt 0.287754 0.072523
vt 0.280838 0.072523
vt 0.275955 0.072523
vt 0.275955 0.065607
vt 0.280838 0.060724
vt 0.287754 0.060724
vt 0.292637 0.065607
vt 0.292637 0.072523
vt 0.287754 0.077406
vt 0.280838 0.077406
vt 0.297630 0.048815
vt 0.304546 0.048815
vt 0.304546 0.055731
vt 0.297630 0.055731
vt 0.292747 0.055731
vt 0.292747 0.048815
vt 0.297630 0.043932
vt 0.304546 0.043932
vt 0.309429 0.048815
vt 0.309429 0.055731
vt 0.304546 0.060614
vt 0.297630 0.060614
vt 0.297630 0.015231
vt 0.304546 0.015231
vt 0.304546 0.022147
vt 0.297630 0.022147
vt 0.292747 0.022147
vt 0.292747 0.015231
vt 0.297630 0.010348
vt 0.304546 0.010348
vt 0.309429 0.015231
vt 0.309429 0.022147
vt 0.304546 0.027030
vt 0.297630 0.027030
vt 0.254170 0.048815
vt 0.254170 0.055731
vt 0.247254 0.055731
vt 0.247254 0.048815
vt 0.247254 0.043932
vt 0.254170 0.043932
vt 0.259053 0.048815
vt 0.259053 0.055731
vt 0.254170 0.060614
vt 0.247254 0.060614
vt 0.242371 0.055731
vt 0.242371 0.048815
vt 0.280838 0.089315
vt 0.280838 0.082399
vt 0.287754 0.082399
vt 0.287754 0.089315
vt 0.287754 0.094198
vt 0.280838 0.094198
vt 0.275955 0.089315
vt 0.275955 0.082399
vt 0.280838 0.077516
vt 0.287754 0.077516
vt 0.292637 0.082399
vt 0.292637 0.089315
vt 0.331213 0.106107
vt 0.331213 0.099191
vt 0.338130 0.099191
vt 0.338130 0.106107
vt 0.338130 0.110990
vt 0.331213 0.110990
vt 0.326331 0.106107
vt 0.326331 0.099191
vt 0.331213 0.094308
vt 0.338130 0.094308
vt 0.343013 0.099191
vt 0.343013 0.106107
vt 0.280838 0.032023
vt 0.287754 0.032023
vt 0.287754 0.038939
vt 0.280838 0.038939
vt 0.275955 0.038939
vt 0.275955 0.032023
vt 0.280838 0.027140
vt 0.287754 0.027140
vt 0.292637 0.032023
vt 0.292637 0.038939
vt 0.287754 0.043822
vt 0.280838 0.043822
vt 0.247254 0.099190
vt 0.254170 0.099191
vt 0.254170 0.106107
vt 0.247254 0.106107
vt 0.242371 0.106107
vt 0.242371 0.099190
vt 0.247254 0.094308
vt 0.254170 0.094308
vt 0.259053 0.099190
vt 0.259053 0.106107
vt 0.254170 0.110990
vt 0.247254 0.110989
vt 0.247254 0.072523
vt 0.247254 0.065607
vt 0.254170 0.065607
vt 0.254170 0.072523
vt 0.254170 0.077406
vt 0.247254 0.077406
vt 0.242371 0.072523
vt 0.242371 0.065607
vt 0.247254 0.060724
vt 0.254170 0.060724
vt 0.259053 0.065607
vt 0.259053 0.072523
vt 0.314422 0.048815
vt 0.321338 0.048815
vt 0.321338 0.055731
vt 0.314422 0.055731
vt 0.309539 0.055731
vt 0.309539 0.048815
vt 0.314422 0.043932
vt 0.321338 0.043932
vt 0.326221 0.048815
vt 0.326221 0.055731
vt 0.321338 0.060614
vt 0.314422 0.060614
vt 0.297630 0.082399
vt 0.304546 0.082399
vt 0.304546 0.089315
vt 0.297630 0.089315
vt 0.292747 0.089315
vt 0.292747 0.082399
vt 0.297630 0.077516
vt 0.304546 0.077516
vt 0.309429 0.082399
vt 0.309429 0.089315
vt 0.304546 0.094198
vt 0.297630 0.094198
vt 0.314422 0.032023
vt 0.321338 0.032023
vt 0.321338 0.038939
vt 0.314422 0.038939
vt 0.309539 0.038939
vt 0.309539 0.032023
vt 0.314422 0.027140
vt 0.321338 0.027140
vt 0.326221 0.032023
vt 0.326221 0.038939
vt 0.321338 0.043822
vt 0.314422 0.043822
vt 0.297630 0.038939
vt 0.297630 0.032023
vt 0.304546 0.032023
vt 0.304546 0.038939
vt 0.304546 0.043822
vt 0.297630 0.043822
vt 0.292747 0.038939
vt 0.292747 0.032023
vt 0.297630 0.027140
vt 0.304546 0.027140
vt 0.309429 0.032023
vt 0.309429 0.038939
vt 0.297630 0.065607
vt 0.304546 0.065607
vt 0.304546 0.072523
vt 0.297630 0.072523
vt 0.292747 0.072523
vt 0.292747 0.065607
vt 0.297630 0.060724
vt 0.304546 0.060724
vt 0.309429 0.065607
vt 0.309429 0.072523
vt 0.304546 0.077406
vt 0.297630 0.077406
vt 0.331213 0.015231
vt 0.338130 0.015231
vt 0.338130 0.022147
vt 0.331213 0.022147
vt 0.326331 0.022147
vt 0.326331 0.015231
vt 0.331213 0.010348
vt 0.338130 0.010348
vt 0.343013 0.015231
vt 0.343013 0.022147
vt 0.338130 0.027030
vt 0.331213 0.027030
vt 0.270962 0.022147
vt 0.264046 0.022147
vt 0.264046 0.015231
vt 0.270962 0.015231
vt 0.275845 0.015231
vt 0.275845 0.022147
vt 0.270962 0.027030
vt 0.264046 0.027030
vt 0.259163 0.022147
vt 0.259163 0.015231
vt 0.264046 0.010348
vt 0.270962 0.010348
vt 0.331213 0.048815
vt 0.338130 0.048815
vt 0.338130 0.055731
vt 0.331213 0.055731
vt 0.326331 0.055731
vt 0.326331 0.048815
vt 0.331213 0.043932
vt 0.338130 0.043932
vt 0.343013 0.048815
vt 0.343013 0.055731
vt 0.338130 0.060614
vt 0.331213 0.060614
vt 0.314422 0.082399
vt 0.321338 0.082399
vt 0.321338 0.089315
vt 0.314422 0.089315
vt 0.309539 0.089315
vt 0.309539 0.082399
vt 0.314422 0.077516
vt 0.321338 0.077516
vt 0.326221 0.082399
vt 0.326221 0.089315
vt 0.321338 0.094198
vt 0.314422 0.094198
vt 0.280838 0.015231
vt 0.287754 0.015231
vt 0.287754 0.022147
vt 0.280838 0.022147
vt 0.275955 0.022147
vt 0.275955 0.015231
vt 0.280838 0.010348
vt 0.287754 0.010348
vt 0.292637 0.015231
vt 0.292637 0.022147
vt 0.287754 0.027030
vt 0.280838 0.027030
vt 0.331213 0.032023
vt 0.338130 0.032023
vt 0.338130 0.038939
vt 0.331213 0.038939
vt 0.326331 0.038939
vt 0.326331 0.032023
vt 0.331213 0.027140
vt 0.338130 0.027140
vt 0.343013 0.032023
vt 0.343013 0.038939
vt 0.338130 0.043822
vt 0.331213 0.043822
vt 0.264046 0.099191
vt 0.270962 0.099191
vt 0.270962 0.106107
vt 0.264046 0.106107
vt 0.259163 0.106107
vt 0.259163 0.099191
vt 0.264046 0.094308
vt 0.270962 0.094308
vt 0.275845 0.099191
vt 0.275845 0.106107
vt 0.270962 0.110990
vt 0.264046 0.110990
vt 0.247254 0.032023
vt 0.254170 0.032023
vt 0.254170 0.038939
vt 0.247254 0.038939
vt 0.242371 0.038939
vt 0.242371 0.032023
vt 0.247254 0.027140
vt 0.254170 0.027140
vt 0.259053 0.032023
vt 0.259053 0.038939
vt 0.254170 0.043822
vt 0.247254 0.043822
vt 0.314422 0.099191
vt 0.321338 0.099191
vt 0.321338 0.106107
vt 0.314422 0.106107
vt 0.309539 0.106107
vt 0.309539 0.099191
vt 0.314422 0.094308
vt 0.321338 0.094308
vt 0.326221 0.099191
vt 0.326221 0.106107
vt 0.321338 0.110990
vt 0.314422 0.110990
vt 0.314422 0.022147
vt 0.314422 0.015231
vt 0.321338 0.015231
vt 0.321338 0.022147
vt 0.321338 0.027030
vt 0.314422 0.027030
vt 0.309539 0.022147
vt 0.309539 0.015231
vt 0.314422 0.010348
vt 0.321338 0.010348
vt 0.326221 0.015231
vt 0.326221 0.022147
vt 0.297630 0.099191
vt 0.304546 0.099191
vt 0.304546 0.106107
vt 0.297630 0.106107
vt 0.292747 0.106107
vt 0.292747 0.099191
vt 0.297630 0.094308
vt 0.304546 0.094308
vt 0.309429 0.099191
vt 0.309429 0.106107
vt 0.304546 0.110990
vt 0.297630 0.110990
vt 0.331213 0.065607
vt 0.338130 0.065607
vt 0.338130 0.072523
vt 0.331213 0.072523
vt 0.326331 0.072523
vt 0.326331 0.065607
vt 0.331213 0.060724
vt 0.338130 0.060724
vt 0.343013 0.065607
vt 0.343013 0.072523
vt 0.338130 0.077406
vt 0.331213 0.077406
vt 0.280838 0.099191
vt 0.287754 0.099191
vt 0.287754 0.106107
vt 0.280838 0.106107
vt 0.275955 0.106107
vt 0.275955 0.099191
vt 0.280838 0.094308
vt 0.287754 0.094308
vt 0.292637 0.099191
vt 0.292637 0.106107
vt 0.287754 0.110990
vt 0.280838 0.110990
vt 0.258111 0.217216
vt 0.261976 0.217221
vt 0.256765 0.218558
s 1
g base_Material.011
usemtl Material.011
f 1/1/1 2/2/2 3/3/3
f 1/1/1 3/3/3 4/4/4
f 5/5/5 6/6/6 7/7/7
f 5/5/5 7/7/7 8/8/8
f 9/9/9 10/10/10 11/11/11
f 9/9/9 11/11/11 12/12/12
f 13/13/13 14/14/14 15/15/15
f 13/13/13 15/15/15 16/16/16
f 17/17/17 18/18/18 19/19/19
f 17/17/17 19/19/19 20/20/20
f 17/17/17 20/20/20 21/21/21
f 17/17/17 21/21/21 22/22/22
f 17/17/17 22/22/22 23/23/23
f 17/17/17 23/23/23 24/24/24
f 17/17/17 24/24/24 25/25/25
f 17/17/17 25/25/25 7/26/7
f 17/17/17 7/26/7 6/27/6
f 17/17/17 6/27/6 26/28/26
f 17/17/17 26/28/26 27/29/27
f 17/17/17 27/29/27 28/30/28
f 17/17/17 28/30/28 29/31/29
f 17/17/17 29/31/29 30/32/30
f 17/17/17 30/32/30 31/33/31
f 17/17/17 31/33/31 32/34/32
f 17/17/17 32/34/32 33/35/33
f 17/17/17 33/35/33 34/36/34
f 35/37/35 36/38/36 37/39/37
f 35/37/35 37/39/37 38/40/38
f 38/40/38 37/39/37 39/41/39
f 38/40/38 39/41/39 40/42/40
f 40/42/40 39/41/39 41/43/41
f 40/42/40 41/43/41 42/44/42
f 42/44/42 41/43/41 43/45/43
f 42/44/42 43/45/43 44/46/44
f 36/38/36 45/47/45 46/48/46
f 36/38/36 46/48/46 37/39/37
f 37/39/37 46/48/46 47/49/47
f 37/39/37 47/49/47 39/41/39
f 39/41/39 47/49/47 48/50/48
f 39/41/39 48/50/48 41/43/41
f 41/43/41 48/50/48 49/51/49
f 41/43/41 49/51/49 43/45/43
f 45/47/45 50/52/50 51/53/51
f 45/47/45 51/53/51 46/48/46
f 46/48/46 51/53/51 52/54/52
f 46/48/46 52/54/52 47/49/47
f 47/49/47 52/54/52 53/55/53
f 47/49/47 53/55/53 48/50/48
f 48/50/48 53/55/53 54/56/54
f 48/50/48 54/56/54 49/51/49
f 50/52/50 55/57/55 56/58/56
f 50/52/50 56/58/56 51/53/51
f 51/53/51 56/58/56 57/59/57
f 51/53/51 57/59/57 52/54/52
f 52/54/52 57/59/57 58/60/58
f 52/54/52 58/60/58 53/55/53
f 53/55/53 58/60/58 59/61/59
f 53/55/53 59/61/59 54/56/54
f 60/62/60 61/63/61 62/64/62
f 60/62/60 62/64/62 63/65/63
f 63/65/63 62/64/62 64/66/64
f 63/65/63 64/66/64 65/67/65
f 65/67/65 64/66/64 66/68/66
f 65/67/65 66/68/66 67/69/67
f 67/69/67 66/68/66 68/70/68
f 67/69/67 68/70/68 69/71/69
f 61/63/61 70/72/70 71/73/71
f 61/63/61 71/73/71 62/64/62
f 62/64/62 71/73/71 72/74/72
f 62/64/62 72/74/72 64/66/64
f 64/66/64 72/74/72 73/75/73
f 64/66/64 73/75/73 66/68/66
f 66/68/66 73/75/73 74/76/74
f 66/68/66 74/76/74 68/70/68
f 70/72/70 75/77/75 76/78/76
f 70/72/70 76/78/76 71/73/71
f 71/73/71 76/78/76 77/79/77
f 71/73/71 77/79/77 72/74/72
f 72/74/72 77/79/77 78/80/78
f 72/74/72 78/80/78 73/75/73
f 73/75/73 78/80/78 79/81/79
f 73/75/73 79/81/79 74/76/74
f 75/77/75 44/46/44 43/45/43
f 75/77/75 43/45/43 76/78/76
f 76/78/76 43/45/43 49/51/49
f 76/78/76 49/51/49 77/79/77
f 77/79/77 49/51/49 54/56/54
f 77/79/77 54/56/54 78/80/78
f 78/80/78 54/56/54 59/61/59
f 78/80/78 59/61/59 79/81/79
f 80/82/80 81/83/81 82/84/82
f 80/82/80 82/84/82 83/85/83
f 83/85/83 82/84/82 84/86/84
f 83/85/83 84/86/84 85/87/85
f 85/87/85 84/86/84 86/88/86
f 85/87/85 86/88/86 87/89/87
f 87/89/87 86/88/86 56/58/56
f 87/89/87 56/58/56 55/57/55
f 81/83/81 88/90/88 89/91/89
f 81/83/81 89/91/89 82/84/82
f 82/84/82 89/91/89 90/92/90
f 82/84/82 90/92/90 84/86/84
f 84/86/84 90/92/90 91/93/91
f 84/86/84 91/93/91 86/88/86
f 86/88/86 91/93/91 57/59/57
f 86/88/86 57/59/57 56/58/56
f 88/90/88 92/94/92 93/95/93
f 88/90/88 93/95/93 89/91/89
f 89/91/89 93/95/93 94/96/94
f 89/91/89 94/96/94 90/92/90
f 90/92/90 94/96/94 95/97/95
f 90/92/90 95/97/95 91/93/91
f 91/93/91 95/97/95 58/60/58
f 91/93/91 58/60/58 57/59/57
f 92/94/92 69/71/69 68/70/68
f 92/94/92 68/70/68 93/95/93
f 93/95/93 68/70/68 74/76/74
f 93/95/93 74/76/74 94/96/94
f 94/96/94 74/76/74 79/81/79
f 94/96/94 79/81/79 95/97/95
f 95/97/95 79/81/79 59/61/59
f 95/97/95 59/61/59 58/60/58
f 4/98/4 96/99/96 97/100/97
f 4/98/4 97/100/97 98/101/98
f 98/101/98 97/100/97 99/102/99
f 98/101/98 99/102/99 100/103/100
f 100/103/100 99/102/99 101/104/101
f 100/103/100 101/104/101 102/105/102
f 102/105/102 101/104/101 103/106/103
f 102/105/102 103/106/103 104/107/104
f 96/99/96 105/108/105 106/109/106
f 96/99/96 106/109/106 97/100/97
f 97/100/97 106/109/106 107/110/107
f 97/100/97 107/110/107 99/102/99
f 99/102/99 107/110/107 108/111/108
f 99/102/99 108/111/108 101/104/101
f 101/104/101 108/111/108 109/112/109
f 101/104/101 109/112/109 103/106/103
f 105/108/105 110/113/110 111/114/111
f 105/108/105 111/114/111 106/109/106
f 106/109/106 111/114/111 112/115/112
f 106/109/106 112/115/112 107/110/107
f 107/110/107 112/115/112 113/116/113
f 107/110/107 113/116/113 108/111/108
f 108/111/108 113/116/113 114/117/114
f 108/111/108 114/117/114 109/112/109
f 110/113/110 115/118/115 116/119/116
f 110/113/110 116/119/116 111/114/111
f 111/114/111 116/119/116 117/120/117
f 111/114/111 117/120/117 112/115/112
f 112/115/112 117/120/117 118/121/118
f 112/115/112 118/121/118 113/116/113
f 113/116/113 118/121/118 119/122/119
f 113/116/113 119/122/119 114/117/114
f 120/123/120 121/124/121 122/125/122
f 120/123/120 122/125/122 123/126/123
f 123/126/123 122/125/122 124/127/124
f 123/126/123 124/127/124 125/128/125
f 125/128/125 124/127/124 126/129/126
f 125/128/125 126/129/126 127/130/127
f 127/130/127 126/129/126 128/131/128
f 127/130/127 128/131/128 129/132/129
f 121/124/121 130/133/130 131/134/131
f 121/124/121 131/134/131 122/125/122
f 122/125/122 131/134/131 132/135/132
f 122/125/122 132/135/132 124/127/124
f 124/127/124 132/135/132 133/136/133
f 124/127/124 133/136/133 126/129/126
f 126/129/126 133/136/133 134/137/134
f 126/129/126 134/137/134 128/131/128
f 130/133/130 135/138/135 136/139/136
f 130/133/130 136/139/136 131/134/131
f 131/134/131 136/139/136 137/140/137
f 131/134/131 137/140/137 132/135/132
f 132/135/132 137/140/137 138/141/138
f 132/135/132 138/141/138 133/136/133
f 133/136/133 138/141/138 139/142/139
f 133/136/133 139/142/139 134/137/134
f 135/138/135 104/107/104 103/106/103
f 135/138/135 103/106/103 136/139/136
f 136/139/136 103/106/103 109/112/109
f 136/139/136 109/112/109 137/140/137
f 137/140/137 109/112/109 114/117/114
f 137/140/137 114/117/114 138/141/138
f 138/141/138 114/117/114 119/122/119
f 138/141/138 119/122/119 139/142/139
f 140/143/140 141/144/141 142/145/142
f 140/143/140 142/145/142 143/146/143
f 143/146/143 142/145/142 144/147/144
f 143/146/143 144/147/144 145/148/145
f 145/148/145 144/147/144 146/149/146
f 145/148/145 146/149/146 147/150/147
f 147/150/147 146/149/146 116/119/116
f 147/150/147 116/119/116 115/118/115
f 141/144/141 148/151/148 149/152/149
f 141/144/141 149/152/149 142/145/142
f 142/145/142 149/152/149 150/153/150
f 142/145/142 150/153/150 144/147/144
f 144/147/144 150/153/150 151/154/151
f 144/147/144 151/154/151 146/149/146
f 146/149/146 151/154/151 117/120/117
f 146/149/146 117/120/117 116/119/116
f 148/151/148 152/155/152 153/156/153
f 148/151/148 153/156/153 149/152/149
f 149/152/149 153/156/153 154/157/154
f 149/152/149 154/157/154 150/153/150
f 150/153/150 154/157/154 155/158/155
f 150/153/150 155/158/155 151/154/151
f 151/154/151 155/158/155 118/121/118
f 151/154/151 118/121/118 117/120/117
f 152/155/152 129/132/129 128/131/128
f 152/155/152 128/131/128 153/156/153
f 153/156/153 128/131/128 134/137/134
f 153/156/153 134/137/134 154/157/154
f 154/157/154 134/137/134 139/142/139
f 154/157/154 139/142/139 155/158/155
f 155/158/155 139/142/139 119/122/119
f 155/158/155 119/122/119 118/121/118
f 156/159/156 157/160/157 158/161/158
f 156/159/156 158/161/158 159/162/159
f 159/162/159 158/161/158 160/163/160
f 159/162/159 160/163/160 161/164/161
f 161/164/161 160/163/160 162/165/162
f 161/164/161 162/165/162 163/166/163
f 163/166/163 162/165/162 164/167/164
f 163/166/163 164/167/164 165/168/165
f 157/160/157 166/169/166 167/170/167
f 157/160/157 167/170/167 158/161/158
f 158/161/158 167/170/167 168/171/168
f 158/161/158 168/171/168 160/163/160
f 160/163/160 168/171/168 169/172/169
f 160/163/160 169/172/169 162/165/162
f 162/165/162 169/172/169 170/173/170
f 162/165/162 170/173/170 164/167/164
f 166/169/166 171/174/171 172/175/172
f 166/169/166 172/175/172 167/170/167
f 167/170/167 172/175/172 173/176/173
f 167/170/167 173/176/173 168/171/168
f 168/171/168 173/176/173 174/177/174
f 168/171/168 174/177/174 169/172/169
f 169/172/169 174/177/174 175/178/175
f 169/172/169 175/178/175 170/173/170
f 171/174/171 176/179/176 177/180/177
f 171/174/171 177/180/177 172/175/172
f 172/175/172 177/180/177 178/181/178
f 172/175/172 178/181/178 173/176/173
f 173/176/173 178/181/178 179/182/179
f 173/176/173 179/182/179 174/177/174
f 174/177/174 179/182/179 180/183/180
f 174/177/174 180/183/180 175/178/175
f 8/184/8 181/185/181 182/186/182
f 8/184/8 182/186/182 183/187/183
f 183/187/183 182/186/182 184/188/184
f 183/187/183 184/188/184 185/189/185
f 185/189/185 184/188/184 186/190/186
f 185/189/185 186/190/186 187/191/187
f 187/191/187 186/190/186 188/192/188
f 187/191/187 188/192/188 189/193/189
f 181/185/181 190/194/190 191/195/191
f 181/185/181 191/195/191 182/186/182
f 182/186/182 191/195/191 192/196/192
f 182/186/182 192/196/192 184/188/184
f 184/188/184 192/196/192 193/197/193
f 184/188/184 193/197/193 186/190/186
f 186/190/186 193/197/193 194/198/194
f 186/190/186 194/198/194 188/192/188
f 190/194/190 195/199/195 196/200/196
f 190/194/190 196/200/196 191/195/191
f 191/195/191 196/200/196 197/201/197
f 191/195/191 197/201/197 192/196/192
f 192/196/192 197/201/197 198/202/198
f 192/196/192 198/202/198 193/197/193
f 193/197/193 198/202/198 199/203/199
f 193/197/193 199/203/199 194/198/194
f 195/199/195 165/168/165 164/167/164
f 195/199/195 164/167/164 196/200/196
f 196/200/196 164/167/164 170/173/170
f 196/200/196 170/173/170 197/201/197
f 197/201/197 170/173/170 175/178/175
f 197/201/197 175/178/175 198/202/198
f 198/202/198 175/178/175 180/183/180
f 198/202/198 180/183/180 199/203/199
f 9/9/9 200/204/200 201/205/201
f 9/9/9 201/205/201 10/10/10
f 10/10/10 201/205/201 202/206/202
f 10/10/10 202/206/202 203/207/203
f 203/207/203 202/206/202 204/208/204
f 203/207/203 204/208/204 205/209/205
f 205/209/205 204/208/204 177/180/177
f 205/209/205 177/180/177 176/179/176
f 200/204/200 206/210/206 207/211/207
f 200/204/200 207/211/207 201/205/201
f 201/205/201 207/211/207 208/212/208
f 201/205/201 208/212/208 202/206/202
f 202/206/202 208/212/208 209/213/209
f 202/206/202 209/213/209 204/208/204
f 204/208/204 209/213/209 178/181/178
f 204/208/204 178/181/178 177/180/177
f 206/210/206 210/214/210 211/215/211
f 206/210/206 211/215/211 207/211/207
f 207/211/207 211/215/211 212/216/212
f 207/211/207 212/216/212 208/212/208
f 208/212/208 212/216/212 213/217/213
f 208/212/208 213/217/213 209/213/209
f 209/213/209 213/217/213 179/182/179
f 209/213/209 179/182/179 178/181/178
f 210/214/210 189/193/189 188/192/188
f 210/214/210 188/192/188 211/215/211
f 211/215/211 188/192/188 194/198/194
f 211/215/211 194/198/194 212/216/212
f 212/216/212 194/198/194 199/203/199
f 212/216/212 199/203/199 213/217/213
f 213/217/213 199/203/199 180/183/180
f 213/217/213 180/183/180 179/182/179
f 214/218/214 215/219/215 216/220/216
f 214/218/214 216/220/216 217/221/217
f 217/221/217 216/220/216 218/222/218
f 217/221/217 218/222/218 219/223/219
f 219/223/219 218/222/218 220/224/220
f 219/223/219 220/224/220 221/225/221
f 221/225/221 220/224/220 222/226/222
f 221/225/221 222/226/222 223/227/223
f 215/219/215 224/228/224 225/229/225
f 215/219/215 225/229/225 216/220/216
f 216/220/216 225/229/225 226/230/226
f 216/220/216 226/230/226 218/222/218
f 218/222/218 226/230/226 227/231/227
f 218/222/218 227/231/227 220/224/220
f 220/224/220 227/231/227 228/232/228
f 220/224/220 228/232/228 222/226/222
f 224/228/224 229/233/229 230/234/230
f 224/228/224 230/234/230 225/229/225
f 225/229/225 230/234/230 231/235/231
f 225/229/225 231/235/231 226/230/226
f 226/230/226 231/235/231 232/236/232
f 226/230/226 232/236/232 227/231/227
f 227/231/227 232/236/232 233/237/233
f 227/231/227 233/237/233 228/232/228
f 229/233/229 234/238/234 235/239/235
f 229/233/229 235/239/235 230/234/230
f 230/234/230 235/239/235 236/240/236
f 230/234/230 236/240/236 231/235/231
f 231/235/231 236/240/236 237/241/237
f 231/235/231 237/241/237 232/236/232
f 232/236/232 237/241/237 238/242/238
f 232/236/232 238/242/238 233/237/233
f 239/243/239 240/244/240 241/245/241
f 239/243/239 241/245/241 242/246/242
f 242/246/242 241/245/241 243/247/243
f 242/246/242 243/247/243 244/248/244
f 244/248/244 243/247/243 245/249/245
f 244/248/244 245/249/245 246/250/246
f 246/250/246 245/249/245 247/251/247
f 246/250/246 247/251/247 248/252/248
f 240/244/240 249/253/249 250/254/250
f 240/244/240 250/254/250 241/245/241
f 241/245/241 250/254/250 251/255/251
f 241/245/241 251/255/251 243/247/243
f 243/247/243 251/255/251 252/256/252
f 243/247/243 252/256/252 245/249/245
f 245/249/245 252/256/252 253/257/253
f 245/249/245 253/257/253 247/251/247
f 249/253/249 254/258/254 255/259/255
f 249/253/249 255/259/255 250/254/250
f 250/254/250 255/259/255 256/260/256
f 250/254/250 256/260/256 251/255/251
f 251/255/251 256/260/256 257/261/257
f 251/255/251 257/261/257 252/256/252
f 252/256/252 257/261/257 258/262/258
f 252/256/252 258/262/258 253/257/253
f 254/258/254 223/227/223 222/226/222
f 254/258/254 222/226/222 255/259/255
f 255/259/255 222/226/222 228/232/228
f 255/259/255 228/232/228 256/260/256
f 256/260/256 228/232/228 233/237/233
f 256/260/256 233/237/233 257/261/257
f 257/261/257 233/237/233 238/242/238
f 257/261/257 238/242/238 258/262/258
f 5/263/5 259/264/259 260/265/260
f 5/263/5 260/265/260 261/266/261
f 261/266/261 260/265/260 262/267/262
f 261/266/261 262/267/262 263/268/263
f 263/268/263 262/267/262 264/269/264
f 263/268/263 264/269/264 265/270/265
f 265/270/265 264/269/264 235/239/235
f 265/270/265 235/239/235 234/238/234
f 259/264/259 266/271/266 267/272/267
f 259/264/259 267/272/267 260/265/260
f 260/265/260 267/272/267 268/273/268
f 260/265/260 268/273/268 262/267/262
f 262/267/262 268/273/268 269/274/269
f 262/267/262 269/274/269 264/269/264
f 264/269/264 269/274/269 236/240/236
f 264/269/264 236/240/236 235/239/235
f 266/271/266 270/275/270 271/276/271
f 266/271/266 271/276/271 267/272/267
f 267/272/267 271/276/271 272/277/272
f 267/272/267 272/277/272 268/273/268
f 268/273/268 272/277/272 273/278/273
f 268/273/268 273/278/273 269/274/269
f 269/274/269 273/278/273 237/241/237
f 269/274/269 237/241/237 236/240/236
f 270/275/270 248/252/248 247/251/247
f 270/275/270 247/251/247 271/276/271
f 271/276/271 247/251/247 253/257/253
f 271/276/271 253/257/253 272/277/272
f 272/277/272 253/257/253 258/262/258
f 272/277/272 258/262/258 273/278/273
f 273/278/273 258/262/258 238/242/238
f 273/278/273 238/242/238 237/241/237
f 274/279/274 275/280/275 276/281/276
f 274/279/274 276/281/276 277/282/277
f 203/207/203 205/209/205 278/283/278
f 203/207/203 278/283/278 279/284/279
f 205/209/205 176/179/176 280/285/280
f 205/209/205 280/285/280 278/283/278
f 176/179/176 171/174/171 281/286/281
f 176/179/176 281/286/281 280/285/280
f 171/174/171 166/169/166 282/287/282
f 171/174/171 282/287/282 281/286/281
f 166/169/166 157/160/157 283/288/283
f 166/169/166 283/288/283 282/287/282
f 157/160/157 156/159/156 284/289/284
f 157/160/157 284/289/284 283/288/283
f 156/290/156 18/291/18 17/292/17
f 156/290/156 17/292/17 284/293/284
f 285/294/285 286/295/286 121/124/121
f 285/294/285 121/124/121 120/123/120
f 286/295/286 287/296/287 130/133/130
f 286/295/286 130/133/130 121/124/121
f 287/296/287 288/297/288 135/138/135
f 287/296/287 135/138/135 130/133/130
f 288/297/288 289/298/289 104/107/104
f 288/297/288 104/107/104 135/138/135
f 289/298/289 290/299/290 102/105/102
f 289/298/289 102/105/102 104/107/104
f 290/299/290 291/300/291 100/103/100
f 290/299/290 100/103/100 102/105/102
f 291/300/291 292/301/292 98/101/98
f 291/300/291 98/101/98 100/103/100
f 292/301/292 1/302/1 4/98/4
f 292/301/292 4/98/4 98/101/98
f 293/303/293 294/304/294 295/305/295
f 293/303/293 295/305/295 296/306/296
f 297/307/297 298/308/298 299/309/299
f 297/307/297 299/309/299 300/310/300
f 298/308/298 301/311/301 302/312/302
f 298/308/298 302/312/302 299/309/299
f 301/311/301 303/313/303 304/314/304
f 301/311/301 304/314/304 302/312/302
f 303/313/303 305/315/305 306/316/306
f 303/313/303 306/316/306 304/314/304
f 305/315/305 307/317/307 308/318/308
f 305/315/305 308/318/308 306/316/306
f 307/317/307 309/319/309 310/320/310
f 307/317/307 310/320/310 308/318/308
f 309/321/309 16/322/16 15/323/15
f 309/321/309 15/323/15 310/324/310
f 239/243/239 242/246/242 200/204/200
f 239/243/239 200/204/200 9/9/9
f 242/246/242 244/248/244 206/210/206
f 242/246/242 206/210/206 200/204/200
f 244/248/244 246/250/246 210/214/210
f 244/248/244 210/214/210 206/210/206
f 246/250/246 248/252/248 189/193/189
f 246/250/246 189/193/189 210/214/210
f 248/252/248 270/275/270 187/191/187
f 248/252/248 187/191/187 189/193/189
f 270/275/270 266/271/266 185/189/185
f 270/275/270 185/189/185 187/191/187
f 266/271/266 259/264/259 183/187/183
f 266/271/266 183/187/183 185/189/185
f 259/264/259 5/263/5 8/184/8
f 259/264/259 8/184/8 183/187/183
f 5/5/5 261/325/261 26/326/26
f 5/5/5 26/326/26 6/6/6
f 261/325/261 263/327/263 27/328/27
f 261/325/261 27/328/27 26/326/26
f 263/327/263 265/329/265 28/330/28
f 263/327/263 28/330/28 27/328/27
f 265/329/265 234/331/234 29/332/29
f 265/329/265 29/332/29 28/330/28
f 234/331/234 229/333/229 30/334/30
f 234/331/234 30/334/30 29/332/29
f 229/333/229 224/335/224 31/336/31
f 229/333/229 31/336/31 30/334/30
f 224/335/224 215/337/215 32/338/32
f 224/335/224 32/338/32 31/336/31
f 215/337/215 214/339/214 33/340/33
f 215/337/215 33/340/33 32/338/32
f 3/3/3 311/341/311 96/342/96
f 3/3/3 96/342/96 4/4/4
f 311/341/311 312/343/312 105/344/105
f 311/341/311 105/344/105 96/342/96
f 312/343/312 313/345/313 110/346/110
f 312/343/312 110/346/110 105/344/105
f 313/345/313 314/347/314 115/348/115
f 313/345/313 115/348/115 110/346/110
f 314/347/314 315/349/315 147/350/147
f 314/347/314 147/350/147 115/348/115
f 315/349/315 316/351/316 145/352/145
f 315/349/315 145/352/145 147/350/147
f 316/351/316 317/353/317 143/354/143
f 316/351/316 143/354/143 145/352/145
f 317/353/317 318/355/318 140/356/140
f 317/353/317 140/356/140 143/354/143
f 80/357/80 83/358/83 319/359/319
f 80/357/80 319/359/319 320/360/320
f 83/358/83 85/361/85 321/362/321
f 83/358/83 321/362/321 319/359/319
f 85/361/85 87/363/87 322/364/322
f 85/361/85 322/364/322 321/362/321
f 87/363/87 55/365/55 323/366/323
f 87/363/87 323/366/323 322/364/322
f 55/365/55 50/367/50 324/368/324
f 55/365/55 324/368/324 323/366/323
f 50/367/50 45/369/45 325/370/325
f 50/367/50 325/370/325 324/368/324
f 45/369/45 36/371/36 326/372/326
f 45/369/45 326/372/326 325/370/325
f 36/371/36 35/373/35 327/374/327
f 36/371/36 327/374/327 326/372/326
f 7/7/7 25/375/25 181/376/181
f 7/7/7 181/376/181 8/8/8
f 25/375/25 24/377/24 190/378/190
f 25/375/25 190/378/190 181/376/181
f 24/377/24 23/379/23 195/380/195
f 24/377/24 195/380/195 190/378/190
f 23/379/23 22/381/22 165/382/165
f 23/379/23 165/382/165 195/380/195
f 22/381/22 21/383/21 163/384/163
f 22/381/22 163/384/163 165/382/165
f 21/383/21 20/385/20 161/386/161
f 21/383/21 161/386/161 163/384/163
f 20/385/20 19/387/19 159/388/159
f 20/385/20 159/388/159 161/386/161
f 19/387/19 18/291/18 156/290/156
f 19/387/19 156/290/156 159/388/159
f 328/389/328 329/390/329 240/244/240
f 328/389/328 240/244/240 239/243/239
f 330/391/330 13/392/13 327/374/327
f 330/391/330 327/374/327 35/373/35
f 331/393/331 332/394/332 214/218/214
f 331/393/331 214/218/214 217/221/217
f 333/395/333 331/393/331 217/221/217
f 333/395/333 217/221/217 219/223/219
f 334/396/334 333/395/333 219/223/219
f 334/396/334 219/223/219 221/225/221
f 335/397/335 334/396/334 221/225/221
f 335/397/335 221/225/221 223/227/223
f 336/398/336 335/397/335 223/227/223
f 336/398/336 223/227/223 254/258/254
f 337/399/337 336/398/336 254/258/254
f 337/399/337 254/258/254 249/253/249
f 329/390/329 337/399/337 249/253/249
f 329/390/329 249/253/249 240/244/240
f 294/304/294 297/307/297 300/310/300
f 294/304/294 300/310/300 295/305/295
f 338/400/338 330/401/330 35/37/35
f 338/400/338 35/37/35 38/40/38
f 339/402/339 338/400/338 38/40/38
f 339/402/339 38/40/38 40/42/40
f 340/403/340 339/402/339 40/42/40
f 340/403/340 40/42/40 42/44/42
f 341/404/341 340/403/340 42/44/42
f 341/404/341 42/44/42 44/46/44
f 342/405/342 341/404/341 44/46/44
f 342/405/342 44/46/44 75/77/75
f 343/406/343 342/405/342 75/77/75
f 343/406/343 75/77/75 70/72/70
f 344/407/344 343/406/343 70/72/70
f 344/407/344 70/72/70 61/63/61
f 10/10/10 203/207/203 279/284/279
f 10/10/10 279/284/279 11/11/11
f 332/408/332 34/409/34 33/340/33
f 332/408/332 33/340/33 214/339/214
f 345/410/345 344/407/344 61/63/61
f 345/410/345 61/63/61 60/62/60
f 346/411/346 347/412/347 348/413/348
f 346/411/346 348/413/348 349/414/349
f 346/411/346 349/414/349 350/415/350
f 346/411/346 350/415/350 351/416/351
f 346/411/346 351/416/351 352/417/352
f 346/411/346 352/417/352 353/418/353
f 346/411/346 353/418/353 354/419/354
f 346/411/346 354/419/354 355/420/355
f 346/411/346 355/420/355 356/421/356
f 346/411/346 356/421/356 357/422/357
f 346/411/346 357/422/357 296/423/296
f 346/411/346 296/423/296 295/424/295
f 346/411/346 295/424/295 300/425/300
f 346/411/346 300/425/300 299/426/299
f 346/411/346 299/426/299 302/427/302
f 346/411/346 302/427/302 304/428/304
f 346/411/346 304/428/304 306/429/306
f 346/411/346 306/429/306 308/430/308
f 346/411/346 308/430/308 310/431/310
f 346/411/346 310/431/310 15/432/15
f 346/411/346 15/432/15 14/433/14
f 17/434/17 34/435/34 332/436/332
f 17/434/17 332/436/332 331/437/331
f 17/434/17 331/437/331 333/438/333
f 17/434/17 333/438/333 334/439/334
f 17/434/17 334/439/334 335/440/335
f 17/434/17 335/440/335 336/441/336
f 17/434/17 336/441/336 337/442/337
f 17/434/17 337/442/337 329/443/329
f 17/434/17 329/443/329 328/444/328
f 17/434/17 328/444/328 12/445/12
f 17/434/17 12/445/12 11/446/11
f 17/434/17 11/446/11 279/447/279
f 17/434/17 279/447/279 278/448/278
f 17/434/17 278/448/278 280/449/280
f 17/434/17 280/449/280 281/450/281
f 17/434/17 281/450/281 282/451/282
f 17/434/17 282/451/282 283/452/283
f 17/434/17 283/452/283 284/453/284
f 358/454/358 359/455/359 360/456/360
f 358/454/358 360/456/360 361/457/361
f 362/458/362 363/459/363 364/460/364
f 362/458/362 364/460/364 365/461/365
f 366/462/362 367/463/363 368/464/366
f 366/462/362 368/464/366 369/465/365
f 370/466/362 371/467/363 372/468/364
f 370/466/362 372/468/364 373/469/365
f 374/470/362 375/471/363 376/472/366
f 374/470/362 376/472/366 377/473/365
f 378/474/362 379/475/363 380/476/364
f 378/474/362 380/476/364 381/477/365
f 382/478/362 383/479/363 384/480/366
f 382/478/362 384/480/366 385/481/365
f 386/482/362 387/483/363 388/484/364
f 386/482/362 388/484/364 389/485/365
f 390/486/362 391/487/363 392/488/366
f 390/486/362 392/488/366 393/489/365
f 394/490/362 395/491/363 396/492/364
f 394/490/362 396/492/364 397/493/365
f 398/494/362 399/495/363 400/496/366
f 398/494/362 400/496/366 401/497/365
f 402/498/362 403/499/363 404/500/364
f 402/498/362 404/500/364 405/501/365
f 406/502/362 407/503/363 408/504/366
f 406/502/362 408/504/366 409/505/365
f 410/506/362 411/507/363 412/508/364
f 410/506/362 412/508/364 413/509/365
f 414/510/362 415/511/363 416/512/366
f 414/510/362 416/512/366 417/513/365
f 418/514/362 419/515/363 420/516/364
f 418/514/362 420/516/364 421/517/365
f 422/518/362 423/519/363 424/520/366
f 422/518/362 424/520/366 425/521/365
f 426/522/362 427/523/363 428/524/364
f 426/522/362 428/524/364 429/525/365
f 430/526/362 431/527/363 432/528/366
f 430/526/362 432/528/366 433/529/365
f 434/530/362 435/531/363 436/532/364
f 434/530/362 436/532/364 437/533/365
f 438/534/362 439/535/363 440/536/366
f 438/534/362 440/536/366 441/537/365
f 442/538/362 443/539/363 444/540/364
f 442/538/362 444/540/364 445/541/365
f 446/542/362 447/543/363 448/544/366
f 446/542/362 448/544/366 449/545/365
f 450/546/362 451/547/363 452/548/364
f 450/546/362 452/548/364 453/549/365
f 454/550/362 455/551/363 456/552/366
f 454/550/362 456/552/366 457/553/365
f 458/554/362 459/555/363 460/556/364
f 458/554/362 460/556/364 461/557/365
f 462/558/362 463/559/363 464/560/366
f 462/558/362 464/560/366 465/561/365
f 466/562/362 467/563/363 468/564/366
f 466/562/362 468/564/366 469/565/365
f 470/566/362 471/567/363 472/568/366
f 470/566/362 472/568/366 473/569/365
f 474/570/362 475/571/363 476/572/366
f 474/570/362 476/572/366 477/573/365
f 478/574/362 479/575/363 480/576/366
f 478/574/362 480/576/366 481/577/365
f 482/578/362 483/579/363 484/580/366
f 482/578/362 484/580/366 485/581/365
f 486/582/362 487/583/363 488/584/366
f 486/582/362 488/584/366 489/585/365
f 490/586/362 491/587/363 492/588/366
f 490/586/362 492/588/366 493/589/365
f 494/590/362 495/591/363 496/592/366
f 494/590/362 496/592/366 497/593/365
f 498/594/362 499/595/363 500/596/366
f 498/594/362 500/596/366 501/597/365
f 502/598/362 503/599/363 504/600/366
f 502/598/362 504/600/366 505/601/365
f 506/602/362 507/603/363 508/604/366
f 506/602/362 508/604/366 509/605/365
f 510/606/362 511/607/363 512/608/366
f 510/606/362 512/608/366 513/609/365
f 514/610/362 515/611/363 516/612/366
f 514/610/362 516/612/366 517/613/365
f 518/614/362 519/615/363 520/616/366
f 518/614/362 520/616/366 521/617/365
f 522/618/362 523/619/363 524/620/366
f 522/618/362 524/620/366 525/621/365
f 526/622/362 527/623/363 528/624/366
f 526/622/362 528/624/366 529/625/365
f 530/626/362 531/627/363 532/628/364
f 530/626/362 532/628/364 533/629/365
f 534/630/362 535/631/363 536/632/366
f 534/630/362 536/632/366 537/633/365
f 538/634/362 539/635/363 540/636/364
f 538/634/362 540/636/364 541/637/365
f 542/638/362 543/639/363 544/640/366
f 542/638/362 544/640/366 545/641/365
f 546/642/362 547/643/363 548/644/366
f 546/642/362 548/644/366 549/645/365
f 550/646/362 551/647/363 552/648/366
f 550/646/362 552/648/366 553/649/365
f 554/650/362 555/651/363 556/652/366
f 554/650/362 556/652/366 557/653/365
f 558/654/362 559/655/363 560/656/366
f 558/654/362 560/656/366 561/657/365
f 562/658/362 563/659/363 564/660/366
f 562/658/362 564/660/366 565/661/365
f 566/662/362 567/663/363 568/664/366
f 566/662/362 568/664/366 569/665/365
f 570/666/362 571/667/363 572/668/366
f 570/666/362 572/668/366 573/669/365
f 574/670/362 575/671/363 576/672/366
f 574/670/362 576/672/366 577/673/365
f 578/674/362 579/675/363 580/676/364
f 578/674/362 580/676/364 581/677/365
f 582/678/362 583/679/363 584/680/366
f 582/678/362 584/680/366 585/681/365
f 586/682/362 587/683/363 588/684/364
f 586/682/362 588/684/364 589/685/365
f 590/686/362 591/687/363 592/688/366
f 590/686/362 592/688/366 593/689/365
f 594/690/362 595/691/363 596/692/366
f 594/690/362 596/692/366 597/693/365
f 598/694/362 599/695/363 600/696/366
f 598/694/362 600/696/366 601/697/365
f 602/698/362 603/699/363 604/700/366
f 602/698/362 604/700/366 605/701/365
f 606/702/367 607/703/368 608/704/369
f 606/702/367 608/704/369 609/705/370
f 610/706/371 611/707/372 612/708/373
f 610/706/371 612/708/373 613/709/374
f 614/710/371 615/711/372 616/712/373
f 614/710/371 616/712/373 617/713/374
f 618/714/371 619/715/372 620/716/373
f 618/714/371 620/716/373 621/717/374
f 622/718/371 623/719/372 624/720/373
f 622/718/371 624/720/373 625/721/374
f 626/722/371 627/723/372 628/724/373
f 626/722/371 628/724/373 629/725/374
f 630/726/371 631/727/372 632/728/373
f 630/726/371 632/728/373 633/729/374
f 634/730/371 635/731/372 636/732/373
f 634/730/371 636/732/373 637/733/374
f 638/734/371 639/735/372 640/736/373
f 638/734/371 640/736/373 641/737/374
f 642/738/371 643/739/372 644/740/373
f 642/738/371 644/740/373 645/741/374
f 646/742/371 647/743/372 648/744/373
f 646/742/371 648/744/373 649/745/374
f 650/746/371 651/747/372 652/748/373
f 650/746/371 652/748/373 653/749/374
f 654/750/371 655/751/372 656/752/373
f 654/750/371 656/752/373 657/753/374
f 658/754/371 659/755/372 660/756/373
f 658/754/371 660/756/373 661/757/374
f 662/758/371 663/759/372 664/760/373
f 662/758/371 664/760/373 665/761/374
f 666/762/371 667/763/372 668/764/373
f 666/762/371 668/764/373 669/765/374
f 670/766/371 671/767/372 672/768/373
f 670/766/371 672/768/373 673/769/374
f 674/770/371 675/771/372 676/772/373
f 674/770/371 676/772/373 677/773/374
f 678/774/371 679/775/372 680/776/373
f 678/774/371 680/776/373 681/777/374
f 682/778/375 683/779/376 684/780/377
f 682/778/375 684/780/377 685/781/378
f 686/782/375 687/783/376 688/784/377
f 686/782/375 688/784/377 689/785/378
f 690/786/375 691/787/376 692/788/377
f 690/786/375 692/788/377 693/789/378
f 694/790/375 695/791/379 696/792/377
f 694/790/375 696/792/377 697/793/380
f 698/794/375 699/795/379 700/796/377
f 698/794/375 700/796/377 701/797/380
f 702/798/375 703/799/376 704/800/377
f 702/798/375 704/800/377 705/801/378
f 706/802/375 707/803/376 708/804/377
f 706/802/375 708/804/377 709/805/378
f 710/806/375 711/807/376 712/808/381
f 710/806/375 712/808/381 713/809/382
f 714/810/375 715/811/376 716/812/377
f 714/810/375 716/812/377 717/813/378
f 718/814/375 719/815/376 720/816/377
f 718/814/375 720/816/377 721/817/378
f 722/818/375 723/819/376 724/820/377
f 722/818/375 724/820/377 725/821/378
f 726/822/375 727/823/376 728/824/377
f 726/822/375 728/824/377 729/825/378
f 730/826/375 731/827/376 732/828/377
f 730/826/375 732/828/377 733/829/378
f 734/830/375 735/831/379 736/832/377
f 734/830/375 736/832/377 737/833/380
f 738/834/375 739/835/376 740/836/377
f 738/834/375 740/836/377 741/837/378
f 742/838/375 743/839/376 744/840/377
f 742/838/375 744/840/377 745/841/378
f 746/842/375 747/843/376 748/844/377
f 746/842/375 748/844/377 749/845/378
f 750/846/375 751/847/376 752/848/377
f 750/846/375 752/848/377 753/849/378
f 754/850/375 755/851/376 756/852/377
f 754/850/375 756/852/377 757/853/378
f 758/854/375 759/855/376 760/856/377
f 758/854/375 760/856/377 761/857/378
f 762/858/375 763/859/376 764/860/377
f 762/858/375 764/860/377 765/861/378
f 766/862/375 767/863/376 768/864/377
f 766/862/375 768/864/377 769/865/378
f 770/866/375 771/867/376 772/868/377
f 770/866/375 772/868/377 773/869/378
f 774/870/375 775/871/376 776/872/377
f 774/870/375 776/872/377 777/873/378
f 778/874/375 779/875/376 780/876/377
f 778/874/375 780/876/377 781/877/378
f 782/878/375 783/879/376 784/880/377
f 782/878/375 784/880/377 785/881/378
f 786/882/375 787/883/376 788/884/377
f 786/882/375 788/884/377 789/885/378
f 790/886/375 791/887/376 792/888/377
f 790/886/375 792/888/377 793/889/378
f 794/890/375 795/891/379 796/892/377
f 794/890/375 796/892/377 797/893/380
f 798/894/375 799/895/376 800/896/377
f 798/894/375 800/896/377 801/897/378
f 802/898/375 803/899/376 804/900/377
f 802/898/375 804/900/377 805/901/378
f 806/902/375 807/903/376 808/904/377
f 806/902/375 808/904/377 809/905/378
f 810/906/375 811/907/376 812/908/381
f 810/906/375 812/908/381 813/909/382
f 814/910/375 815/911/376 816/912/377
f 814/910/375 816/912/377 817/913/378
f 818/914/375 819/915/376 820/916/377
f 818/914/375 820/916/377 821/917/378
f 822/918/375 823/919/376 824/920/377
f 822/918/375 824/920/377 825/921/378
f 826/922/375 827/923/376 828/924/377
f 826/922/375 828/924/377 829/925/378
f 830/926/375 831/927/376 832/928/377
f 830/926/375 832/928/377 833/929/378
f 834/930/375 835/931/376 836/932/377
f 834/930/375 836/932/377 837/933/378
f 838/934/383 839/935/384 840/936/385
f 838/934/383 840/936/385 841/937/386
f 709/805/378 842/938/387 843/939/388
f 709/805/378 843/939/388 706/802/375
f 499/595/363 844/940/389 845/941/390
f 499/595/363 845/941/390 500/596/366
f 706/802/375 843/942/388 846/943/391
f 706/802/375 846/943/391 707/803/376
f 500/596/366 845/944/390 847/945/392
f 500/596/366 847/945/392 501/597/365
f 707/803/376 846/946/391 848/947/390
f 707/803/376 848/947/390 708/804/377
f 505/601/365 849/948/392 850/949/388
f 505/601/365 850/949/388 502/598/362
f 708/804/377 848/950/390 842/951/387
f 708/804/377 842/951/387 709/805/378
f 502/598/362 850/952/388 851/953/389
f 502/598/362 851/953/389 503/599/363
f 713/809/382 852/954/393 853/955/394
f 713/809/382 853/955/394 710/806/375
f 503/599/363 851/956/389 854/957/390
f 503/599/363 854/957/390 504/600/366
f 710/806/375 853/958/394 855/959/389
f 710/806/375 855/959/389 711/807/376
f 504/600/366 854/960/390 849/961/392
f 504/600/366 849/961/392 505/601/365
f 711/807/376 855/962/389 856/963/395
f 711/807/376 856/963/395 712/808/381
f 509/605/365 857/964/392 858/965/388
f 509/605/365 858/965/388 506/602/362
f 712/808/381 856/966/395 852/967/393
f 712/808/381 852/967/393 713/809/382
f 506/602/362 858/968/388 859/969/389
f 506/602/362 859/969/389 507/603/363
f 717/813/378 860/970/387 861/971/388
f 717/813/378 861/971/388 714/810/375
f 507/603/363 859/972/389 862/973/390
f 507/603/363 862/973/390 508/604/366
f 714/810/375 861/974/388 863/975/391
f 714/810/375 863/975/391 715/811/376
f 508/604/366 862/976/390 857/977/392
f 508/604/366 857/977/392 509/605/365
f 715/811/376 863/978/391 864/979/390
f 715/811/376 864/979/390 716/812/377
f 513/609/365 865/980/392 866/981/396
f 513/609/365 866/981/396 510/606/362
f 716/812/377 864/982/390 860/983/387
f 716/812/377 860/983/387 717/813/378
f 510/606/362 866/984/396 867/985/389
f 510/606/362 867/985/389 511/607/363
f 721/817/378 868/986/392 869/987/396
f 721/817/378 869/987/396 718/814/375
f 511/607/363 867/988/389 870/989/397
f 511/607/363 870/989/397 512/608/366
f 718/814/375 869/990/396 871/991/389
f 718/814/375 871/991/389 719/815/376
f 512/608/366 870/992/397 865/993/392
f 512/608/366 865/993/392 513/609/365
f 719/815/376 871/994/389 872/995/390
f 719/815/376 872/995/390 720/816/377
f 517/613/365 873/996/392 874/997/388
f 517/613/365 874/997/388 514/610/362
f 720/816/377 872/998/390 868/999/392
f 720/816/377 868/999/392 721/817/378
f 514/610/362 874/1000/388 875/1001/389
f 514/610/362 875/1001/389 515/611/363
f 725/821/378 876/1002/392 877/1003/388
f 725/821/378 877/1003/388 722/818/375
f 515/611/363 875/1004/389 878/1005/390
f 515/611/363 878/1005/390 516/612/366
f 722/818/375 877/1006/388 879/1007/391
f 722/818/375 879/1007/391 723/819/376
f 516/612/366 878/1008/390 873/1009/392
f 516/612/366 873/1009/392 517/613/365
f 723/819/376 879/1010/391 880/1011/390
f 723/819/376 880/1011/390 724/820/377
f 521/617/365 881/1012/392 882/1013/388
f 521/617/365 882/1013/388 518/614/362
f 724/820/377 880/1014/390 876/1015/392
f 724/820/377 876/1015/392 725/821/378
f 518/614/362 882/1016/388 883/1017/389
f 518/614/362 883/1017/389 519/615/363
f 729/825/378 884/1018/392 885/1019/396
f 729/825/378 885/1019/396 726/822/375
f 519/615/363 883/1020/389 886/1021/390
f 519/615/363 886/1021/390 520/616/366
f 726/822/375 885/1022/396 887/1023/389
f 726/822/375 887/1023/389 727/823/376
f 520/616/366 886/1024/390 881/1025/392
f 520/616/366 881/1025/392 521/617/365
f 727/823/376 887/1026/389 888/1027/390
f 727/823/376 888/1027/390 728/824/377
f 525/621/365 889/1028/392 890/1029/388
f 525/621/365 890/1029/388 522/618/362
f 728/824/377 888/1030/390 884/1031/392
f 728/824/377 884/1031/392 729/825/378
f 522/618/362 890/1032/388 891/1033/389
f 522/618/362 891/1033/389 523/619/363
f 733/829/378 892/1034/392 893/1035/396
f 733/829/378 893/1035/396 730/826/375
f 523/619/363 891/1036/389 894/1037/390
f 523/619/363 894/1037/390 524/620/366
f 730/826/375 893/1038/396 895/1039/389
f 730/826/375 895/1039/389 731/827/376
f 524/620/366 894/1040/390 889/1041/392
f 524/620/366 889/1041/392 525/621/365
f 731/827/376 895/1042/389 896/1043/397
f 731/827/376 896/1043/397 732/828/377
f 529/625/365 897/1044/392 898/1045/388
f 529/625/365 898/1045/388 526/622/362
f 732/828/377 896/1046/397 892/1047/392
f 732/828/377 892/1047/392 733/829/378
f 526/622/362 898/1048/388 899/1049/389
f 526/622/362 899/1049/389 527/623/363
f 737/833/380 900/1050/398 901/1051/388
f 737/833/380 901/1051/388 734/830/375
f 527/623/363 899/1052/389 902/1053/390
f 527/623/363 902/1053/390 528/624/366
f 734/830/375 901/1054/388 903/1055/391
f 734/830/375 903/1055/391 735/831/379
f 528/624/366 902/1056/390 897/1057/392
f 528/624/366 897/1057/392 529/625/365
f 735/831/379 903/1058/391 904/1059/390
f 735/831/379 904/1059/390 736/832/377
f 533/629/365 905/1060/392 906/1061/388
f 533/629/365 906/1061/388 530/626/362
f 736/832/377 904/1062/390 900/1063/398
f 736/832/377 900/1063/398 737/833/380
f 530/626/362 906/1064/388 907/1065/389
f 530/626/362 907/1065/389 531/627/363
f 741/837/378 908/1066/392 909/1067/399
f 741/837/378 909/1067/399 738/834/375
f 531/627/363 907/1068/389 910/1069/390
f 531/627/363 910/1069/390 532/628/364
f 738/834/375 909/1070/399 911/1071/400
f 738/834/375 911/1071/400 739/835/376
f 532/628/364 910/1072/390 905/1073/392
f 532/628/364 905/1073/392 533/629/365
f 739/835/376 911/1074/400 912/1075/390
f 739/835/376 912/1075/390 740/836/377
f 537/633/365 913/1076/392 914/1077/388
f 537/633/365 914/1077/388 534/630/362
f 740/836/377 912/1078/390 908/1079/392
f 740/836/377 908/1079/392 741/837/378
f 534/630/362 914/1080/388 915/1081/389
f 534/630/362 915/1081/389 535/631/363
f 745/841/378 916/1082/392 917/1083/388
f 745/841/378 917/1083/388 742/838/375
f 535/631/363 915/1084/389 918/1085/390
f 535/631/363 918/1085/390 536/632/366
f 742/838/375 917/1086/388 919/1087/389
f 742/838/375 919/1087/389 743/839/376
f 536/632/366 918/1088/390 913/1089/392
f 536/632/366 913/1089/392 537/633/365
f 743/839/376 919/1090/389 920/1091/390
f 743/839/376 920/1091/390 744/840/377
f 541/637/365 921/1092/387 922/1093/388
f 541/637/365 922/1093/388 538/634/362
f 744/840/377 920/1094/390 916/1095/392
f 744/840/377 916/1095/392 745/841/378
f 538/634/362 922/1096/388 923/1097/391
f 538/634/362 923/1097/391 539/635/363
f 749/845/378 924/1098/387 925/1099/388
f 749/845/378 925/1099/388 746/842/375
f 539/635/363 923/1100/391 926/1101/390
f 539/635/363 926/1101/390 540/636/364
f 746/842/375 925/1102/388 927/1103/391
f 746/842/375 927/1103/391 747/843/376
f 540/636/364 926/1104/390 921/1105/387
f 540/636/364 921/1105/387 541/637/365
f 747/843/376 927/1106/391 928/1107/390
f 747/843/376 928/1107/390 748/844/377
f 545/641/365 929/1108/392 930/1109/388
f 545/641/365 930/1109/388 542/638/362
f 748/844/377 928/1110/390 924/1111/387
f 748/844/377 924/1111/387 749/845/378
f 542/638/362 930/1112/388 931/1113/389
f 542/638/362 931/1113/389 543/639/363
f 753/849/378 932/1114/392 933/1115/388
f 753/849/378 933/1115/388 750/846/375
f 543/639/363 931/1116/389 934/1117/390
f 543/639/363 934/1117/390 544/640/366
f 750/846/375 933/1118/388 935/1119/389
f 750/846/375 935/1119/389 751/847/376
f 544/640/366 934/1120/390 929/1121/392
f 544/640/366 929/1121/392 545/641/365
f 751/847/376 935/1122/389 936/1123/390
f 751/847/376 936/1123/390 752/848/377
f 549/645/365 937/1124/392 938/1125/396
f 549/645/365 938/1125/396 546/642/362
f 752/848/377 936/1126/390 932/1127/392
f 752/848/377 932/1127/392 753/849/378
f 546/642/362 938/1128/396 939/1129/389
f 546/642/362 939/1129/389 547/643/363
f 757/853/378 940/1130/387 941/1131/388
f 757/853/378 941/1131/388 754/850/375
f 547/643/363 939/1132/389 942/1133/401
f 547/643/363 942/1133/401 548/644/366
f 754/850/375 941/1134/388 943/1135/389
f 754/850/375 943/1135/389 755/851/376
f 548/644/366 942/1136/401 937/1137/392
f 548/644/366 937/1137/392 549/645/365
f 755/851/376 943/1138/389 944/1139/397
f 755/851/376 944/1139/397 756/852/377
f 553/649/365 945/1140/392 946/1141/396
f 553/649/365 946/1141/396 550/646/362
f 756/852/377 944/1142/397 940/1143/387
f 756/852/377 940/1143/387 757/853/378
f 550/646/362 946/1144/396 947/1145/389
f 550/646/362 947/1145/389 551/647/363
f 761/857/378 948/1146/392 949/1147/388
f 761/857/378 949/1147/388 758/854/375
f 551/647/363 947/1148/389 950/1149/397
f 551/647/363 950/1149/397 552/648/366
f 758/854/375 949/1150/388 951/1151/391
f 758/854/375 951/1151/391 759/855/376
f 552/648/366 950/1152/397 945/1153/392
f 552/648/366 945/1153/392 553/649/365
f 759/855/376 951/1154/391 952/1155/390
f 759/855/376 952/1155/390 760/856/377
f 557/653/365 953/1156/392 954/1157/388
f 557/653/365 954/1157/388 554/650/362
f 760/856/377 952/1158/390 948/1159/392
f 760/856/377 948/1159/392 761/857/378
f 554/650/362 954/1160/388 955/1161/389
f 554/650/362 955/1161/389 555/651/363
f 765/861/378 956/1162/392 957/1163/396
f 765/861/378 957/1163/396 762/858/375
f 555/651/363 955/1164/389 958/1165/390
f 555/651/363 958/1165/390 556/652/366
f 762/858/375 957/1166/396 959/1167/391
f 762/858/375 959/1167/391 763/859/376
f 556/652/366 958/1168/390 953/1169/392
f 556/652/366 953/1169/392 557/653/365
f 763/859/376 959/1170/391 960/1171/390
f 763/859/376 960/1171/390 764/860/377
f 561/657/365 961/1172/392 962/1173/396
f 561/657/365 962/1173/396 558/654/362
f 764/860/377 960/1174/390 956/1175/392
f 764/860/377 956/1175/392 765/861/378
f 558/654/362 962/1176/396 963/1177/389
f 558/654/362 963/1177/389 559/655/363
f 769/865/378 964/1178/392 965/1179/388
f 769/865/378 965/1179/388 766/862/375
f 559/655/363 963/1180/389 966/1181/397
f 559/655/363 966/1181/397 560/656/366
f 766/862/375 965/1182/388 967/1183/389
f 766/862/375 967/1183/389 767/863/376
f 560/656/366 966/1184/397 961/1185/392
f 560/656/366 961/1185/392 561/657/365
f 767/863/376 967/1186/389 968/1187/397
f 767/863/376 968/1187/397 768/864/377
f 575/671/363 969/1188/389 970/1189/390
f 575/671/363 970/1189/390 576/672/366
f 768/864/377 968/1190/397 964/1191/392
f 768/864/377 964/1191/392 769/865/378
f 576/672/366 970/1192/390 971/1193/392
f 576/672/366 971/1193/392 577/673/365
f 773/869/378 972/1194/392 973/1195/396
f 773/869/378 973/1195/396 770/866/375
f 574/670/362 974/1196/388 969/1197/389
f 574/670/362 969/1197/389 575/671/363
f 770/866/375 973/1198/396 975/1199/391
f 770/866/375 975/1199/391 771/867/376
f 577/673/365 971/1200/392 974/1201/388
f 577/673/365 974/1201/388 574/670/362
f 771/867/376 975/1202/391 976/1203/397
f 771/867/376 976/1203/397 772/868/377
f 571/667/363 977/1204/389 978/1205/390
f 571/667/363 978/1205/390 572/668/366
f 772/868/377 976/1206/397 972/1207/392
f 772/868/377 972/1207/392 773/869/378
f 572/668/366 978/1208/390 979/1209/392
f 572/668/366 979/1209/392 573/669/365
f 777/873/378 980/1210/392 981/1211/388
f 777/873/378 981/1211/388 774/870/375
f 570/666/362 982/1212/388 977/1213/389
f 570/666/362 977/1213/389 571/667/363
f 365/461/365 983/1214/392 984/1215/388
f 365/461/365 984/1215/388 362/458/362
f 774/870/375 981/1216/388 985/1217/389
f 774/870/375 985/1217/389 775/871/376
f 573/669/365 979/1218/392 982/1219/388
f 573/669/365 982/1219/388 570/666/362
f 362/458/362 984/1220/388 986/1221/389
f 362/458/362 986/1221/389 363/459/363
f 775/871/376 985/1222/389 987/1223/390
f 775/871/376 987/1223/390 776/872/377
f 567/663/363 988/1224/389 989/1225/390
f 567/663/363 989/1225/390 568/664/366
f 363/459/363 986/1226/389 990/1227/390
f 363/459/363 990/1227/390 364/460/364
f 776/872/377 987/1228/390 980/1229/392
f 776/872/377 980/1229/392 777/873/378
f 568/664/366 989/1230/390 991/1231/392
f 568/664/366 991/1231/392 569/665/365
f 364/460/364 990/1232/390 983/1233/392
f 364/460/364 983/1233/392 365/461/365
f 781/877/378 992/1234/392 993/1235/399
f 781/877/378 993/1235/399 778/874/375
f 566/662/362 994/1236/388 988/1237/389
f 566/662/362 988/1237/389 567/663/363
f 369/465/365 995/1238/392 996/1239/388
f 369/465/365 996/1239/388 366/462/362
f 778/874/375 993/1240/399 997/1241/389
f 778/874/375 997/1241/389 779/875/376
f 569/665/365 991/1242/392 994/1243/388
f 569/665/365 994/1243/388 566/662/362
f 366/462/362 996/1244/388 998/1245/389
f 366/462/362 998/1245/389 367/463/363
f 779/875/376 997/1246/389 999/1247/390
f 779/875/376 999/1247/390 780/876/377
f 563/659/363 1000/1248/389 1001/1249/390
f 563/659/363 1001/1249/390 564/660/366
f 367/463/363 998/1250/389 1002/1251/390
f 367/463/363 1002/1251/390 368/464/366
f 780/876/377 999/1252/390 992/1253/392
f 780/876/377 992/1253/392 781/877/378
f 564/660/366 1001/1254/390 1003/1255/392
f 564/660/366 1003/1255/392 565/661/365
f 368/464/366 1002/1256/390 995/1257/392
f 368/464/366 995/1257/392 369/465/365
f 785/881/378 1004/1258/392 1005/1259/396
f 785/881/378 1005/1259/396 782/878/375
f 562/658/362 1006/1260/388 1000/1261/389
f 562/658/362 1000/1261/389 563/659/363
f 373/469/365 1007/1262/387 1008/1263/388
f 373/469/365 1008/1263/388 370/466/362
f 782/878/375 1005/1264/396 1009/1265/391
f 782/878/375 1009/1265/391 783/879/376
f 565/661/365 1003/1266/392 1006/1267/388
f 565/661/365 1006/1267/388 562/658/362
f 370/466/362 1008/1268/388 1010/1269/391
f 370/466/362 1010/1269/391 371/467/363
f 783/879/376 1009/1270/391 1011/1271/390
f 783/879/376 1011/1271/390 784/880/377
f 581/677/365 1012/1272/392 1013/1273/388
f 581/677/365 1013/1273/388 578/674/362
f 371/467/363 1010/1274/391 1014/1275/390
f 371/467/363 1014/1275/390 372/468/364
f 784/880/377 1011/1276/390 1004/1277/392
f 784/880/377 1004/1277/392 785/881/378
f 578/674/362 1013/1278/388 1015/1279/389
f 578/674/362 1015/1279/389 579/675/363
f 372/468/364 1014/1280/390 1007/1281/387
f 372/468/364 1007/1281/387 373/469/365
f 789/885/378 1016/1282/387 1017/1283/388
f 789/885/378 1017/1283/388 786/882/375
f 579/675/363 1015/1284/389 1018/1285/401
f 579/675/363 1018/1285/401 580/676/364
f 377/473/365 1019/1286/392 1020/1287/388
f 377/473/365 1020/1287/388 374/470/362
f 786/882/375 1017/1288/388 1021/1289/389
f 786/882/375 1021/1289/389 787/883/376
f 580/676/364 1018/1290/401 1012/1291/392
f 580/676/364 1012/1291/392 581/677/365
f 374/470/362 1020/1292/388 1022/1293/389
f 374/470/362 1022/1293/389 375/471/363
f 787/883/376 1021/1294/389 1023/1295/390
f 787/883/376 1023/1295/390 788/884/377
f 585/681/365 1024/1296/392 1025/1297/388
f 585/681/365 1025/1297/388 582/678/362
f 375/471/363 1022/1298/389 1026/1299/390
f 375/471/363 1026/1299/390 376/472/366
f 788/884/377 1023/1300/390 1016/1301/387
f 788/884/377 1016/1301/387 789/885/378
f 582/678/362 1025/1302/388 1027/1303/389
f 582/678/362 1027/1303/389 583/679/363
f 376/472/366 1026/1304/390 1019/1305/392
f 376/472/366 1019/1305/392 377/473/365
f 793/889/378 1028/1306/392 1029/1307/388
f 793/889/378 1029/1307/388 790/886/375
f 583/679/363 1027/1308/389 1030/1309/390
f 583/679/363 1030/1309/390 584/680/366
f 381/477/365 1031/1310/392 1032/1311/388
f 381/477/365 1032/1311/388 378/474/362
f 790/886/375 1029/1312/388 1033/1313/389
f 790/886/375 1033/1313/389 791/887/376
f 584/680/366 1030/1314/390 1024/1315/392
f 584/680/366 1024/1315/392 585/681/365
f 378/474/362 1032/1316/388 1034/1317/389
f 378/474/362 1034/1317/389 379/475/363
f 791/887/376 1033/1318/389 1035/1319/390
f 791/887/376 1035/1319/390 792/888/377
f 589/685/365 1036/1320/392 1037/1321/388
f 589/685/365 1037/1321/388 586/682/362
f 379/475/363 1034/1322/389 1038/1323/390
f 379/475/363 1038/1323/390 380/476/364
f 792/888/377 1035/1324/390 1028/1325/392
f 792/888/377 1028/1325/392 793/889/378
f 586/682/362 1037/1326/388 1039/1327/389
f 586/682/362 1039/1327/389 587/683/363
f 380/476/364 1038/1328/390 1031/1329/392
f 380/476/364 1031/1329/392 381/477/365
f 797/893/380 1040/1330/392 1041/1331/396
f 797/893/380 1041/1331/396 794/890/375
f 587/683/363 1039/1332/389 1042/1333/390
f 587/683/363 1042/1333/390 588/684/364
f 385/481/365 1043/1334/392 1044/1335/388
f 385/481/365 1044/1335/388 382/478/362
f 794/890/375 1041/1336/396 1045/1337/389
f 794/890/375 1045/1337/389 795/891/379
f 588/684/364 1042/1338/390 1036/1339/392
f 588/684/364 1036/1339/392 589/685/365
f 382/478/362 1044/1340/388 1046/1341/400
f 382/478/362 1046/1341/400 383/479/363
f 795/891/379 1045/1342/389 1047/1343/390
f 795/891/379 1047/1343/390 796/892/377
f 593/689/365 1048/1344/392 1049/1345/388
f 593/689/365 1049/1345/388 590/686/362
f 383/479/363 1046/1346/400 1050/1347/397
f 383/479/363 1050/1347/397 384/480/366
f 796/892/377 1047/1348/390 1040/1349/392
f 796/892/377 1040/1349/392 797/893/380
f 590/686/362 1049/1350/388 1051/1351/391
f 590/686/362 1051/1351/391 591/687/363
f 384/480/366 1050/1352/397 1043/1353/392
f 384/480/366 1043/1353/392 385/481/365
f 801/897/378 1052/1354/392 1053/1355/388
f 801/897/378 1053/1355/388 798/894/375
f 591/687/363 1051/1356/391 1054/1357/390
f 591/687/363 1054/1357/390 592/688/366
f 389/485/365 1055/1358/392 1056/1359/388
f 389/485/365 1056/1359/388 386/482/362
f 798/894/375 1053/1360/388 1057/1361/389
f 798/894/375 1057/1361/389 799/895/376
f 592/688/366 1054/1362/390 1048/1363/392
f 592/688/366 1048/1363/392 593/689/365
f 386/482/362 1056/1364/388 1058/1365/389
f 386/482/362 1058/1365/389 387/483/363
f 799/895/376 1057/1366/389 1059/1367/397
f 799/895/376 1059/1367/397 800/896/377
f 597/693/365 1060/1368/392 1061/1369/396
f 597/693/365 1061/1369/396 594/690/362
f 387/483/363 1058/1370/389 1062/1371/390
f 387/483/363 1062/1371/390 388/484/364
f 800/896/377 1059/1372/397 1052/1373/392
f 800/896/377 1052/1373/392 801/897/378
f 594/690/362 1061/1374/396 1063/1375/389
f 594/690/362 1063/1375/389 595/691/363
f 388/484/364 1062/1376/390 1055/1377/392
f 388/484/364 1055/1377/392 389/485/365
f 805/901/378 1064/1378/392 1065/1379/388
f 805/901/378 1065/1379/388 802/898/375
f 595/691/363 1063/1380/389 1066/1381/397
f 595/691/363 1066/1381/397 596/692/366
f 393/489/365 1067/1382/392 1068/1383/396
f 393/489/365 1068/1383/396 390/486/362
f 802/898/375 1065/1384/388 1069/1385/389
f 802/898/375 1069/1385/389 803/899/376
f 596/692/366 1066/1386/397 1060/1387/392
f 596/692/366 1060/1387/392 597/693/365
f 390/486/362 1068/1388/396 1070/1389/389
f 390/486/362 1070/1389/389 391/487/363
f 803/899/376 1069/1390/389 1071/1391/401
f 803/899/376 1071/1391/401 804/900/377
f 601/697/365 1072/1392/392 1073/1393/396
f 601/697/365 1073/1393/396 598/694/362
f 391/487/363 1070/1394/389 1074/1395/397
f 391/487/363 1074/1395/397 392/488/366
f 804/900/377 1071/1396/401 1064/1397/392
f 804/900/377 1064/1397/392 805/901/378
f 598/694/362 1073/1398/396 1075/1399/389
f 598/694/362 1075/1399/389 599/695/363
f 392/488/366 1074/1400/397 1067/1401/392
f 392/488/366 1067/1401/392 393/489/365
f 809/905/378 1076/1402/392 1077/1403/396
f 809/905/378 1077/1403/396 806/902/375
f 599/695/363 1075/1404/389 1078/1405/401
f 599/695/363 1078/1405/401 600/696/366
f 397/493/365 1079/1406/398 1080/1407/388
f 397/493/365 1080/1407/388 394/490/362
f 806/902/375 1077/1408/396 1081/1409/400
f 806/902/375 1081/1409/400 807/903/376
f 600/696/366 1078/1410/401 1072/1411/392
f 600/696/366 1072/1411/392 601/697/365
f 394/490/362 1080/1412/388 1082/1413/400
f 394/490/362 1082/1413/400 395/491/363
f 807/903/376 1081/1414/400 1083/1415/390
f 807/903/376 1083/1415/390 808/904/377
f 605/701/365 1084/1416/392 1085/1417/396
f 605/701/365 1085/1417/396 602/698/362
f 395/491/363 1082/1418/400 1086/1419/390
f 395/491/363 1086/1419/390 396/492/364
f 808/904/377 1083/1420/390 1076/1421/392
f 808/904/377 1076/1421/392 809/905/378
f 602/698/362 1085/1422/396 1087/1423/389
f 602/698/362 1087/1423/389 603/699/363
f 396/492/364 1086/1424/390 1079/1425/398
f 396/492/364 1079/1425/398 397/493/365
f 813/909/382 1088/1426/393 1089/1427/402
f 813/909/382 1089/1427/402 810/906/375
f 603/699/363 1087/1428/389 1090/1429/397
f 603/699/363 1090/1429/397 604/700/366
f 401/497/365 1091/1430/392 1092/1431/388
f 401/497/365 1092/1431/388 398/494/362
f 810/906/375 1089/1432/402 1093/1433/389
f 810/906/375 1093/1433/389 811/907/376
f 604/700/366 1090/1434/397 1084/1435/392
f 604/700/366 1084/1435/392 605/701/365
f 398/494/362 1092/1436/388 1094/1437/389
f 398/494/362 1094/1437/389 399/495/363
f 811/907/376 1093/1438/389 1095/1439/395
f 811/907/376 1095/1439/395 812/908/381
f 609/705/370 1096/1440/403 1097/1441/404
f 609/705/370 1097/1441/404 606/702/367
f 399/495/363 1094/1442/389 1098/1443/390
f 399/495/363 1098/1443/390 400/496/366
f 812/908/381 1095/1444/395 1088/1445/393
f 812/908/381 1088/1445/393 813/909/382
f 606/702/367 1097/1446/404 1099/1447/405
f 606/702/367 1099/1447/405 607/703/368
f 400/496/366 1098/1448/390 1091/1449/392
f 400/496/366 1091/1449/392 401/497/365
f 817/913/378 1100/1450/392 1101/1451/388
f 817/913/378 1101/1451/388 814/910/375
f 607/703/368 1099/1452/405 1102/1453/406
f 607/703/368 1102/1453/406 608/704/369
f 405/501/365 1103/1454/398 1104/1455/388
f 405/501/365 1104/1455/388 402/498/362
f 814/910/375 1101/1456/388 1105/1457/389
f 814/910/375 1105/1457/389 815/911/376
f 608/704/369 1102/1458/406 1096/1459/403
f 608/704/369 1096/1459/403 609/705/370
f 402/498/362 1104/1460/388 1106/1461/391
f 402/498/362 1106/1461/391 403/499/363
f 815/911/376 1105/1462/389 1107/1463/390
f 815/911/376 1107/1463/390 816/912/377
f 613/709/374 1108/1464/403 1109/1465/407
f 613/709/374 1109/1465/407 610/706/371
f 403/499/363 1106/1466/391 1110/1467/390
f 403/499/363 1110/1467/390 404/500/364
f 816/912/377 1107/1468/390 1100/1469/392
f 816/912/377 1100/1469/392 817/913/378
f 610/706/371 1109/1470/407 1111/1471/405
f 610/706/371 1111/1471/405 611/707/372
f 404/500/364 1110/1472/390 1103/1473/398
f 404/500/364 1103/1473/398 405/501/365
f 821/917/378 1112/1474/392 1113/1475/388
f 821/917/378 1113/1475/388 818/914/375
f 611/707/372 1111/1476/405 1114/1477/395
f 611/707/372 1114/1477/395 612/708/373
f 409/505/365 1115/1478/392 1116/1479/388
f 409/505/365 1116/1479/388 406/502/362
f 818/914/375 1113/1480/388 1117/1481/389
f 818/914/375 1117/1481/389 819/915/376
f 612/708/373 1114/1482/395 1108/1483/403
f 612/708/373 1108/1483/403 613/709/374
f 406/502/362 1116/1484/388 1118/1485/391
f 406/502/362 1118/1485/391 407/503/363
f 819/915/376 1117/1486/389 1119/1487/390
f 819/915/376 1119/1487/390 820/916/377
f 617/713/374 1120/1488/403 1121/1489/407
f 617/713/374 1121/1489/407 614/710/371
f 407/503/363 1118/1490/391 1122/1491/390
f 407/503/363 1122/1491/390 408/504/366
f 820/916/377 1119/1492/390 1112/1493/392
f 820/916/377 1112/1493/392 821/917/378
f 614/710/371 1121/1494/407 1123/1495/405
f 614/710/371 1123/1495/405 615/711/372
f 408/504/366 1122/1496/390 1115/1497/392
f 408/504/366 1115/1497/392 409/505/365
f 825/921/378 1124/1498/392 1125/1499/388
f 825/921/378 1125/1499/388 822/918/375
f 615/711/372 1123/1500/405 1126/1501/395
f 615/711/372 1126/1501/395 616/712/373
f 413/509/365 1127/1502/392 1128/1503/388
f 413/509/365 1128/1503/388 410/506/362
f 822/918/375 1125/1504/388 1129/1505/389
f 822/918/375 1129/1505/389 823/919/376
f 616/712/373 1126/1506/395 1120/1507/403
f 616/712/373 1120/1507/403 617/713/374
f 410/506/362 1128/1508/388 1130/1509/389
f 410/506/362 1130/1509/389 411/507/363
f 823/919/376 1129/1510/389 1131/1511/390
f 823/919/376 1131/1511/390 824/920/377
f 621/717/374 1132/1512/403 1133/1513/404
f 621/717/374 1133/1513/404 618/714/371
f 411/507/363 1130/1514/389 1134/1515/390
f 411/507/363 1134/1515/390 412/508/364
f 824/920/377 1131/1516/390 1124/1517/392
f 824/920/377 1124/1517/392 825/921/378
f 618/714/371 1133/1518/404 1135/1519/408
f 618/714/371 1135/1519/408 619/715/372
f 412/508/364 1134/1520/390 1127/1521/392
f 412/508/364 1127/1521/392 413/509/365
f 829/925/378 1136/1522/392 1137/1523/388
f 829/925/378 1137/1523/388 826/922/375
f 619/715/372 1135/1524/408 1138/1525/395
f 619/715/372 1138/1525/395 620/716/373
f 417/513/365 1139/1526/392 1140/1527/388
f 417/513/365 1140/1527/388 414/510/362
f 826/922/375 1137/1528/388 1141/1529/389
f 826/922/375 1141/1529/389 827/923/376
f 620/716/373 1138/1530/395 1132/1531/403
f 620/716/373 1132/1531/403 621/717/374
f 414/510/362 1140/1532/388 1142/1533/389
f 414/510/362 1142/1533/389 415/511/363
f 827/923/376 1141/1534/389 1143/1535/390
f 827/923/376 1143/1535/390 828/924/377
f 625/721/374 1144/1536/403 1145/1537/407
f 625/721/374 1145/1537/407 622/718/371
f 415/511/363 1142/1538/389 1146/1539/390
f 415/511/363 1146/1539/390 416/512/366
f 828/924/377 1143/1540/390 1136/1541/392
f 828/924/377 1136/1541/392 829/925/378
f 622/718/371 1145/1542/407 1147/1543/405
f 622/718/371 1147/1543/405 623/719/372
f 416/512/366 1146/1544/390 1139/1545/392
f 416/512/366 1139/1545/392 417/513/365
f 833/929/378 1148/1546/392 1149/1547/388
f 833/929/378 1149/1547/388 830/926/375
f 623/719/372 1147/1548/405 1150/1549/395
f 623/719/372 1150/1549/395 624/720/373
f 421/517/365 1151/1550/387 1152/1551/388
f 421/517/365 1152/1551/388 418/514/362
f 830/926/375 1149/1552/388 1153/1553/391
f 830/926/375 1153/1553/391 831/927/376
f 624/720/373 1150/1554/395 1144/1555/403
f 624/720/373 1144/1555/403 625/721/374
f 418/514/362 1152/1556/388 1154/1557/391
f 418/514/362 1154/1557/391 419/515/363
f 831/927/376 1153/1558/391 1155/1559/390
f 831/927/376 1155/1559/390 832/928/377
f 629/725/374 1156/1560/403 1157/1561/404
f 629/725/374 1157/1561/404 626/722/371
f 419/515/363 1154/1562/391 1158/1563/390
f 419/515/363 1158/1563/390 420/516/364
f 832/928/377 1155/1564/390 1148/1565/392
f 832/928/377 1148/1565/392 833/929/378
f 626/722/371 1157/1566/404 1159/1567/405
f 626/722/371 1159/1567/405 627/723/372
f 420/516/364 1158/1568/390 1151/1569/387
f 420/516/364 1151/1569/387 421/517/365
f 837/933/378 1160/1570/392 1161/1571/388
f 837/933/378 1161/1571/388 834/930/375
f 627/723/372 1159/1572/405 1162/1573/406
f 627/723/372 1162/1573/406 628/724/373
f 425/521/365 1163/1574/392 1164/1575/388
f 425/521/365 1164/1575/388 422/518/362
f 834/930/375 1161/1576/388 1165/1577/389
f 834/930/375 1165/1577/389 835/931/376
f 628/724/373 1162/1578/406 1156/1579/403
f 628/724/373 1156/1579/403 629/725/374
f 422/518/362 1164/1580/388 1166/1581/389
f 422/518/362 1166/1581/389 423/519/363
f 835/931/376 1165/1582/389 1167/1583/390
f 835/931/376 1167/1583/390 836/932/377
f 633/729/374 1168/1584/403 1169/1585/404
f 633/729/374 1169/1585/404 630/726/371
f 423/519/363 1166/1586/389 1170/1587/390
f 423/519/363 1170/1587/390 424/520/366
f 836/932/377 1167/1588/390 1160/1589/392
f 836/932/377 1160/1589/392 837/933/378
f 630/726/371 1169/1590/404 1171/1591/405
f 630/726/371 1171/1591/405 631/727/372
f 424/520/366 1170/1592/390 1163/1593/392
f 424/520/366 1163/1593/392 425/521/365
f 631/727/372 1171/1594/405 1172/1595/395
f 631/727/372 1172/1595/395 632/728/373
f 429/525/365 1173/1596/392 1174/1597/388
f 429/525/365 1174/1597/388 426/522/362
f 632/728/373 1172/1598/395 1168/1599/403
f 632/728/373 1168/1599/403 633/729/374
f 426/522/362 1174/1600/388 1175/1601/389
f 426/522/362 1175/1601/389 427/523/363
f 637/733/374 1176/1602/403 1177/1603/407
f 637/733/374 1177/1603/407 634/730/371
f 427/523/363 1175/1604/389 1178/1605/390
f 427/523/363 1178/1605/390 428/524/364
f 634/730/371 1177/1606/407 1179/1607/405
f 634/730/371 1179/1607/405 635/731/372
f 428/524/364 1178/1608/390 1173/1609/392
f 428/524/364 1173/1609/392 429/525/365
f 635/731/372 1179/1610/405 1180/1611/395
f 635/731/372 1180/1611/395 636/732/373
f 433/529/365 1181/1612/392 1182/1613/388
f 433/529/365 1182/1613/388 430/526/362
f 636/732/373 1180/1614/395 1176/1615/403
f 636/732/373 1176/1615/403 637/733/374
f 430/526/362 1182/1616/388 1183/1617/389
f 430/526/362 1183/1617/389 431/527/363
f 641/737/374 1184/1618/403 1185/1619/407
f 641/737/374 1185/1619/407 638/734/371
f 431/527/363 1183/1620/389 1186/1621/390
f 431/527/363 1186/1621/390 432/528/366
f 638/734/371 1185/1622/407 1187/1623/405
f 638/734/371 1187/1623/405 639/735/372
f 432/528/366 1186/1624/390 1181/1625/392
f 432/528/366 1181/1625/392 433/529/365
f 639/735/372 1187/1626/405 1188/1627/395
f 639/735/372 1188/1627/395 640/736/373
f 437/533/365 1189/1628/392 1190/1629/396
f 437/533/365 1190/1629/396 434/530/362
f 640/736/373 1188/1630/395 1184/1631/403
f 640/736/373 1184/1631/403 641/737/374
f 434/530/362 1190/1632/396 1191/1633/391
f 434/530/362 1191/1633/391 435/531/363
f 645/741/374 1192/1634/403 1193/1635/409
f 645/741/374 1193/1635/409 642/738/371
f 435/531/363 1191/1636/391 1194/1637/390
f 435/531/363 1194/1637/390 436/532/364
f 642/738/371 1193/1638/409 1195/1639/405
f 642/738/371 1195/1639/405 643/739/372
f 436/532/364 1194/1640/390 1189/1641/392
f 436/532/364 1189/1641/392 437/533/365
f 643/739/372 1195/1642/405 1196/1643/395
f 643/739/372 1196/1643/395 644/740/373
f 441/537/365 1197/1644/392 1198/1645/388
f 441/537/365 1198/1645/388 438/534/362
f 644/740/373 1196/1646/395 1192/1647/403
f 644/740/373 1192/1647/403 645/741/374
f 438/534/362 1198/1648/388 1199/1649/389
f 438/534/362 1199/1649/389 439/535/363
f 649/745/374 1200/1650/403 1201/1651/404
f 649/745/374 1201/1651/404 646/742/371
f 439/535/363 1199/1652/389 1202/1653/390
f 439/535/363 1202/1653/390 440/536/366
f 646/742/371 1201/1654/404 1203/1655/405
f 646/742/371 1203/1655/405 647/743/372
f 440/536/366 1202/1656/390 1197/1657/392
f 440/536/366 1197/1657/392 441/537/365
f 1204/1658/410 1205/1659/411 1206/1660/411
f 1204/1658/410 1206/1660/411 1207/1661/412
f 647/743/372 1203/1662/405 1208/1663/395
f 647/743/372 1208/1663/395 648/744/373
f 445/541/365 1209/1664/392 1210/1665/388
f 445/541/365 1210/1665/388 442/538/362
f 648/744/373 1208/1666/395 1200/1667/403
f 648/744/373 1200/1667/403 649/745/374
f 442/538/362 1210/1668/388 1211/1669/389
f 442/538/362 1211/1669/389 443/539/363
f 1212/1670/413 1213/1671/414 1214/1672/414
f 1212/1670/413 1214/1672/414 1215/1673/415
f 653/749/374 1216/1674/403 1217/1675/407
f 653/749/374 1217/1675/407 650/746/371
f 443/539/363 1211/1676/389 1218/1677/390
f 443/539/363 1218/1677/390 444/540/364
f 650/746/371 1217/1678/407 1219/1679/405
f 650/746/371 1219/1679/405 651/747/372
f 444/540/364 1218/1680/390 1209/1681/392
f 444/540/364 1209/1681/392 445/541/365
f 1220/1682/416 1221/1683/417 1222/1684/418
f 1220/1682/416 1222/1684/418 1223/1685/419
f 651/747/372 1219/1686/405 1224/1687/395
f 651/747/372 1224/1687/395 652/748/373
f 449/545/365 1225/1688/392 1226/1689/388
f 449/545/365 1226/1689/388 446/542/362
f 1227/1690/420 1228/1691/421 1229/1692/422
f 1227/1690/420 1229/1692/422 1230/1693/423
f 652/748/373 1224/1694/395 1216/1695/403
f 652/748/373 1216/1695/403 653/749/374
f 446/542/362 1226/1696/388 1231/1697/389
f 446/542/362 1231/1697/389 447/543/363
f 839/935/384 1232/1698/424 1233/1699/425
f 839/935/384 1233/1699/425 840/936/385
f 657/753/374 1234/1700/403 1235/1701/409
f 657/753/374 1235/1701/409 654/750/371
f 447/543/363 1231/1702/389 1236/1703/390
f 447/543/363 1236/1703/390 448/544/366
f 654/750/371 1235/1704/409 1237/1705/405
f 654/750/371 1237/1705/405 655/751/372
f 448/544/366 1236/1706/390 1225/1707/392
f 448/544/366 1225/1707/392 449/545/365
f 655/751/372 1237/1708/405 1238/1709/426
f 655/751/372 1238/1709/426 656/752/373
f 453/549/365 1239/1710/387 1240/1711/388
f 453/549/365 1240/1711/388 450/546/362
f 656/752/373 1238/1712/426 1234/1713/403
f 656/752/373 1234/1713/403 657/753/374
f 450/546/362 1240/1714/388 1241/1715/391
f 450/546/362 1241/1715/391 451/547/363
f 661/757/374 1242/1716/403 1243/1717/409
f 661/757/374 1243/1717/409 658/754/371
f 451/547/363 1241/1718/391 1244/1719/390
f 451/547/363 1244/1719/390 452/548/364
f 658/754/371 1243/1720/409 1245/1721/405
f 658/754/371 1245/1721/405 659/755/372
f 452/548/364 1244/1722/390 1239/1723/387
f 452/548/364 1239/1723/387 453/549/365
f 659/755/372 1245/1724/405 1246/1725/426
f 659/755/372 1246/1725/426 660/756/373
f 457/553/365 1247/1726/392 1248/1727/388
f 457/553/365 1248/1727/388 454/550/362
f 660/756/373 1246/1728/426 1242/1729/403
f 660/756/373 1242/1729/403 661/757/374
f 454/550/362 1248/1730/388 1249/1731/389
f 454/550/362 1249/1731/389 455/551/363
f 665/761/374 1250/1732/403 1251/1733/404
f 665/761/374 1251/1733/404 662/758/371
f 455/551/363 1249/1734/389 1252/1735/390
f 455/551/363 1252/1735/390 456/552/366
f 662/758/371 1251/1736/404 1253/1737/405
f 662/758/371 1253/1737/405 663/759/372
f 456/552/366 1252/1738/390 1247/1739/392
f 456/552/366 1247/1739/392 457/553/365
f 663/759/372 1253/1740/405 1254/1741/395
f 663/759/372 1254/1741/395 664/760/373
f 461/557/365 1255/1742/392 1256/1743/388
f 461/557/365 1256/1743/388 458/554/362
f 664/760/373 1254/1744/395 1250/1745/403
f 664/760/373 1250/1745/403 665/761/374
f 458/554/362 1256/1746/388 1257/1747/389
f 458/554/362 1257/1747/389 459/555/363
f 669/765/374 1258/1748/403 1259/1749/407
f 669/765/374 1259/1749/407 666/762/371
f 459/555/363 1257/1750/389 1260/1751/390
f 459/555/363 1260/1751/390 460/556/364
f 666/762/371 1259/1752/407 1261/1753/405
f 666/762/371 1261/1753/405 667/763/372
f 460/556/364 1260/1754/390 1255/1755/392
f 460/556/364 1255/1755/392 461/557/365
f 667/763/372 1261/1756/405 1262/1757/395
f 667/763/372 1262/1757/395 668/764/373
f 465/561/365 1263/1758/398 1264/1759/396
f 465/561/365 1264/1759/396 462/558/362
f 668/764/373 1262/1760/395 1258/1761/403
f 668/764/373 1258/1761/403 669/765/374
f 462/558/362 1264/1762/396 1265/1763/389
f 462/558/362 1265/1763/389 463/559/363
f 673/769/374 1266/1764/403 1267/1765/407
f 673/769/374 1267/1765/407 670/766/371
f 463/559/363 1265/1766/389 1268/1767/390
f 463/559/363 1268/1767/390 464/560/366
f 670/766/371 1267/1768/407 1269/1769/427
f 670/766/371 1269/1769/427 671/767/372
f 464/560/366 1268/1770/390 1263/1771/398
f 464/560/366 1263/1771/398 465/561/365
f 671/767/372 1269/1772/427 1270/1773/395
f 671/767/372 1270/1773/395 672/768/373
f 469/565/365 1271/1774/392 1272/1775/388
f 469/565/365 1272/1775/388 466/562/362
f 672/768/373 1270/1776/395 1266/1777/403
f 672/768/373 1266/1777/403 673/769/374
f 466/562/362 1272/1778/388 1273/1779/389
f 466/562/362 1273/1779/389 467/563/363
f 677/773/374 1274/1780/403 1275/1781/407
f 677/773/374 1275/1781/407 674/770/371
f 467/563/363 1273/1782/389 1276/1783/390
f 467/563/363 1276/1783/390 468/564/366
f 674/770/371 1275/1784/407 1277/1785/405
f 674/770/371 1277/1785/405 675/771/372
f 468/564/366 1276/1786/390 1271/1787/392
f 468/564/366 1271/1787/392 469/565/365
f 675/771/372 1277/1788/405 1278/1789/395
f 675/771/372 1278/1789/395 676/772/373
f 473/569/365 1279/1790/392 1280/1791/388
f 473/569/365 1280/1791/388 470/566/362
f 676/772/373 1278/1792/395 1274/1793/403
f 676/772/373 1274/1793/403 677/773/374
f 470/566/362 1280/1794/388 1281/1795/389
f 470/566/362 1281/1795/389 471/567/363
f 681/777/374 1282/1796/403 1283/1797/407
f 681/777/374 1283/1797/407 678/774/371
f 471/567/363 1281/1798/389 1284/1799/390
f 471/567/363 1284/1799/390 472/568/366
f 678/774/371 1283/1800/407 1285/1801/408
f 678/774/371 1285/1801/408 679/775/372
f 472/568/366 1284/1802/390 1279/1803/392
f 472/568/366 1279/1803/392 473/569/365
f 679/775/372 1285/1804/408 1286/1805/395
f 679/775/372 1286/1805/395 680/776/373
f 477/573/365 1287/1806/392 1288/1807/388
f 477/573/365 1288/1807/388 474/570/362
f 680/776/373 1286/1808/395 1282/1809/403
f 680/776/373 1282/1809/403 681/777/374
f 474/570/362 1288/1810/388 1289/1811/389
f 474/570/362 1289/1811/389 475/571/363
f 685/781/378 1290/1812/392 1291/1813/388
f 685/781/378 1291/1813/388 682/778/375
f 475/571/363 1289/1814/389 1292/1815/390
f 475/571/363 1292/1815/390 476/572/366
f 682/778/375 1291/1816/388 1293/1817/389
f 682/778/375 1293/1817/389 683/779/376
f 476/572/366 1292/1818/390 1287/1819/392
f 476/572/366 1287/1819/392 477/573/365
f 683/779/376 1293/1820/389 1294/1821/390
f 683/779/376 1294/1821/390 684/780/377
f 481/577/365 1295/1822/392 1296/1823/388
f 481/577/365 1296/1823/388 478/574/362
f 684/780/377 1294/1824/390 1290/1825/392
f 684/780/377 1290/1825/392 685/781/378
f 478/574/362 1296/1826/388 1297/1827/389
f 478/574/362 1297/1827/389 479/575/363
f 689/785/378 1298/1828/392 1299/1829/388
f 689/785/378 1299/1829/388 686/782/375
f 479/575/363 1297/1830/389 1300/1831/390
f 479/575/363 1300/1831/390 480/576/366
f 686/782/375 1299/1832/388 1301/1833/389
f 686/782/375 1301/1833/389 687/783/376
f 480/576/366 1300/1834/390 1295/1835/392
f 480/576/366 1295/1835/392 481/577/365
f 687/783/376 1301/1836/389 1302/1837/390
f 687/783/376 1302/1837/390 688/784/377
f 485/581/365 1303/1838/392 1304/1839/388
f 485/581/365 1304/1839/388 482/578/362
f 688/784/377 1302/1840/390 1298/1841/392
f 688/784/377 1298/1841/392 689/785/378
f 482/578/362 1304/1842/388 1305/1843/389
f 482/578/362 1305/1843/389 483/579/363
f 693/789/378 1306/1844/387 1307/1845/388
f 693/789/378 1307/1845/388 690/786/375
f 483/579/363 1305/1846/389 1308/1847/390
f 483/579/363 1308/1847/390 484/580/366
f 690/786/375 1307/1848/388 1309/1849/391
f 690/786/375 1309/1849/391 691/787/376
f 484/580/366 1308/1850/390 1303/1851/392
f 484/580/366 1303/1851/392 485/581/365
f 691/787/376 1309/1852/391 1310/1853/390
f 691/787/376 1310/1853/390 692/788/377
f 489/585/365 1311/1854/392 1312/1855/396
f 489/585/365 1312/1855/396 486/582/362
f 692/788/377 1310/1856/390 1306/1857/387
f 692/788/377 1306/1857/387 693/789/378
f 486/582/362 1312/1858/396 1313/1859/389
f 486/582/362 1313/1859/389 487/583/363
f 697/793/380 1314/1860/387 1315/1861/396
f 697/793/380 1315/1861/396 694/790/375
f 487/583/363 1313/1862/389 1316/1863/397
f 487/583/363 1316/1863/397 488/584/366
f 694/790/375 1315/1864/396 1317/1865/389
f 694/790/375 1317/1865/389 695/791/379
f 488/584/366 1316/1866/397 1311/1867/392
f 488/584/366 1311/1867/392 489/585/365
f 695/791/379 1317/1868/389 1318/1869/390
f 695/791/379 1318/1869/390 696/792/377
f 493/589/365 1319/1870/392 1320/1871/388
f 493/589/365 1320/1871/388 490/586/362
f 696/792/377 1318/1872/390 1314/1873/387
f 696/792/377 1314/1873/387 697/793/380
f 490/586/362 1320/1874/388 1321/1875/389
f 490/586/362 1321/1875/389 491/587/363
f 701/797/380 1322/1876/392 1323/1877/388
f 701/797/380 1323/1877/388 698/794/375
f 491/587/363 1321/1878/389 1324/1879/390
f 491/587/363 1324/1879/390 492/588/366
f 698/794/375 1323/1880/388 1325/1881/389
f 698/794/375 1325/1881/389 699/795/379
f 492/588/366 1324/1882/390 1319/1883/392
f 492/588/366 1319/1883/392 493/589/365
f 699/795/379 1325/1884/389 1326/1885/390
f 699/795/379 1326/1885/390 700/796/377
f 497/593/365 1327/1886/392 1328/1887/388
f 497/593/365 1328/1887/388 494/590/362
f 700/796/377 1326/1888/390 1322/1889/392
f 700/796/377 1322/1889/392 701/797/380
f 494/590/362 1328/1890/388 1329/1891/389
f 494/590/362 1329/1891/389 495/591/363
f 705/801/378 1330/1892/392 1331/1893/388
f 705/801/378 1331/1893/388 702/798/375
f 495/591/363 1329/1894/389 1332/1895/390
f 495/591/363 1332/1895/390 496/592/366
f 702/798/375 1331/1896/388 1333/1897/389
f 702/798/375 1333/1897/389 703/799/376
f 496/592/366 1332/1898/390 1327/1899/392
f 496/592/366 1327/1899/392 497/593/365
f 703/799/376 1333/1900/389 1334/1901/397
f 703/799/376 1334/1901/397 704/800/377
f 501/597/365 847/1902/392 1335/1903/388
f 501/597/365 1335/1903/388 498/594/362
f 704/800/377 1334/1904/397 1330/1905/392
f 704/800/377 1330/1905/392 705/801/378
f 498/594/362 1335/1906/388 844/1907/389
f 498/594/362 844/1907/389 499/595/363
f 1336/1908/383 1337/1909/383 1214/1672/414
f 1336/1908/383 1214/1672/414 1213/1671/414
f 1338/1910/428 1339/1911/429 1340/1912/430
f 1338/1910/428 1340/1912/430 1341/1913/431
f 1341/1913/431 1342/1914/392 1343/1915/388
f 1341/1913/431 1343/1915/388 1338/1910/428
f 1338/1910/428 1343/1916/388 1344/1917/389
f 1338/1910/428 1344/1917/389 1339/1911/429
f 1339/1911/429 1344/1918/389 1345/1919/390
f 1339/1911/429 1345/1919/390 1340/1912/430
f 1340/1912/430 1345/1920/390 1342/1921/392
f 1340/1912/430 1342/1921/392 1341/1913/431
f 1346/1922/432 1347/1923/429 1348/1924/430
f 1346/1922/432 1348/1924/430 1349/1925/431
f 1349/1925/431 1350/1926/392 1351/1927/388
f 1349/1925/431 1351/1927/388 1346/1922/432
f 1346/1922/432 1351/1928/388 1352/1929/389
f 1346/1922/432 1352/1929/389 1347/1923/429
f 1347/1923/429 1352/1930/389 1353/1931/390
f 1347/1923/429 1353/1931/390 1348/1924/430
f 1348/1924/430 1353/1932/390 1350/1933/392
f 1348/1924/430 1350/1933/392 1349/1925/431
f 1354/1934/433 1355/1935/434 1213/1671/414
f 1354/1934/433 1213/1671/414 1212/1670/413
f 1356/1936/435 1336/1908/383 1213/1671/414
f 1356/1936/435 1213/1671/414 1355/1935/434
f 1357/1937/436 1358/1938/411 1336/1908/383
f 1357/1937/436 1336/1908/383 1356/1936/435
f 80/357/80 320/360/320 1359/1939/437
f 80/357/80 1359/1939/437 1360/1940/438
f 63/65/63 65/67/65 1361/1941/439
f 63/65/63 1361/1941/439 1362/1942/440
f 60/62/60 63/65/63 1362/1942/440
f 60/62/60 1362/1942/440 1363/1943/441
f 1215/1944/415 356/1945/356 355/1946/355
f 1215/1944/415 355/1946/355 1212/1947/413
f 1207/1661/412 1206/1660/411 1358/1938/411
f 1207/1661/412 1358/1938/411 1364/1948/442
f 65/67/65 67/69/67 1365/1949/443
f 65/67/65 1365/1949/443 1361/1941/439
f 69/71/69 92/94/92 1366/1950/444
f 69/71/69 1366/1950/444 1367/1951/445
f 67/69/67 69/71/69 1367/1951/445
f 67/69/67 1367/1951/445 1365/1949/443
f 92/94/92 88/90/88 1368/1952/446
f 92/94/92 1368/1952/446 1366/1950/444
f 88/90/88 81/83/81 1369/1953/447
f 88/90/88 1369/1953/447 1368/1952/446
f 1370/1954/448 60/62/60 1363/1943/441
f 1370/1954/448 1363/1943/441 1364/1955/442
f 327/1956/327 13/13/13 16/16/16
f 327/1956/327 16/16/16 318/1957/318
f 327/1956/327 318/1957/318 317/1958/317
f 327/1956/327 317/1958/317 316/1959/316
f 327/1956/327 316/1959/316 315/1960/315
f 327/1956/327 315/1960/315 314/1961/314
f 327/1956/327 314/1961/314 313/1962/313
f 327/1956/327 313/1962/313 312/1963/312
f 327/1956/327 312/1963/312 311/1964/311
f 327/1956/327 311/1964/311 3/1965/3
f 327/1956/327 3/1965/3 2/1966/2
f 327/1956/327 2/1966/2 1371/1967/449
f 327/1956/327 1371/1967/449 1359/1968/437
f 327/1956/327 1359/1968/437 320/1969/320
f 327/1956/327 320/1969/320 319/1970/319
f 327/1956/327 319/1970/319 321/1971/321
f 327/1956/327 321/1971/321 322/1972/322
f 327/1956/327 322/1972/322 323/1973/323
f 327/1956/327 323/1973/323 324/1974/324
f 327/1956/327 324/1974/324 325/1975/325
f 327/1956/327 325/1975/325 326/1976/326
f 81/83/81 80/82/80 1360/1977/438
f 81/83/81 1360/1977/438 1369/1953/447
f 120/123/120 123/126/123 294/304/294
f 120/123/120 294/304/294 293/303/293
f 125/128/125 127/130/127 298/308/298
f 125/128/125 298/308/298 297/307/297
f 127/130/127 129/132/129 301/311/301
f 127/130/127 301/311/301 298/308/298
f 152/155/152 148/151/148 305/315/305
f 152/155/152 305/315/305 303/313/303
f 129/132/129 152/155/152 303/313/303
f 129/132/129 303/313/303 301/311/301
f 148/151/148 141/144/141 307/317/307
f 148/151/148 307/317/307 305/315/305
f 141/144/141 140/143/140 309/319/309
f 141/144/141 309/319/309 307/317/307
f 140/356/140 318/355/318 16/322/16
f 140/356/140 16/322/16 309/321/309
f 123/126/123 125/128/125 297/307/297
f 123/126/123 297/307/297 294/304/294
f 346/1978/346 14/1979/14 13/392/13
f 346/1978/346 13/392/13 330/391/330
f 347/1980/347 346/1981/346 330/401/330
f 347/1980/347 330/401/330 338/400/338
f 348/1982/348 347/1980/347 338/400/338
f 348/1982/348 338/400/338 339/402/339
f 349/1983/349 348/1982/348 339/402/339
f 349/1983/349 339/402/339 340/403/340
f 351/1984/351 350/1985/350 341/404/341
f 351/1984/351 341/404/341 342/405/342
f 350/1985/350 349/1983/349 340/403/340
f 350/1985/350 340/403/340 341/404/341
f 352/1986/352 351/1984/351 342/405/342
f 352/1986/352 342/405/342 343/406/343
f 353/1987/353 352/1986/352 343/406/343
f 353/1987/353 343/406/343 344/407/344
f 354/1988/354 353/1987/353 344/407/344
f 354/1988/354 344/407/344 345/410/345
f 1358/1938/411 1206/1660/411 1337/1909/383
f 1358/1938/411 1337/1909/383 1336/1908/383
f 1372/1989/450 1373/1990/451 359/455/359
f 1372/1989/450 359/455/359 358/454/358
f 1206/1660/411 1205/1659/411 1374/1991/383
f 1206/1660/411 1374/1991/383 1337/1909/383
f 1354/1992/433 354/1988/354 345/410/345
f 1354/1992/433 345/410/345 1375/1993/452
f 361/1994/361 120/123/120 293/303/293
f 361/1994/361 293/303/293 358/1995/358
f 1370/1996/448 1357/1937/436 1356/1936/435
f 1370/1996/448 1356/1936/435 1375/1997/452
f 1205/1659/411 360/456/360 359/455/359
f 1205/1659/411 359/455/359 1374/1991/383
f 1376/1998/453 1371/1999/449 2/2/2
f 1376/1998/453 2/2/2 1/1/1
f 1377/2000/454 1378/2001/455 286/295/286
f 1377/2000/454 286/295/286 285/294/285
f 1378/2001/455 1379/2002/456 287/296/287
f 1378/2001/455 287/296/287 286/295/286
f 1380/2003/457 1381/2004/458 289/298/289
f 1380/2003/457 289/298/289 288/297/288
f 1379/2002/456 1380/2003/457 288/297/288
f 1379/2002/456 288/297/288 287/296/287
f 1381/2004/458 1382/2005/459 290/299/290
f 1381/2004/458 290/299/290 289/298/289
f 1382/2005/459 1383/2006/460 291/300/291
f 1382/2005/459 291/300/291 290/299/290
f 1383/2006/460 1384/2007/461 292/301/292
f 1383/2006/460 292/301/292 291/300/291
f 361/2008/361 360/456/360 1205/1659/411
f 361/2008/361 1205/1659/411 1204/1658/410
f 1384/2007/461 1376/2009/453 1/302/1
f 1384/2007/461 1/302/1 292/301/292
f 1372/2010/450 296/306/296 357/2011/357
f 1372/2010/450 357/2011/357 1385/2012/462
f 1207/2013/412 1377/2000/454 285/294/285
f 1207/2013/412 285/294/285 1204/2014/410
f 1337/1909/383 1374/1991/383 1386/2015/414
f 1337/1909/383 1386/2015/414 1214/1672/414
f 1360/1940/438 1359/1939/437 1371/1999/449
f 1360/1940/438 1371/1999/449 1376/1998/453
f 1215/1673/415 1214/1672/414 1386/2015/414
f 1215/1673/415 1386/2015/414 1385/2016/462
f 1363/1943/441 1362/1942/440 1378/2001/455
f 1363/1943/441 1378/2001/455 1377/2000/454
f 1362/1942/440 1361/1941/439 1379/2002/456
f 1362/1942/440 1379/2002/456 1378/2001/455
f 1385/2012/462 357/2011/357 356/1945/356
f 1385/2012/462 356/1945/356 1215/1944/415
f 1388/2017/463 1389/2018/464 1390/2019/465
f 1390/2019/465 1389/2018/464 1391/2020/466
f 1390/2019/465 1391/2020/466 1417/2021/467
f 1422/2022/468 1415/2023/469 1416/2024/470
f 1422/2022/468 1416/2024/470 1421/2025/471
f 1423/2026/472 1414/2027/473 1415/2023/469
f 1423/2026/472 1415/2023/469 1422/2022/468
f 1424/2028/474 1413/2029/475 1414/2027/473
f 1424/2028/474 1414/2027/473 1423/2026/472
f 1425/2030/476 1412/2031/477 1413/2029/475
f 1425/2030/476 1413/2029/475 1424/2028/474
f 1426/2032/478 1411/2033/479 1412/2031/477
f 1426/2032/478 1412/2031/477 1425/2030/476
f 1427/2034/480 1410/2035/481 1411/2033/479
f 1427/2034/480 1411/2033/479 1426/2032/478
f 1428/2036/482 1409/2037/483 1410/2035/481
f 1428/2036/482 1410/2035/481 1427/2034/480
f 1429/2038/484 1408/2039/485 1409/2037/483
f 1429/2038/484 1409/2037/483 1428/2036/482
f 1430/2040/486 1407/2041/487 1408/2039/485
f 1430/2040/486 1408/2039/485 1429/2038/484
f 1431/2042/488 1406/2043/489 1407/2041/487
f 1431/2042/488 1407/2041/487 1430/2040/486
f 1432/2044/490 1405/2045/491 1406/2043/489
f 1432/2044/490 1406/2043/489 1431/2042/488
f 1433/2046/492 1404/2047/493 1405/2045/491
f 1433/2046/492 1405/2045/491 1432/2044/490
f 1434/2048/494 1403/2049/495 1404/2047/493
f 1434/2048/494 1404/2047/493 1433/2046/492
f 1435/2050/496 1402/2051/497 1403/2049/495
f 1435/2050/496 1403/2049/495 1434/2048/494
f 1436/2052/498 1401/2053/499 1402/2051/497
f 1436/2052/498 1402/2051/497 1435/2050/496
f 1437/2054/500 1400/2055/501 1401/2053/499
f 1437/2054/500 1401/2053/499 1436/2052/498
f 1438/2056/502 1399/2057/503 1400/2055/501
f 1438/2056/502 1400/2055/501 1437/2054/500
f 1439/2058/504 1398/2059/505 1399/2057/503
f 1439/2058/504 1399/2057/503 1438/2056/502
f 1440/2060/506 1397/2061/507 1398/2059/505
f 1440/2060/506 1398/2059/505 1439/2058/504
f 1441/2062/508 1396/2063/509 1397/2061/507
f 1441/2062/508 1397/2061/507 1440/2060/506
f 1442/2064/510 1395/2065/511 1396/2063/509
f 1442/2064/510 1396/2063/509 1441/2062/508
f 1443/2066/512 1394/2067/513 1395/2065/511
f 1443/2066/512 1395/2065/511 1442/2064/510
f 1444/2068/514 1393/2069/515 1394/2067/513
f 1444/2068/514 1394/2067/513 1443/2066/512
f 1445/2070/516 1392/2071/517 1393/2069/515
f 1445/2070/516 1393/2069/515 1444/2068/514
f 1417/2021/467 1391/2020/466 1392/2071/517
f 1417/2021/467 1392/2071/517 1445/2070/516
f 1446/2072/518 1417/2073/467 1445/2074/516
f 1446/2072/518 1445/2074/516 1447/2075/519
f 1447/2075/519 1445/2074/516 1444/2076/514
f 1447/2075/519 1444/2076/514 1448/2077/520
f 1448/2077/520 1444/2076/514 1443/2078/512
f 1448/2077/520 1443/2078/512 1449/2079/521
f 1449/2079/521 1443/2078/512 1442/2080/510
f 1449/2079/521 1442/2080/510 1450/2081/522
f 1450/2081/522 1442/2080/510 1441/2082/508
f 1450/2081/522 1441/2082/508 1451/2083/523
f 1451/2083/523 1441/2082/508 1440/2084/506
f 1451/2083/523 1440/2084/506 1452/2085/524
f 1452/2085/524 1440/2084/506 1439/2086/504
f 1452/2085/524 1439/2086/504 1453/2087/525
f 1453/2087/525 1439/2086/504 1438/2088/502
f 1453/2087/525 1438/2088/502 1454/2089/526
f 1454/2089/526 1438/2088/502 1437/2090/500
f 1454/2089/526 1437/2090/500 1455/2091/527
f 1455/2091/527 1437/2090/500 1436/2092/498
f 1455/2091/527 1436/2092/498 1456/2093/528
f 1456/2093/528 1436/2092/498 1435/2094/496
f 1456/2093/528 1435/2094/496 1457/2095/529
f 1457/2095/529 1435/2094/496 1434/2096/494
f 1457/2095/529 1434/2096/494 1458/2097/530
f 1458/2097/530 1434/2096/494 1433/2098/492
f 1458/2097/530 1433/2098/492 1459/2099/531
f 1459/2099/531 1433/2098/492 1432/2100/490
f 1459/2099/531 1432/2100/490 1460/2101/532
f 1460/2101/532 1432/2100/490 1431/2102/488
f 1460/2101/532 1431/2102/488 1461/2103/533
f 1461/2103/533 1431/2102/488 1430/2104/486
f 1461/2103/533 1430/2104/486 1462/2105/534
f 1462/2105/534 1430/2104/486 1429/2106/484
f 1462/2105/534 1429/2106/484 1463/2107/535
f 1463/2107/535 1429/2106/484 1428/2108/482
f 1463/2107/535 1428/2108/482 1464/2109/536
f 1464/2109/536 1428/2108/482 1427/2110/480
f 1464/2109/536 1427/2110/480 1465/2111/537
f 1465/2111/537 1427/2110/480 1426/2112/478
f 1465/2111/537 1426/2112/478 1466/2113/538
f 1466/2113/538 1426/2112/478 1425/2114/476
f 1466/2113/538 1425/2114/476 1467/2115/539
f 1467/2115/539 1425/2114/476 1424/2116/474
f 1467/2115/539 1424/2116/474 1468/2117/540
f 1468/2117/540 1424/2116/474 1423/2118/472
f 1468/2117/540 1423/2118/472 1469/2119/541
f 1469/2119/541 1423/2118/472 1422/2120/468
f 1469/2119/541 1422/2120/468 1470/2121/542
f 1470/2121/542 1422/2120/468 1421/2122/471
f 1470/2121/542 1421/2122/471 1471/2123/543
f 1471/2123/543 1421/2122/471 1420/2124/544
f 1471/2123/543 1420/2124/544 1472/2125/545
f 1472/2125/545 1420/2124/544 1419/2126/546
f 1472/2125/545 1419/2126/546 1473/2127/547
f 1473/2127/547 1419/2126/546 1418/2128/548
f 1473/2127/547 1418/2128/548 1474/2129/549
f 1474/2129/549 1418/2128/548 1387/2130/550
f 1474/2129/549 1387/2130/550 1475/2131/551
f 1476/2132/552 1390/2133/465 1417/2073/467
f 1476/2132/552 1417/2073/467 1446/2072/518
f 1477/2134/553 1388/2135/463 1390/2133/465
f 1477/2134/553 1390/2133/465 1476/2132/552
f 1475/2131/551 1387/2130/550 1388/2135/463
f 1475/2131/551 1388/2135/463 1477/2134/553
f 1204/2014/410 285/294/285 120/123/120
f 1204/2014/410 120/123/120 361/1994/361
f 1212/1947/413 355/1946/355 354/1988/354
f 1212/1947/413 354/1988/354 1354/1992/433
f 1375/1993/452 345/410/345 60/62/60
f 1375/1993/452 60/62/60 1370/1954/448
f 358/1995/358 293/303/293 296/306/296
f 358/1995/358 296/306/296 1372/2010/450
f 1374/1991/383 359/455/359 1373/1990/451
f 1374/1991/383 1373/1990/451 1386/2015/414
f 1385/2016/462 1386/2015/414 1373/1990/451
f 1385/2016/462 1373/1990/451 1372/2136/450
f 1375/1997/452 1356/1936/435 1355/1935/434
f 1375/1997/452 1355/1935/434 1354/2137/433
f 1364/1948/442 1358/1938/411 1357/1937/436
f 1364/1948/442 1357/1937/436 1370/2138/448
f 274/2139/274 239/243/239 9/9/9
f 274/2139/274 9/9/9 1478/2140/554
f 1479/2141/555 12/12/12 328/389/328
f 1479/2141/555 328/389/328 277/2142/277
f 1478/2140/554 9/9/9 12/12/12
f 1478/2140/554 12/12/12 1479/2141/555
f 277/2142/277 328/389/328 239/243/239
f 277/2142/277 239/243/239 274/2139/274
f 1480/2143/556 276/281/276 275/280/275
f 1480/2143/556 275/280/275 1481/2144/557
f 277/2145/277 276/281/276 1480/2143/556
f 277/2145/277 1480/2143/556 1479/2146/555
f 1479/2147/555 1480/2143/556 1481/2144/557
f 1479/2147/555 1481/2144/557 1478/2148/554
f 1478/2149/554 1481/2144/557 275/280/275
f 1478/2149/554 275/280/275 274/2150/274
f 1230/1693/423 1229/1692/422 1482/2151/424
f 1230/1693/423 1482/2151/424 1483/2152/558
f 1483/2153/558 1482/2154/424 1484/2155/424
f 1483/2153/558 1484/2155/424 1485/2156/559
f 1486/2157/560 1487/2158/561 1488/2159/562
f 1486/2157/560 1488/2159/562 1489/2160/563
f 1490/2161/564 1491/2162/565 1492/2163/566
f 1490/2161/564 1492/2163/566 1221/2164/417
f 1490/2161/564 1221/2164/417 1220/2165/416
f 1227/1690/420 1230/1693/423 1483/2166/558
f 1227/1690/420 1483/2166/558 1493/2167/383
f 1493/2168/383 1483/2153/558 1485/2156/559
f 1493/2168/383 1485/2156/559 1494/2169/383
f 1486/2157/560 1489/2170/563 1495/2171/567
s 0
f 1486/2157/568 1495/2171/421 1494/2172/383
s 1
f 1486/2157/560 1494/2172/383 838/934/383
f 1486/2157/560 838/934/383 841/937/386
f 1491/2173/565 1496/2174/569 1497/2175/570
f 1491/2173/565 1497/2175/570 1492/2176/566
f 840/936/385 1233/1699/425 1498/2177/564
f 840/936/385 1498/2177/564 841/937/386
f 1222/1684/418 1228/1691/421 1227/1690/420
f 1222/1684/418 1227/1690/420 1223/1685/419
f 1489/2170/563 1488/2178/562 1497/2179/570
f 1489/2170/563 1497/2179/570 1496/2180/569
f 1500/2167/571 1220/2165/416 1223/1685/419
f 1500/2167/571 1223/1685/419 1227/1690/420
f 841/937/386 1498/2177/564 1487/2158/561
f 841/937/386 1487/2158/561 1486/2157/560
s 0
f 1500/2181/572 1493/2168/572 1494/2169/572
f 1500/2181/572 1494/2169/572 1495/2182/572
s 1
f 1500/2167/573 1501/2183/574 1502/2184/575
f 1500/2167/573 1502/2184/575 1503/2185/576
f 1500/2167/573 1503/2185/576 1504/2186/577
f 1500/2167/573 1504/2186/577 1505/2187/578
f 1500/2167/573 1505/2187/578 1506/2188/579
f 1500/2167/573 1506/2188/579 1507/2189/580
f 1500/2167/573 1507/2189/580 1491/2162/565
f 1500/2167/573 1491/2162/565 1490/2161/564
s 0
f 1500/2167/581 1490/2161/564 1220/2165/582
s 1
f 1496/2180/569 1508/2190/583 1509/2191/584
f 1496/2180/569 1509/2191/584 1510/2192/585
f 1496/2180/569 1510/2192/585 1511/2193/586
f 1496/2180/569 1511/2193/586 1512/2194/587
f 1496/2180/569 1512/2194/587 1513/2195/588
f 1496/2180/569 1513/2195/588 1514/2196/589
f 1496/2180/569 1514/2196/589 1495/2171/567
f 1496/2180/569 1495/2171/567 1489/2170/563
f 1496/2180/569 1489/2170/590 1499/2197/564
f 1496/2174/569 1491/2173/565 1507/2198/580
f 1496/2174/569 1507/2198/580 1508/2199/583
f 1508/2199/583 1507/2198/580 1506/2200/579
f 1508/2199/583 1506/2200/579 1509/2201/584
f 1509/2201/584 1506/2200/579 1505/2202/578
f 1509/2201/584 1505/2202/578 1510/2203/585
f 1510/2203/585 1505/2202/578 1504/2204/577
f 1510/2203/585 1504/2204/577 1511/2205/586
f 1511/2205/586 1504/2204/577 1503/2206/576
f 1511/2205/586 1503/2206/576 1512/2207/587
f 1512/2207/587 1503/2206/576 1502/2208/575
f 1512/2207/587 1502/2208/575 1513/2209/588
f 1513/2209/588 1502/2208/575 1501/2210/574
f 1513/2209/588 1501/2210/574 1514/2211/589
f 1514/2211/589 1501/2210/574 1500/2181/573
f 1514/2211/589 1500/2181/573 1495/2182/567
f 1515/2212/428 1516/2213/429 1517/2214/430
f 1515/2212/428 1517/2214/430 1518/2215/431
f 1518/2215/431 1519/2216/392 1520/2217/388
f 1518/2215/431 1520/2217/388 1515/2212/428
f 1515/2212/428 1520/2218/388 1521/2219/389
f 1515/2212/428 1521/2219/389 1516/2213/429
f 1516/2213/429 1521/2220/389 1522/2221/390
f 1516/2213/429 1522/2221/390 1517/2214/430
f 1517/2214/430 1522/2222/390 1519/2223/392
f 1517/2214/430 1519/2223/392 1518/2215/431
f 1523/2224/432 1524/2225/429 1525/2226/430
f 1523/2224/432 1525/2226/430 1526/2227/431
f 1526/2227/431 1527/2228/392 1528/2229/396
f 1526/2227/431 1528/2229/396 1523/2224/432
f 1523/2224/432 1528/2230/396 1529/2231/389
f 1523/2224/432 1529/2231/389 1524/2225/429
f 1524/2225/429 1529/2232/389 1530/2233/397
f 1524/2225/429 1530/2233/397 1525/2226/430
f 1525/2226/430 1530/2234/397 1527/2235/392
f 1525/2226/430 1527/2235/392 1526/2227/431
f 1531/2236/432 1532/2237/429 1533/2238/430
f 1531/2236/432 1533/2238/430 1534/2239/431
f 1534/2239/431 1535/2240/392 1536/2241/388
f 1534/2239/431 1536/2241/388 1531/2236/432
f 1531/2236/432 1536/2242/388 1537/2243/389
f 1531/2236/432 1537/2243/389 1532/2237/429
f 1532/2237/429 1537/2244/389 1538/2245/390
f 1532/2237/429 1538/2245/390 1533/2238/430
f 1533/2238/430 1538/2246/390 1535/2247/392
f 1533/2238/430 1535/2247/392 1534/2239/431
f 1539/2248/432 1540/2249/429 1541/2250/430
f 1539/2248/432 1541/2250/430 1542/2251/431
f 1542/2251/431 1543/2252/392 1544/2253/388
f 1542/2251/431 1544/2253/388 1539/2248/432
f 1539/2248/432 1544/2254/388 1545/2255/389
f 1539/2248/432 1545/2255/389 1540/2249/429
f 1540/2249/429 1545/2256/389 1546/2257/390
f 1540/2249/429 1546/2257/390 1541/2250/430
f 1541/2250/430 1546/2258/390 1543/2259/392
f 1541/2250/430 1543/2259/392 1542/2251/431
f 1547/2260/428 1548/2261/429 1549/2262/430
f 1547/2260/428 1549/2262/430 1550/2263/431
f 1550/2263/431 1551/2264/392 1552/2265/388
f 1550/2263/431 1552/2265/388 1547/2260/428
f 1547/2260/428 1552/2266/388 1553/2267/389
f 1547/2260/428 1553/2267/389 1548/2261/429
f 1548/2261/429 1553/2268/389 1554/2269/390
f 1548/2261/429 1554/2269/390 1549/2262/430
f 1549/2262/430 1554/2270/390 1551/2271/392
f 1549/2262/430 1551/2271/392 1550/2263/431
f 1555/2272/428 1556/2273/429 1557/2274/430
f 1555/2272/428 1557/2274/430 1558/2275/431
f 1558/2275/431 1559/2276/392 1560/2277/388
f 1558/2275/431 1560/2277/388 1555/2272/428
f 1555/2272/428 1560/2278/388 1561/2279/389
f 1555/2272/428 1561/2279/389 1556/2273/429
f 1556/2273/429 1561/2280/389 1562/2281/390
f 1556/2273/429 1562/2281/390 1557/2274/430
f 1557/2274/430 1562/2282/390 1559/2283/392
f 1557/2274/430 1559/2283/392 1558/2275/431
f 1563/2284/428 1564/2285/429 1565/2286/430
f 1563/2284/428 1565/2286/430 1566/2287/431
f 1566/2287/431 1567/2288/392 1568/2289/388
f 1566/2287/431 1568/2289/388 1563/2284/428
f 1563/2284/428 1568/2290/388 1569/2291/389
f 1563/2284/428 1569/2291/389 1564/2285/429
f 1564/2285/429 1569/2292/389 1570/2293/390
f 1564/2285/429 1570/2293/390 1565/2286/430
f 1565/2286/430 1570/2294/390 1567/2295/392
f 1565/2286/430 1567/2295/392 1566/2287/431
f 1571/2296/432 1572/2297/429 1573/2298/430
f 1571/2296/432 1573/2298/430 1574/2299/431
f 1574/2299/431 1575/2300/392 1576/2301/388
f 1574/2299/431 1576/2301/388 1571/2296/432
f 1571/2296/432 1576/2302/388 1577/2303/389
f 1571/2296/432 1577/2303/389 1572/2297/429
f 1572/2297/429 1577/2304/389 1578/2305/390
f 1572/2297/429 1578/2305/390 1573/2298/430
f 1573/2298/430 1578/2306/390 1575/2307/392
f 1573/2298/430 1575/2307/392 1574/2299/431
f 1579/2308/428 1580/2309/429 1581/2310/430
f 1579/2308/428 1581/2310/430 1582/2311/431
f 1582/2311/431 1583/2312/387 1584/2313/388
f 1582/2311/431 1584/2313/388 1579/2308/428
f 1579/2308/428 1584/2314/388 1585/2315/391
f 1579/2308/428 1585/2315/391 1580/2309/429
f 1580/2309/429 1585/2316/391 1586/2317/390
f 1580/2309/429 1586/2317/390 1581/2310/430
f 1581/2310/430 1586/2318/390 1583/2319/387
f 1581/2310/430 1583/2319/387 1582/2311/431
f 1587/2320/428 1588/2321/429 1589/2322/430
f 1587/2320/428 1589/2322/430 1590/2323/431
f 1590/2323/431 1591/2324/392 1592/2325/388
f 1590/2323/431 1592/2325/388 1587/2320/428
f 1587/2320/428 1592/2326/388 1593/2327/389
f 1587/2320/428 1593/2327/389 1588/2321/429
f 1588/2321/429 1593/2328/389 1594/2329/390
f 1588/2321/429 1594/2329/390 1589/2322/430
f 1589/2322/430 1594/2330/390 1591/2331/392
f 1589/2322/430 1591/2331/392 1590/2323/431
f 1595/2332/432 1596/2333/429 1597/2334/430
f 1595/2332/432 1597/2334/430 1598/2335/431
f 1598/2335/431 1599/2336/392 1600/2337/388
f 1598/2335/431 1600/2337/388 1595/2332/432
f 1595/2332/432 1600/2338/388 1601/2339/389
f 1595/2332/432 1601/2339/389 1596/2333/429
f 1596/2333/429 1601/2340/389 1602/2341/390
f 1596/2333/429 1602/2341/390 1597/2334/430
f 1597/2334/430 1602/2342/390 1599/2343/392
f 1597/2334/430 1599/2343/392 1598/2335/431
f 1603/2344/432 1604/2345/429 1605/2346/430
f 1603/2344/432 1605/2346/430 1606/2347/431
f 1606/2347/431 1607/2348/387 1608/2349/388
f 1606/2347/431 1608/2349/388 1603/2344/432
f 1603/2344/432 1608/2350/388 1609/2351/400
f 1603/2344/432 1609/2351/400 1604/2345/429
f 1604/2345/429 1609/2352/400 1610/2353/390
f 1604/2345/429 1610/2353/390 1605/2346/430
f 1605/2346/430 1610/2354/390 1607/2355/387
f 1605/2346/430 1607/2355/387 1606/2347/431
f 1611/2356/432 1612/2357/429 1613/2358/430
f 1611/2356/432 1613/2358/430 1614/2359/431
f 1614/2359/431 1615/2360/392 1616/2361/388
f 1614/2359/431 1616/2361/388 1611/2356/432
f 1611/2356/432 1616/2362/388 1617/2363/389
f 1611/2356/432 1617/2363/389 1612/2357/429
f 1612/2357/429 1617/2364/389 1618/2365/390
f 1612/2357/429 1618/2365/390 1613/2358/430
f 1613/2358/430 1618/2366/390 1615/2367/392
f 1613/2358/430 1615/2367/392 1614/2359/431
f 1619/2368/428 1620/2369/429 1621/2370/430
f 1619/2368/428 1621/2370/430 1622/2371/431
f 1622/2371/431 1623/2372/387 1624/2373/388
f 1622/2371/431 1624/2373/388 1619/2368/428
f 1619/2368/428 1624/2374/388 1625/2375/391
f 1619/2368/428 1625/2375/391 1620/2369/429
f 1620/2369/429 1625/2376/391 1626/2377/390
f 1620/2369/429 1626/2377/390 1621/2370/430
f 1621/2370/430 1626/2378/390 1623/2379/387
f 1621/2370/430 1623/2379/387 1622/2371/431
f 1627/2380/428 1628/2381/429 1629/2382/430
f 1627/2380/428 1629/2382/430 1630/2383/431
f 1630/2383/431 1631/2384/392 1632/2385/388
f 1630/2383/431 1632/2385/388 1627/2380/428
f 1627/2380/428 1632/2386/388 1633/2387/389
f 1627/2380/428 1633/2387/389 1628/2381/429
f 1628/2381/429 1633/2388/389 1634/2389/390
f 1628/2381/429 1634/2389/390 1629/2382/430
f 1629/2382/430 1634/2390/390 1631/2391/392
f 1629/2382/430 1631/2391/392 1630/2383/431
f 1635/2392/428 1636/2393/429 1637/2394/430
f 1635/2392/428 1637/2394/430 1638/2395/431
f 1638/2395/431 1639/2396/392 1640/2397/388
f 1638/2395/431 1640/2397/388 1635/2392/428
f 1635/2392/428 1640/2398/388 1641/2399/389
f 1635/2392/428 1641/2399/389 1636/2393/429
f 1636/2393/429 1641/2400/389 1642/2401/390
f 1636/2393/429 1642/2401/390 1637/2394/430
f 1637/2394/430 1642/2402/390 1639/2403/392
f 1637/2394/430 1639/2403/392 1638/2395/431
f 1643/2404/432 1644/2405/429 1645/2406/430
f 1643/2404/432 1645/2406/430 1646/2407/431
f 1646/2407/431 1647/2408/392 1648/2409/396
f 1646/2407/431 1648/2409/396 1643/2404/432
f 1643/2404/432 1648/2410/396 1649/2411/389
f 1643/2404/432 1649/2411/389 1644/2405/429
f 1644/2405/429 1649/2412/389 1650/2413/397
f 1644/2405/429 1650/2413/397 1645/2406/430
f 1645/2406/430 1650/2414/397 1647/2415/392
f 1645/2406/430 1647/2415/392 1646/2407/431
f 1651/2416/428 1652/2417/429 1653/2418/430
f 1651/2416/428 1653/2418/430 1654/2419/431
f 1654/2419/431 1655/2420/392 1656/2421/388
f 1654/2419/431 1656/2421/388 1651/2416/428
f 1651/2416/428 1656/2422/388 1657/2423/389
f 1651/2416/428 1657/2423/389 1652/2417/429
f 1652/2417/429 1657/2424/389 1658/2425/390
f 1652/2417/429 1658/2425/390 1653/2418/430
f 1653/2418/430 1658/2426/390 1655/2427/392
f 1653/2418/430 1655/2427/392 1654/2419/431
f 1659/2428/428 1660/2429/429 1661/2430/430
f 1659/2428/428 1661/2430/430 1662/2431/431
f 1662/2431/431 1663/2432/387 1664/2433/396
f 1662/2431/431 1664/2433/396 1659/2428/428
f 1659/2428/428 1664/2434/396 1665/2435/391
f 1659/2428/428 1665/2435/391 1660/2429/429
f 1660/2429/429 1665/2436/391 1666/2437/397
f 1660/2429/429 1666/2437/397 1661/2430/430
f 1661/2430/430 1666/2438/397 1663/2439/387
f 1661/2430/430 1663/2439/387 1662/2431/431
f 1667/2440/432 1668/2441/429 1669/2442/430
f 1667/2440/432 1669/2442/430 1670/2443/431
f 1670/2443/431 1671/2444/392 1672/2445/388
f 1670/2443/431 1672/2445/388 1667/2440/432
f 1667/2440/432 1672/2446/388 1673/2447/389
f 1667/2440/432 1673/2447/389 1668/2441/429
f 1668/2441/429 1673/2448/389 1674/2449/390
f 1668/2441/429 1674/2449/390 1669/2442/430
f 1669/2442/430 1674/2450/390 1671/2451/392
f 1669/2442/430 1671/2451/392 1670/2443/431
f 1675/2452/428 1676/2453/429 1677/2454/430
f 1675/2452/428 1677/2454/430 1678/2455/431
f 1678/2455/431 1679/2456/392 1680/2457/388
f 1678/2455/431 1680/2457/388 1675/2452/428
f 1675/2452/428 1680/2458/388 1681/2459/389
f 1675/2452/428 1681/2459/389 1676/2453/429
f 1676/2453/429 1681/2460/389 1682/2461/390
f 1676/2453/429 1682/2461/390 1677/2454/430
f 1677/2454/430 1682/2462/390 1679/2463/392
f 1677/2454/430 1679/2463/392 1678/2455/431
f 1683/2464/428 1684/2465/429 1685/2466/430
f 1683/2464/428 1685/2466/430 1686/2467/431
f 1686/2467/431 1687/2468/392 1688/2469/388
f 1686/2467/431 1688/2469/388 1683/2464/428
f 1683/2464/428 1688/2470/388 1689/2471/389
f 1683/2464/428 1689/2471/389 1684/2465/429
f 1684/2465/429 1689/2472/389 1690/2473/390
f 1684/2465/429 1690/2473/390 1685/2466/430
f 1685/2466/430 1690/2474/390 1687/2475/392
f 1685/2466/430 1687/2475/392 1686/2467/431
f 1691/2476/432 1692/2477/429 1693/2478/430
f 1691/2476/432 1693/2478/430 1694/2479/431
f 1694/2479/431 1695/2480/392 1696/2481/396
f 1694/2479/431 1696/2481/396 1691/2476/432
f 1691/2476/432 1696/2482/396 1697/2483/389
f 1691/2476/432 1697/2483/389 1692/2477/429
f 1692/2477/429 1697/2484/389 1698/2485/397
f 1692/2477/429 1698/2485/397 1693/2478/430
f 1693/2478/430 1698/2486/397 1695/2487/392
f 1693/2478/430 1695/2487/392 1694/2479/431
f 1699/2488/428 1700/2489/429 1701/2490/430
f 1699/2488/428 1701/2490/430 1702/2491/431
f 1702/2491/431 1703/2492/387 1704/2493/388
f 1702/2491/431 1704/2493/388 1699/2488/428
f 1699/2488/428 1704/2494/388 1705/2495/391
f 1699/2488/428 1705/2495/391 1700/2489/429
f 1700/2489/429 1705/2496/391 1706/2497/390
f 1700/2489/429 1706/2497/390 1701/2490/430
f 1701/2490/430 1706/2498/390 1703/2499/387
f 1701/2490/430 1703/2499/387 1702/2491/431
f 1707/2500/428 1708/2501/429 1709/2502/430
f 1707/2500/428 1709/2502/430 1710/2503/431
f 1710/2503/431 1711/2504/392 1712/2505/388
f 1710/2503/431 1712/2505/388 1707/2500/428
f 1707/2500/428 1712/2506/388 1713/2507/389
f 1707/2500/428 1713/2507/389 1708/2501/429
f 1708/2501/429 1713/2508/389 1714/2509/390
f 1708/2501/429 1714/2509/390 1709/2502/430
f 1709/2502/430 1714/2510/390 1711/2511/392
f 1709/2502/430 1711/2511/392 1710/2503/431
f 1715/2512/432 1716/2513/429 1717/2514/430
f 1715/2512/432 1717/2514/430 1718/2515/431
f 1718/2515/431 1719/2516/392 1720/2517/388
f 1718/2515/431 1720/2517/388 1715/2512/432
f 1715/2512/432 1720/2518/388 1721/2519/389
f 1715/2512/432 1721/2519/389 1716/2513/429
f 1716/2513/429 1721/2520/389 1722/2521/390
f 1716/2513/429 1722/2521/390 1717/2514/430
f 1717/2514/430 1722/2522/390 1719/2523/392
f 1717/2514/430 1719/2523/392 1718/2515/431
f 1723/2524/428 1724/2525/429 1725/2526/430
f 1723/2524/428 1725/2526/430 1726/2527/431
f 1726/2527/431 1727/2528/392 1728/2529/388
f 1726/2527/431 1728/2529/388 1723/2524/428
f 1723/2524/428 1728/2530/388 1729/2531/389
f 1723/2524/428 1729/2531/389 1724/2525/429
f 1724/2525/429 1729/2532/389 1730/2533/390
f 1724/2525/429 1730/2533/390 1725/2526/430
f 1725/2526/430 1730/2534/390 1727/2535/392
f 1725/2526/430 1727/2535/392 1726/2527/431
f 1731/2536/428 1732/2537/429 1733/2538/430
f 1731/2536/428 1733/2538/430 1734/2539/431
f 1734/2539/431 1735/2540/392 1736/2541/396
f 1734/2539/431 1736/2541/396 1731/2536/428
f 1731/2536/428 1736/2542/396 1737/2543/389
f 1731/2536/428 1737/2543/389 1732/2537/429
f 1732/2537/429 1737/2544/389 1738/2545/397
f 1732/2537/429 1738/2545/397 1733/2538/430
f 1733/2538/430 1738/2546/397 1735/2547/392
f 1733/2538/430 1735/2547/392 1734/2539/431
f 1739/2548/432 1740/2549/429 1741/2550/430
f 1739/2548/432 1741/2550/430 1742/2551/431
f 1742/2551/431 1743/2552/398 1744/2553/388
f 1742/2551/431 1744/2553/388 1739/2548/432
f 1739/2548/432 1744/2554/388 1745/2555/391
f 1739/2548/432 1745/2555/391 1740/2549/429
f 1740/2549/429 1745/2556/391 1746/2557/390
f 1740/2549/429 1746/2557/390 1741/2550/430
f 1741/2550/430 1746/2558/390 1743/2559/398
f 1741/2550/430 1743/2559/398 1742/2551/431
f 1747/2560/432 1748/2561/429 1749/2562/430
f 1747/2560/432 1749/2562/430 1750/2563/431
f 1750/2563/431 1751/2564/392 1752/2565/388
f 1750/2563/431 1752/2565/388 1747/2560/432
f 1747/2560/432 1752/2566/388 1753/2567/389
f 1747/2560/432 1753/2567/389 1748/2561/429
f 1748/2561/429 1753/2568/389 1754/2569/390
f 1748/2561/429 1754/2569/390 1749/2562/430
f 1749/2562/430 1754/2570/390 1751/2571/392
f 1749/2562/430 1751/2571/392 1750/2563/431
f 1755/2572/432 1756/2573/429 1757/2574/430
f 1755/2572/432 1757/2574/430 1758/2575/431
f 1758/2575/431 1759/2576/392 1760/2577/388
f 1758/2575/431 1760/2577/388 1755/2572/432
f 1755/2572/432 1760/2578/388 1761/2579/389
f 1755/2572/432 1761/2579/389 1756/2573/429
f 1756/2573/429 1761/2580/389 1762/2581/390
f 1756/2573/429 1762/2581/390 1757/2574/430
f 1757/2574/430 1762/2582/390 1759/2583/392
f 1757/2574/430 1759/2583/392 1758/2575/431
f 1485/2584/559 1484/2585/424 1232/1698/424
f 1485/2584/559 1232/1698/424 839/935/384
f 1494/2172/383 1485/2586/559 839/935/384
f 1494/2172/383 839/935/384 838/934/383
f 1361/1941/439 1365/1949/443 1380/2003/457
f 1361/1941/439 1380/2003/457 1379/2002/456
f 1365/1949/443 1367/1951/445 1381/2004/458
f 1365/1949/443 1381/2004/458 1380/2003/457
f 1367/1951/445 1366/1950/444 1382/2005/459
f 1367/1951/445 1382/2005/459 1381/2004/458
f 1366/1950/444 1368/1952/446 1383/2006/460
f 1366/1950/444 1383/2006/460 1382/2005/459
f 1368/1952/446 1369/1953/447 1384/2007/461
f 1368/1952/446 1384/2007/461 1383/2006/460
f 1364/1955/442 1363/1943/441 1377/2000/454
f 1364/1955/442 1377/2000/454 1207/2013/412
f 1369/1953/447 1360/1977/438 1376/2009/453
f 1369/1953/447 1376/2009/453 1384/2007/461
o 0
v -1.714510 0.018795 2.733714
v -1.866648 0.018795 2.733714
v -1.866648 0.018795 2.885852
v -1.714510 0.018795 2.885852
v -1.714510 -0.007563 2.885852
v -1.714510 -0.007563 2.733714
v -1.866648 -0.007563 2.733714
v -1.866648 -0.007563 2.885852
vn 0.0850 0.9818 -0.1700
vn -0.3231 0.9325 -0.1615
vn -0.0850 0.9818 0.1701
vn 0.3231 0.9325 0.1615
vn 0.4473 -0.0000 0.8944
vn 0.8944 -0.0000 -0.4473
vn -0.4473 -0.0000 -0.8944
vn -0.8944 -0.0000 0.4473
vt 0.422830 0.202441
vt 0.457555 0.202441
vt 0.457555 0.237166
vt 0.422830 0.237166
vt 0.416814 0.237166
vt 0.416814 0.202441
vt 0.422830 0.196425
vt 0.457555 0.196425
vt 0.463572 0.202441
vt 0.463572 0.237166
vt 0.457555 0.243182
vt 0.422830 0.243182
s 1
g 0_Material.012
usemtl Material.012
f 1763/2587/591 1764/2588/592 1765/2589/593
f 1763/2587/591 1765/2589/593 1766/2590/594
f 1766/2590/594 1767/2591/595 1768/2592/596
f 1766/2590/594 1768/2592/596 1763/2587/591
f 1763/2587/591 1768/2593/596 1769/2594/597
f 1763/2587/591 1769/2594/597 1764/2588/592
f 1764/2588/592 1769/2595/597 1770/2596/598
f 1764/2588/592 1770/2596/598 1765/2589/593
f 1765/2589/593 1770/2597/598 1767/2598/595
f 1765/2589/593 1767/2598/595 1766/2590/594
o 1
v -1.526770 0.018795 2.926657
v -1.678908 0.018795 2.926657
v -1.678908 0.018795 3.078795
v -1.526770 0.018795 3.078795
v -1.526770 -0.007563 3.078795
v -1.526770 -0.007563 2.926657
v -1.678908 -0.007563 2.926657
v -1.678908 -0.007563 3.078795
vn 0.0850 0.9818 -0.1700
vn -0.3231 0.9325 -0.1615
vn -0.0850 0.9818 0.1701
vn 0.3231 0.9325 0.1615
vn 0.4473 -0.0000 0.8944
vn 0.8944 -0.0000 -0.4473
vn -0.4473 -0.0000 -0.8944
vn -0.8944 -0.0000 0.4473
vt 0.712523 0.341324
vt 0.747248 0.341324
vt 0.747248 0.376049
vt 0.712523 0.376049
vt 0.706507 0.376049
vt 0.706507 0.341324
vt 0.712523 0.335308
vt 0.747248 0.335308
vt 0.753264 0.341324
vt 0.753264 0.376049
vt 0.747248 0.382065
vt 0.712523 0.382065
s 1
g 1_Material.013
usemtl Material.013
f 1771/2599/599 1772/2600/600 1773/2601/601
f 1771/2599/599 1773/2601/601 1774/2602/602
f 1774/2602/602 1775/2603/603 1776/2604/604
f 1774/2602/602 1776/2604/604 1771/2599/599
f 1771/2599/599 1776/2605/604 1777/2606/605
f 1771/2599/599 1777/2606/605 1772/2600/600
f 1772/2600/600 1777/2607/605 1778/2608/606
f 1772/2600/600 1778/2608/606 1773/2601/601
f 1773/2601/601 1778/2609/606 1775/2610/603
f 1773/2601/601 1775/2610/603 1774/2602/602
o 2
v -1.713594 0.018795 2.926657
v -1.865732 0.018795 2.926657
v -1.865732 0.018795 3.078795
v -1.713594 0.018795 3.078795
v -1.713594 -0.007563 3.078795
v -1.713594 -0.007563 2.926657
v -1.865732 -0.007563 2.926657
v -1.865732 -0.007563 3.078795
vn 0.0850 0.9818 -0.1700
vn -0.3231 0.9325 -0.1615
vn -0.0850 0.9818 0.1701
vn 0.3231 0.9325 0.1615
vn 0.4473 -0.0000 0.8944
vn 0.8944 -0.0000 -0.4473
vn -0.4473 -0.0000 -0.8944
vn -0.8944 -0.0000 0.4473
vt 0.473310 0.149953
vt 0.508035 0.149953
vt 0.508035 0.184678
vt 0.473310 0.184678
vt 0.467294 0.184678
vt 0.467294 0.149953
vt 0.473310 0.143937
vt 0.508035 0.143937
vt 0.514051 0.149953
vt 0.514051 0.184678
vt 0.508035 0.190695
vt 0.473310 0.190695
s 1
g 2_Material.014
usemtl Material.014
f 1779/2611/607 1780/2612/608 1781/2613/609
f 1779/2611/607 1781/2613/609 1782/2614/610
f 1782/2614/610 1783/2615/611 1784/2616/612
f 1782/2614/610 1784/2616/612 1779/2611/607
f 1779/2611/607 1784/2617/612 1785/2618/613
f 1779/2611/607 1785/2618/613 1780/2612/608
f 1780/2612/608 1785/2619/613 1786/2620/614
f 1780/2612/608 1786/2620/614 1781/2613/609
f 1781/2613/609 1786/2621/614 1783/2622/611
f 1781/2613/609 1783/2622/611 1782/2614/610
o 3
v -1.903532 0.018795 2.926657
v -2.055670 0.018795 2.926657
v -2.055670 0.018795 3.078795
v -1.903532 0.018795 3.078795
v -1.903532 -0.007563 3.078795
v -1.903532 -0.007563 2.926657
v -2.055670 -0.007563 2.926657
v -2.055670 -0.007563 3.078795
vn 0.0850 0.9818 -0.1700
vn -0.3231 0.9325 -0.1615
vn -0.0850 0.9818 0.1701
vn 0.3231 0.9325 0.1615
vn 0.4473 -0.0000 0.8944
vn 0.8944 -0.0000 -0.4473
vn -0.4473 -0.0000 -0.8944
vn -0.8944 -0.0000 0.4473
vt 0.712523 0.245639
vt 0.747248 0.245639
vt 0.747248 0.280364
vt 0.712523 0.280364
vt 0.706507 0.280364
vt 0.706507 0.245639
vt 0.712523 0.239623
vt 0.747248 0.239623
vt 0.753264 0.245639
vt 0.753264 0.280364
vt 0.747248 0.286380
vt 0.712523 0.286380
s 1
g 3_Material.015
usemtl Material.015
f 1787/2623/615 1788/2624/616 1789/2625/617
f 1787/2623/615 1789/2625/617 1790/2626/618
f 1790/2626/618 1791/2627/619 1792/2628/620
f 1790/2626/618 1792/2628/620 1787/2623/615
f 1787/2623/615 1792/2629/620 1793/2630/621
f 1787/2623/615 1793/2630/621 1788/2624/616
f 1788/2624/616 1793/2631/621 1794/2632/622
f 1788/2624/616 1794/2632/622 1789/2625/617
f 1789/2625/617 1794/2633/622 1791/2634/619
f 1789/2625/617 1791/2634/619 1790/2626/618
o 4
v -1.526770 0.018795 3.113481
v -1.678908 0.018795 3.113481
v -1.678908 0.018795 3.265619
v -1.526770 0.018795 3.265619
v -1.526770 -0.007563 3.265619
v -1.526770 -0.007563 3.113481
v -1.678908 -0.007563 3.113481
v -1.678908 -0.007563 3.265619
vn 0.0850 0.9818 -0.1700
vn -0.3231 0.9325 -0.1615
vn -0.0850 0.9818 0.1701
vn 0.3231 0.9325 0.1615
vn 0.4473 -0.0000 0.8944
vn 0.8944 -0.0000 -0.4473
vn -0.4473 -0.0000 -0.8944
vn -0.8944 -0.0000 0.4473
vt 0.664681 0.341324
vt 0.699405 0.341324
vt 0.699405 0.376049
vt 0.664681 0.376049
vt 0.658664 0.376049
vt 0.658664 0.341324
vt 0.664681 0.335308
vt 0.699405 0.335308
vt 0.705422 0.341324
vt 0.705422 0.376049
vt 0.699405 0.382065
vt 0.664681 0.382065
s 1
g 4_Material.016
usemtl Material.016
f 1795/2635/623 1796/2636/624 1797/2637/625
f 1795/2635/623 1797/2637/625 1798/2638/626
f 1798/2638/626 1799/2639/627 1800/2640/628
f 1798/2638/626 1800/2640/628 1795/2635/623
f 1795/2635/623 1800/2641/628 1801/2642/629
f 1795/2635/623 1801/2642/629 1796/2636/624
f 1796/2636/624 1801/2643/629 1802/2644/630
f 1796/2636/624 1802/2644/630 1797/2637/625
f 1797/2637/625 1802/2645/630 1799/2646/627
f 1797/2637/625 1799/2646/627 1798/2638/626
o 5
v -1.713594 0.018795 3.113481
v -1.865732 0.018795 3.113481
v -1.865732 0.018795 3.265619
v -1.713594 0.018795 3.265619
v -1.865732 -0.007563 3.113481
v -1.865732 -0.007563 3.265619
v -1.713594 -0.007563 3.265619
v -1.713594 -0.007563 3.113481
vn 0.0850 0.9818 -0.1700
vn -0.3231 0.9325 -0.1615
vn -0.0850 0.9818 0.1701
vn 0.3231 0.9325 0.1615
vn -0.4473 -0.0000 -0.8944
vn -0.8944 -0.0000 0.4473
vn 0.4473 -0.0000 0.8944
vn 0.8944 -0.0000 -0.4473
vt 0.568995 0.149953
vt 0.603720 0.149953
vt 0.603720 0.184678
vt 0.568995 0.184678
vt 0.609737 0.149953
vt 0.609737 0.184678
vt 0.603720 0.190695
vt 0.568995 0.190695
vt 0.562979 0.184678
vt 0.562979 0.149953
vt 0.568995 0.143937
vt 0.603720 0.143937
s 1
g 5_Material.017
usemtl Material.017
f 1803/2647/631 1804/2648/632 1805/2649/633
f 1803/2647/631 1805/2649/633 1806/2650/634
f 1804/2648/632 1807/2651/635 1808/2652/636
f 1804/2648/632 1808/2652/636 1805/2649/633
f 1805/2649/633 1808/2653/636 1809/2654/637
f 1805/2649/633 1809/2654/637 1806/2650/634
f 1806/2650/634 1809/2655/637 1810/2656/638
f 1806/2650/634 1810/2656/638 1803/2647/631
f 1803/2647/631 1810/2657/638 1807/2658/635
f 1803/2647/631 1807/2658/635 1804/2648/632
o 6
v -1.903532 0.018795 3.113481
v -2.055670 0.018795 3.113481
v -2.055670 0.018795 3.265619
v -1.903532 0.018795 3.265619
v -1.903532 -0.007563 3.265619
v -1.903532 -0.007563 3.113481
v -2.055670 -0.007563 3.113481
v -2.055670 -0.007563 3.265619
vn 0.0850 0.9818 -0.1700
vn -0.3231 0.9325 -0.1615
vn -0.0850 0.9818 0.1701
vn 0.3231 0.9325 0.1615
vn 0.4473 -0.0000 0.8944
vn 0.8944 -0.0000 -0.4473
vn -0.4473 -0.0000 -0.8944
vn -0.8944 -0.0000 0.4473
vt 0.712523 0.102111
vt 0.747248 0.102111
vt 0.747248 0.136836
vt 0.712523 0.136836
vt 0.706507 0.136836
vt 0.706507 0.102111
vt 0.712523 0.096095
vt 0.747248 0.096095
vt 0.753264 0.102111
vt 0.753264 0.136836
vt 0.747248 0.142852
vt 0.712523 0.142852
s 1
g 6_Material.018
usemtl Material.018
f 1811/2659/639 1812/2660/640 1813/2661/641
f 1811/2659/639 1813/2661/641 1814/2662/642
f 1814/2662/642 1815/2663/643 1816/2664/644
f 1814/2662/642 1816/2664/644 1811/2659/639
f 1811/2659/639 1816/2665/644 1817/2666/645
f 1811/2659/639 1817/2666/645 1812/2660/640
f 1812/2660/640 1817/2667/645 1818/2668/646
f 1812/2660/640 1818/2668/646 1813/2661/641
f 1813/2661/641 1818/2669/646 1815/2670/643
f 1813/2661/641 1815/2670/643 1814/2662/642
o 7
v -1.526770 0.018795 3.303785
v -1.678908 0.018795 3.303785
v -1.678908 0.018795 3.455923
v -1.526770 0.018795 3.455923
v -1.526770 -0.007563 3.455923
v -1.526770 -0.007563 3.303785
v -1.678908 -0.007563 3.303785
v -1.678908 -0.007563 3.455923
vn 0.0850 0.9818 -0.1700
vn -0.3231 0.9325 -0.1615
vn -0.0851 0.9818 0.1700
vn 0.3231 0.9325 0.1615
vn 0.4473 0.0002 0.8944
vn 0.8944 -0.0000 -0.4473
vn -0.4473 -0.0001 -0.8944
vn -0.8944 -0.0000 0.4473
vt 0.422830 0.298126
vt 0.457555 0.298126
vt 0.457555 0.332851
vt 0.422830 0.332851
vt 0.416814 0.332851
vt 0.416814 0.298126
vt 0.422830 0.292110
vt 0.457555 0.292110
vt 0.463572 0.298126
vt 0.463572 0.332851
vt 0.457555 0.338868
vt 0.422830 0.338868
s 1
g 7_Material.019
usemtl Material.019
f 1819/2671/647 1820/2672/648 1821/2673/649
f 1819/2671/647 1821/2673/649 1822/2674/650
f 1822/2674/650 1823/2675/651 1824/2676/652
f 1822/2674/650 1824/2676/652 1819/2671/647
f 1819/2671/647 1824/2677/652 1825/2678/653
f 1819/2671/647 1825/2678/653 1820/2672/648
f 1820/2672/648 1825/2679/653 1826/2680/654
f 1820/2672/648 1826/2680/654 1821/2673/649
f 1821/2673/649 1826/2681/654 1823/2682/651
f 1821/2673/649 1823/2682/651 1822/2674/650
o 8
v -1.713594 0.018795 3.303785
v -1.865732 0.018795 3.303785
v -1.865732 0.018795 3.455923
v -1.713594 0.018795 3.455923
v -1.713594 -0.007563 3.455923
v -1.713594 -0.007563 3.303785
v -1.865732 -0.007563 3.303785
v -1.865732 -0.007563 3.455923
vn 0.0850 0.9818 -0.1700
vn -0.3231 0.9325 -0.1615
vn -0.0850 0.9818 0.1701
vn 0.3231 0.9325 0.1615
vn 0.4473 0.0002 0.8944
vn 0.8944 -0.0000 -0.4473
vn -0.4473 -0.0001 -0.8944
vn -0.8944 -0.0000 0.4473
vt 0.616838 0.245639
vt 0.651563 0.245639
vt 0.651563 0.280364
vt 0.616838 0.280364
vt 0.610822 0.280364
vt 0.610822 0.245639
vt 0.616838 0.239623
vt 0.651563 0.239623
vt 0.657579 0.245639
vt 0.657579 0.280364
vt 0.651563 0.286380
vt 0.616838 0.286380
s 1
g 8_Material.020
usemtl Material.020
f 1827/2683/655 1828/2684/656 1829/2685/657
f 1827/2683/655 1829/2685/657 1830/2686/658
f 1830/2686/658 1831/2687/659 1832/2688/660
f 1830/2686/658 1832/2688/660 1827/2683/655
f 1827/2683/655 1832/2689/660 1833/2690/661
f 1827/2683/655 1833/2690/661 1828/2684/656
f 1828/2684/656 1833/2691/661 1834/2692/662
f 1828/2684/656 1834/2692/662 1829/2685/657
f 1829/2685/657 1834/2693/662 1831/2694/659
f 1829/2685/657 1831/2694/659 1830/2686/658
o 9
v -1.903532 0.018795 3.303785
v -2.055670 0.018795 3.303785
v -2.055670 0.018795 3.455923
v -1.903532 0.018795 3.455923
v -1.903532 -0.007563 3.455923
v -1.903532 -0.007563 3.303785
v -2.055670 -0.007563 3.303785
v -2.055670 -0.007563 3.455923
vn 0.0850 0.9818 -0.1700
vn -0.3231 0.9325 -0.1615
vn -0.0850 0.9818 0.1701
vn 0.3231 0.9325 0.1615
vn 0.4473 0.0001 0.8944
vn 0.8944 -0.0000 -0.4473
vn -0.4473 -0.0001 -0.8944
vn -0.8944 -0.0000 0.4473
vt 0.473310 0.102111
vt 0.508035 0.102111
vt 0.508035 0.136836
vt 0.473310 0.136836
vt 0.467294 0.136836
vt 0.467294 0.102111
vt 0.473310 0.096095
vt 0.508035 0.096095
vt 0.514051 0.102111
vt 0.514051 0.136836
vt 0.508035 0.142852
vt 0.473310 0.142852
s 1
g 9_Material.021
usemtl Material.021
f 1835/2695/663 1836/2696/664 1837/2697/665
f 1835/2695/663 1837/2697/665 1838/2698/666
f 1838/2698/666 1839/2699/667 1840/2700/668
f 1838/2698/666 1840/2700/668 1835/2695/663
f 1835/2695/663 1840/2701/668 1841/2702/669
f 1835/2695/663 1841/2702/669 1836/2696/664
f 1836/2696/664 1841/2703/669 1842/2704/670
f 1836/2696/664 1842/2704/670 1837/2697/665
f 1837/2697/665 1842/2705/670 1839/2706/667
f 1837/2697/665 1839/2706/667 1838/2698/666
o alarm
v -1.713404 0.018795 1.653248
v -1.865543 0.018795 1.653248
v -1.865543 0.018795 1.805387
v -1.713404 0.018795 1.805387
v -1.713404 -0.007563 1.805387
v -1.713404 -0.007563 1.653248
v -1.865543 -0.007563 1.653248
v -1.865543 -0.007563 1.805387
vn 0.0850 0.9818 -0.1700
vn -0.3231 0.9325 -0.1615
vn -0.0850 0.9818 0.1701
vn 0.3231 0.9325 0.1615
vn 0.4473 -0.0000 0.8944
vn 0.8944 -0.0000 -0.4473
vn -0.4473 -0.0000 -0.8944
vn -0.8944 -0.0000 0.4473
vt 0.521153 0.197796
vt 0.555878 0.197796
vt 0.555878 0.232521
vt 0.521153 0.232521
vt 0.515137 0.232521
vt 0.515137 0.197796
vt 0.521153 0.191780
vt 0.555878 0.191780
vt 0.561894 0.197796
vt 0.561894 0.232521
vt 0.555878 0.238537
vt 0.521153 0.238537
s 1
g alarm_Material.022
usemtl Material.022
f 1843/2707/671 1844/2708/672 1845/2709/673
f 1843/2707/671 1845/2709/673 1846/2710/674
f 1846/2710/674 1847/2711/675 1848/2712/676
f 1846/2710/674 1848/2712/676 1843/2707/671
f 1843/2707/671 1848/2713/676 1849/2714/677
f 1843/2707/671 1849/2714/677 1844/2708/672
f 1844/2708/672 1849/2715/677 1850/2716/678
f 1844/2708/672 1850/2716/678 1845/2709/673
f 1845/2709/673 1850/2717/678 1847/2718/675
f 1845/2709/673 1847/2718/675 1846/2710/674
o btn1
v -1.106703 0.007190 1.157378
v -1.106556 0.137088 1.134372
v -1.138122 0.137088 1.131263
v -1.142745 0.007190 1.153828
v -1.168474 0.137088 1.122055
v -1.177402 0.007190 1.143315
v -1.196448 0.137088 1.107103
v -1.209342 0.007190 1.126243
v -1.220966 0.137088 1.086981
v -1.237338 0.007190 1.103267
v -1.241088 0.137088 1.062463
v -1.260314 0.007190 1.075271
v -1.256040 0.137088 1.034489
v -1.277386 0.007190 1.043331
v -1.265248 0.137088 1.004137
v -1.287899 0.007190 1.008674
v -1.268357 0.137088 0.972571
v -1.291449 0.007190 0.972632
v -1.265248 0.137088 0.941005
v -1.287899 0.007190 0.936590
v -1.256040 0.137088 0.910653
v -1.277386 0.007190 0.901932
v -1.241088 0.137088 0.882679
v -1.260314 0.007190 0.869992
v -1.220966 0.137088 0.858161
v -1.237338 0.007190 0.841996
v -1.196448 0.137088 0.838039
v -1.209342 0.007190 0.819021
v -1.168474 0.137088 0.823087
v -1.177402 0.007190 0.801948
v -1.138122 0.137088 0.813879
v -1.142745 0.007190 0.791435
v -1.106556 0.137088 0.810770
v -1.106703 0.007190 0.787885
v -1.074990 0.137088 0.813879
v -1.070661 0.007190 0.791435
v -1.044638 0.137088 0.823087
v -1.036003 0.007190 0.801948
v -1.016664 0.137088 0.838039
v -1.004063 0.007190 0.819021
v -0.992146 0.137088 0.858161
v -0.976067 0.007190 0.841996
v -0.972024 0.137088 0.882680
v -0.953092 0.007190 0.869992
v -0.923933 0.137088 0.896926
v -0.898181 0.007190 0.886260
v -0.947864 0.137088 0.941005
v -0.925506 0.007190 0.936590
v -0.944755 0.137088 0.972571
v -0.921956 0.007190 0.972632
v -0.947864 0.137088 1.004137
v -0.925506 0.007190 1.008674
v -0.957072 0.137088 1.034490
v -0.936020 0.007190 1.043331
v -0.972024 0.137088 1.062463
v -0.953092 0.007190 1.075272
v -0.992146 0.137088 1.086981
v -0.976068 0.007190 1.103267
v -1.016665 0.137088 1.107103
v -1.004063 0.007190 1.126243
v -1.044638 0.137088 1.122055
v -1.036004 0.007190 1.143315
v -1.074991 0.137088 1.131263
v -1.070661 0.007190 1.153828
vn -0.0295 0.1743 0.9842
vn 0.0351 0.1887 0.9814
vn -0.0122 0.9971 0.0755
vn -0.2210 0.1746 0.9595
vn -0.3431 0.1891 0.9201
vn -0.4039 0.1747 0.8980
vn -0.5112 0.2314 0.8277
vn -0.5713 0.1749 0.8019
vn -0.6506 0.2971 0.6989
vn -0.7168 0.1750 0.6750
vn -0.7505 0.3792 0.5413
vn -0.8347 0.1750 0.5222
vn -0.8037 0.4682 0.3671
vn -0.9205 0.1750 0.3494
vn -0.8096 0.5548 0.1914
vn -0.9710 0.1750 0.1630
vn -0.7745 0.6320 0.0277
vn -0.9841 0.1749 -0.0295
vn -0.7085 0.6964 -0.1143
vn -0.9595 0.1748 -0.2209
vn -0.6227 0.7472 -0.2322
vn -0.8980 0.1747 -0.4039
vn -0.5256 0.7863 -0.3246
vn -0.8019 0.1745 -0.5714
vn -0.4235 0.8156 -0.3942
vn -0.6751 0.1743 -0.7169
vn -0.3201 0.8370 -0.4439
vn -0.5223 0.1741 -0.8348
vn -0.2175 0.8521 -0.4761
vn -0.3494 0.1738 -0.9207
vn -0.1166 0.8620 -0.4933
vn -0.1631 0.1736 -0.9712
vn -0.0178 0.8677 -0.4968
vn 0.0295 0.1734 -0.9844
vn 0.0790 0.8695 -0.4875
vn 0.2210 0.1732 -0.9598
vn 0.1737 0.8676 -0.4659
vn 0.4040 0.1730 -0.8982
vn 0.2665 0.8619 -0.4314
vn 0.5715 0.1729 -0.8022
vn 0.3569 0.8519 -0.3834
vn 0.7170 0.1728 -0.6753
vn 0.2920 0.8693 -0.3989
vn 0.4166 0.1483 -0.8969
vn 0.3839 0.8289 -0.4069
vn 0.9799 0.1969 -0.0324
vn 0.7494 0.5970 0.2864
vn 0.9721 0.1615 0.1703
vn 0.6648 0.7466 -0.0238
vn 0.9845 0.1728 0.0295
vn 0.7093 0.6956 0.1145
vn 0.9598 0.1729 0.2210
vn 0.7268 0.6311 0.2710
vn 0.8982 0.1731 0.4040
vn 0.7084 0.5538 0.4375
vn 0.8021 0.1733 0.5715
vn 0.6472 0.4671 0.6025
vn 0.6752 0.1735 0.7169
vn 0.5416 0.3780 0.7509
vn 0.5223 0.1737 0.8349
vn 0.3969 0.2961 0.8688
vn 0.3494 0.1739 0.9207
vn 0.2239 0.2307 0.9469
vn 0.1631 0.1741 0.9711
vt 0.056039 0.298603
vt 0.038989 0.298603
vt 0.038989 0.293943
vt 0.056039 0.293943
vt 0.038989 0.289255
vt 0.056039 0.289255
vt 0.038989 0.284545
vt 0.056039 0.284545
vt 0.038989 0.279819
vt 0.056039 0.279819
vt 0.038989 0.275081
vt 0.056039 0.275081
vt 0.038989 0.270338
vt 0.056039 0.270338
vt 0.038989 0.265594
vt 0.056039 0.265594
vt 0.038989 0.260857
vt 0.056039 0.260857
vt 0.038989 0.256130
vt 0.056039 0.256130
vt 0.038989 0.251420
vt 0.056039 0.251420
vt 0.038989 0.246733
vt 0.056039 0.246733
vt 0.038989 0.242073
vt 0.056039 0.242073
vt 0.038989 0.237446
vt 0.056039 0.237446
vt 0.038989 0.232858
vt 0.056039 0.232858
vt 0.038989 0.228313
vt 0.056039 0.228313
vt 0.038989 0.223818
vt 0.056039 0.223818
vt 0.038989 0.219376
vt 0.056039 0.219376
vt 0.038989 0.214994
vt 0.056039 0.214994
vt 0.038989 0.210676
vt 0.056039 0.210676
vt 0.038989 0.206427
vt 0.056039 0.206427
vt 0.038989 0.202252
vt 0.056039 0.202252
vt 0.038989 0.195345
vt 0.056039 0.195345
vt 0.056098 0.344529
vt 0.039038 0.344529
vt 0.038989 0.338424
vt 0.056039 0.338424
vt 0.038989 0.334249
vt 0.056039 0.334249
vt 0.038989 0.330000
vt 0.056039 0.330000
vt 0.038989 0.325682
vt 0.056039 0.325682
vt 0.038989 0.321299
vt 0.056039 0.321299
vt 0.038989 0.316858
vt 0.056039 0.316858
vt 0.038989 0.312362
vt 0.056039 0.312362
vt 0.038989 0.307818
vt 0.056039 0.307818
vt 0.138252 0.457238
vt 0.131715 0.455938
vt 0.125557 0.453387
vt 0.120015 0.449684
vt 0.115301 0.444971
vt 0.111598 0.439429
vt 0.109047 0.433271
vt 0.107747 0.426734
vt 0.107747 0.420068
vt 0.109047 0.413531
vt 0.111598 0.407373
vt 0.109474 0.397049
vt 0.120014 0.397117
vt 0.125556 0.393415
vt 0.131714 0.390864
vt 0.138251 0.389563
vt 0.144917 0.389563
vt 0.151454 0.390863
vt 0.157612 0.393414
vt 0.163154 0.397117
vt 0.167867 0.401830
vt 0.171571 0.407372
vt 0.174121 0.413530
vt 0.175422 0.420067
vt 0.175422 0.426733
vt 0.174121 0.433270
vt 0.171571 0.439428
vt 0.167868 0.444970
vt 0.163155 0.449683
vt 0.157613 0.453386
vt 0.151455 0.455938
vt 0.144917 0.457238
vt 0.038989 0.303230
vt 0.056039 0.303230
s 1
g btn1_Material.023
usemtl Material.023
f 1851/2719/679 1852/2720/680 1853/2721/681
f 1851/2719/679 1853/2721/681 1854/2722/682
f 1854/2722/682 1853/2721/681 1855/2723/683
f 1854/2722/682 1855/2723/683 1856/2724/684
f 1856/2724/684 1855/2723/683 1857/2725/685
f 1856/2724/684 1857/2725/685 1858/2726/686
f 1858/2726/686 1857/2725/685 1859/2727/687
f 1858/2726/686 1859/2727/687 1860/2728/688
f 1860/2728/688 1859/2727/687 1861/2729/689
f 1860/2728/688 1861/2729/689 1862/2730/690
f 1862/2730/690 1861/2729/689 1863/2731/691
f 1862/2730/690 1863/2731/691 1864/2732/692
f 1864/2732/692 1863/2731/691 1865/2733/693
f 1864/2732/692 1865/2733/693 1866/2734/694
f 1866/2734/694 1865/2733/693 1867/2735/695
f 1866/2734/694 1867/2735/695 1868/2736/696
f 1868/2736/696 1867/2735/695 1869/2737/697
f 1868/2736/696 1869/2737/697 1870/2738/698
f 1870/2738/698 1869/2737/697 1871/2739/699
f 1870/2738/698 1871/2739/699 1872/2740/700
f 1872/2740/700 1871/2739/699 1873/2741/701
f 1872/2740/700 1873/2741/701 1874/2742/702
f 1874/2742/702 1873/2741/701 1875/2743/703
f 1874/2742/702 1875/2743/703 1876/2744/704
f 1876/2744/704 1875/2743/703 1877/2745/705
f 1876/2744/704 1877/2745/705 1878/2746/706
f 1878/2746/706 1877/2745/705 1879/2747/707
f 1878/2746/706 1879/2747/707 1880/2748/708
f 1880/2748/708 1879/2747/707 1881/2749/709
f 1880/2748/708 1881/2749/709 1882/2750/710
f 1882/2750/710 1881/2749/709 1883/2751/711
f 1882/2750/710 1883/2751/711 1884/2752/712
f 1884/2752/712 1883/2751/711 1885/2753/713
f 1884/2752/712 1885/2753/713 1886/2754/714
f 1886/2754/714 1885/2753/713 1887/2755/715
f 1886/2754/714 1887/2755/715 1888/2756/716
f 1888/2756/716 1887/2755/715 1889/2757/717
f 1888/2756/716 1889/2757/717 1890/2758/718
f 1890/2758/718 1889/2757/717 1891/2759/719
f 1890/2758/718 1891/2759/719 1892/2760/720
f 1892/2760/720 1891/2759/719 1893/2761/721
f 1892/2760/720 1893/2761/721 1894/2762/722
f 1894/2762/722 1893/2761/721 1895/2763/723
f 1894/2762/722 1895/2763/723 1896/2764/724
f 1896/2765/724 1895/2766/723 1897/2767/725
f 1896/2765/724 1897/2767/725 1898/2768/726
f 1898/2768/726 1897/2767/725 1899/2769/727
f 1898/2768/726 1899/2769/727 1900/2770/728
f 1900/2770/728 1899/2769/727 1901/2771/729
f 1900/2770/728 1901/2771/729 1902/2772/730
f 1902/2772/730 1901/2771/729 1903/2773/731
f 1902/2772/730 1903/2773/731 1904/2774/732
f 1904/2774/732 1903/2773/731 1905/2775/733
f 1904/2774/732 1905/2775/733 1906/2776/734
f 1906/2776/734 1905/2775/733 1907/2777/735
f 1906/2776/734 1907/2777/735 1908/2778/736
f 1908/2778/736 1907/2777/735 1909/2779/737
f 1908/2778/736 1909/2779/737 1910/2780/738
f 1910/2780/738 1909/2779/737 1911/2781/739
f 1910/2780/738 1911/2781/739 1912/2782/740
f 1853/2783/681 1852/2784/680 1913/2785/741
f 1853/2783/681 1913/2785/741 1911/2786/739
f 1853/2783/681 1911/2786/739 1909/2787/737
f 1853/2783/681 1909/2787/737 1907/2788/735
f 1853/2783/681 1907/2788/735 1905/2789/733
f 1853/2783/681 1905/2789/733 1903/2790/731
f 1853/2783/681 1903/2790/731 1901/2791/729
f 1853/2783/681 1901/2791/729 1899/2792/727
f 1853/2783/681 1899/2792/727 1897/2793/725
f 1853/2783/681 1897/2793/725 1895/2794/723
f 1853/2783/681 1895/2794/723 1893/2795/721
f 1853/2783/681 1893/2795/721 1891/2796/719
f 1853/2783/681 1891/2796/719 1889/2797/717
f 1853/2783/681 1889/2797/717 1887/2798/715
f 1853/2783/681 1887/2798/715 1885/2799/713
f 1853/2783/681 1885/2799/713 1883/2800/711
f 1853/2783/681 1883/2800/711 1881/2801/709
f 1853/2783/681 1881/2801/709 1879/2802/707
f 1853/2783/681 1879/2802/707 1877/2803/705
f 1853/2783/681 1877/2803/705 1875/2804/703
f 1853/2783/681 1875/2804/703 1873/2805/701
f 1853/2783/681 1873/2805/701 1871/2806/699
f 1853/2783/681 1871/2806/699 1869/2807/697
f 1853/2783/681 1869/2807/697 1867/2808/695
f 1853/2783/681 1867/2808/695 1865/2809/693
f 1853/2783/681 1865/2809/693 1863/2810/691
f 1853/2783/681 1863/2810/691 1861/2811/689
f 1853/2783/681 1861/2811/689 1859/2812/687
f 1853/2783/681 1859/2812/687 1857/2813/685
f 1853/2783/681 1857/2813/685 1855/2814/683
f 1912/2782/740 1911/2781/739 1913/2815/741
f 1912/2782/740 1913/2815/741 1914/2816/742
f 1914/2816/742 1913/2815/741 1852/2720/680
f 1914/2816/742 1852/2720/680 1851/2719/679
o btn2
v -1.812606 0.007190 1.157378
v -1.812433 0.137088 1.134504
v -1.843999 0.137088 1.131395
v -1.848648 0.007190 1.153828
v -1.874352 0.137088 1.122188
v -1.883305 0.007190 1.143315
v -1.902325 0.137088 1.107236
v -1.915245 0.007190 1.126243
v -1.926844 0.137088 1.087114
v -1.943241 0.007190 1.103267
v -1.946965 0.137088 1.062595
v -1.966217 0.007190 1.075271
v -1.961918 0.137088 1.034622
v -1.983289 0.007190 1.043331
v -1.971125 0.137088 1.004269
v -1.993802 0.007190 1.008674
v -1.974234 0.137088 0.972703
v -1.997352 0.007190 0.972632
v -1.971125 0.137088 0.941138
v -1.993802 0.007190 0.936590
v -1.961918 0.137088 0.910785
v -1.983289 0.007190 0.901932
v -1.946965 0.137088 0.882812
v -1.966217 0.007190 0.869992
v -1.926844 0.137088 0.858293
v -1.943241 0.007190 0.841996
v -1.902325 0.137088 0.838171
v -1.915245 0.007190 0.819021
v -1.874352 0.137088 0.823219
v -1.883305 0.007190 0.801948
v -1.843999 0.137088 0.814012
v -1.848648 0.007190 0.791435
v -1.812433 0.137088 0.810903
v -1.812606 0.007190 0.787885
v -1.780867 0.137088 0.814012
v -1.776563 0.007190 0.791435
v -1.750515 0.137088 0.823219
v -1.741906 0.007190 0.801948
v -1.722541 0.137088 0.838171
v -1.709966 0.007190 0.819021
v -1.698023 0.137088 0.858293
v -1.681970 0.007190 0.841996
v -1.677901 0.137088 0.882812
v -1.658994 0.007190 0.869992
v -1.662949 0.137088 0.910785
v -1.641922 0.007190 0.901933
v -1.653741 0.137088 0.941138
v -1.631409 0.007190 0.936590
v -1.650632 0.137088 0.972703
v -1.627859 0.007190 0.972632
v -1.653741 0.137088 1.004269
v -1.631409 0.007190 1.008674
v -1.624056 0.137088 1.050732
v -1.597514 0.007190 1.061726
v -1.677901 0.137088 1.062595
v -1.658995 0.007190 1.075272
v -1.698023 0.137088 1.087114
v -1.681970 0.007190 1.103267
v -1.722542 0.137088 1.107236
v -1.709966 0.007190 1.126243
v -1.750515 0.137088 1.122188
v -1.741906 0.007190 1.143315
v -1.780868 0.137088 1.131395
v -1.776563 0.007190 1.153828
vn -0.0295 0.1734 0.9844
vn 0.0351 0.1877 0.9816
vn -0.0122 0.9971 0.0754
vn -0.2210 0.1736 0.9597
vn -0.3431 0.1882 0.9203
vn -0.4040 0.1739 0.8981
vn -0.5113 0.2307 0.8279
vn -0.5714 0.1742 0.8020
vn -0.6507 0.2966 0.6990
vn -0.7168 0.1744 0.6751
vn -0.7506 0.3789 0.5413
vn -0.8347 0.1747 0.5222
vn -0.8038 0.4681 0.3671
vn -0.9205 0.1749 0.3494
vn -0.8096 0.5548 0.1914
vn -0.9710 0.1750 0.1631
vn -0.7744 0.6321 0.0277
vn -0.9841 0.1752 -0.0295
vn -0.7084 0.6965 -0.1143
vn -0.9594 0.1752 -0.2209
vn -0.6225 0.7474 -0.2321
vn -0.8979 0.1752 -0.4038
vn -0.5254 0.7865 -0.3245
vn -0.8019 0.1752 -0.5712
vn -0.4233 0.8158 -0.3941
vn -0.6750 0.1751 -0.7167
vn -0.3200 0.8371 -0.4437
vn -0.5222 0.1750 -0.8347
vn -0.2174 0.8522 -0.4759
vn -0.3493 0.1748 -0.9205
vn -0.1165 0.8622 -0.4931
vn -0.1631 0.1746 -0.9710
vn -0.0178 0.8678 -0.4965
vn 0.0295 0.1744 -0.9842
vn 0.0790 0.8696 -0.4874
vn 0.2210 0.1741 -0.9596
vn 0.1737 0.8677 -0.4657
vn 0.4040 0.1738 -0.8981
vn 0.2664 0.8620 -0.4312
vn 0.5714 0.1736 -0.8021
vn 0.3568 0.8520 -0.3832
vn 0.7170 0.1733 -0.6752
vn 0.4441 0.8368 -0.3203
vn 0.8350 0.1731 -0.5224
vn 0.5266 0.8153 -0.2406
vn 0.9209 0.1729 -0.3495
vn 0.6018 0.7859 -0.1422
vn 0.9714 0.1727 -0.1631
vn 0.6649 0.7466 -0.0238
vn 0.9846 0.1726 0.0295
vn 0.5786 0.8072 -0.1168
vn 0.9051 0.1420 -0.4008
vn 0.7239 0.6870 -0.0632
vn 0.6801 0.1987 0.7057
vn 0.3395 0.1893 0.9213
vn 0.5273 0.1582 0.8348
vn 0.6474 0.4665 0.6027
vn 0.6753 0.1726 0.7171
vn 0.5417 0.3773 0.7511
vn 0.5224 0.1728 0.8350
vn 0.3970 0.2953 0.8690
vn 0.3495 0.1729 0.9208
vn 0.2238 0.2296 0.9472
vn 0.1631 0.1731 0.9713
vt 0.056132 0.483762
vt 0.039097 0.483762
vt 0.039097 0.479267
vt 0.056132 0.479267
vt 0.039097 0.474722
vt 0.056132 0.474722
vt 0.039097 0.470134
vt 0.056132 0.470134
vt 0.039097 0.465508
vt 0.056132 0.465508
vt 0.039097 0.460848
vt 0.056132 0.460848
vt 0.039097 0.456161
vt 0.056132 0.456161
vt 0.039097 0.451451
vt 0.056132 0.451451
vt 0.039097 0.446724
vt 0.056132 0.446724
vt 0.039097 0.441987
vt 0.056132 0.441987
vt 0.039097 0.437243
vt 0.056132 0.437243
vt 0.039097 0.432500
vt 0.056132 0.432500
vt 0.039097 0.427762
vt 0.056132 0.427762
vt 0.039097 0.423036
vt 0.056132 0.423036
vt 0.039097 0.418326
vt 0.056132 0.418326
vt 0.039097 0.413638
vt 0.056132 0.413638
vt 0.039097 0.408979
vt 0.056132 0.408979
vt 0.039097 0.404352
vt 0.056132 0.404352
vt 0.039097 0.399764
vt 0.056132 0.399764
vt 0.039097 0.395220
vt 0.056132 0.395220
vt 0.039097 0.390724
vt 0.056132 0.390724
vt 0.039097 0.386283
vt 0.056132 0.386283
vt 0.039097 0.381901
vt 0.056132 0.381901
vt 0.039097 0.377584
vt 0.056132 0.377584
vt 0.039097 0.373335
vt 0.056132 0.373335
vt 0.039097 0.369160
vt 0.056132 0.369160
vt 0.039097 0.361539
vt 0.056132 0.361539
vt 0.056089 0.511585
vt 0.039113 0.511616
vt 0.039097 0.505326
vt 0.056132 0.505326
vt 0.039097 0.501151
vt 0.056132 0.501151
vt 0.039097 0.496903
vt 0.056132 0.496903
vt 0.039097 0.492585
vt 0.056132 0.492585
vt 0.125556 0.462345
vt 0.131714 0.459794
vt 0.138252 0.458493
vt 0.144917 0.458493
vt 0.151454 0.459793
vt 0.157612 0.462344
vt 0.163154 0.466048
vt 0.174706 0.465148
vt 0.171571 0.476303
vt 0.174121 0.482460
vt 0.175422 0.488998
vt 0.175422 0.495663
vt 0.174121 0.502200
vt 0.171571 0.508358
vt 0.167868 0.513901
vt 0.163155 0.518614
vt 0.157612 0.522317
vt 0.151455 0.524868
vt 0.144917 0.526168
vt 0.138252 0.526168
vt 0.131714 0.524868
vt 0.125557 0.522317
vt 0.120015 0.518614
vt 0.115301 0.513901
vt 0.111598 0.508359
vt 0.109047 0.502201
vt 0.107747 0.495663
vt 0.107747 0.488998
vt 0.109047 0.482461
vt 0.111598 0.476303
vt 0.115301 0.470761
vt 0.120014 0.466048
vt 0.039097 0.488203
vt 0.056132 0.488203
s 1
g btn2_Material.024
usemtl Material.024
f 1915/2817/743 1916/2818/744 1917/2819/745
f 1915/2817/743 1917/2819/745 1918/2820/746
f 1918/2820/746 1917/2819/745 1919/2821/747
f 1918/2820/746 1919/2821/747 1920/2822/748
f 1920/2822/748 1919/2821/747 1921/2823/749
f 1920/2822/748 1921/2823/749 1922/2824/750
f 1922/2824/750 1921/2823/749 1923/2825/751
f 1922/2824/750 1923/2825/751 1924/2826/752
f 1924/2826/752 1923/2825/751 1925/2827/753
f 1924/2826/752 1925/2827/753 1926/2828/754
f 1926/2828/754 1925/2827/753 1927/2829/755
f 1926/2828/754 1927/2829/755 1928/2830/756
f 1928/2830/756 1927/2829/755 1929/2831/757
f 1928/2830/756 1929/2831/757 1930/2832/758
f 1930/2832/758 1929/2831/757 1931/2833/759
f 1930/2832/758 1931/2833/759 1932/2834/760
f 1932/2834/760 1931/2833/759 1933/2835/761
f 1932/2834/760 1933/2835/761 1934/2836/762
f 1934/2836/762 1933/2835/761 1935/2837/763
f 1934/2836/762 1935/2837/763 1936/2838/764
f 1936/2838/764 1935/2837/763 1937/2839/765
f 1936/2838/764 1937/2839/765 1938/2840/766
f 1938/2840/766 1937/2839/765 1939/2841/767
f 1938/2840/766 1939/2841/767 1940/2842/768
f 1940/2842/768 1939/2841/767 1941/2843/769
f 1940/2842/768 1941/2843/769 1942/2844/770
f 1942/2844/770 1941/2843/769 1943/2845/771
f 1942/2844/770 1943/2845/771 1944/2846/772
f 1944/2846/772 1943/2845/771 1945/2847/773
f 1944/2846/772 1945/2847/773 1946/2848/774
f 1946/2848/774 1945/2847/773 1947/2849/775
f 1946/2848/774 1947/2849/775 1948/2850/776
f 1948/2850/776 1947/2849/775 1949/2851/777
f 1948/2850/776 1949/2851/777 1950/2852/778
f 1950/2852/778 1949/2851/777 1951/2853/779
f 1950/2852/778 1951/2853/779 1952/2854/780
f 1952/2854/780 1951/2853/779 1953/2855/781
f 1952/2854/780 1953/2855/781 1954/2856/782
f 1954/2856/782 1953/2855/781 1955/2857/783
f 1954/2856/782 1955/2857/783 1956/2858/784
f 1956/2858/784 1955/2857/783 1957/2859/785
f 1956/2858/784 1957/2859/785 1958/2860/786
f 1958/2860/786 1957/2859/785 1959/2861/787
f 1958/2860/786 1959/2861/787 1960/2862/788
f 1960/2862/788 1959/2861/787 1961/2863/789
f 1960/2862/788 1961/2863/789 1962/2864/790
f 1962/2864/790 1961/2863/789 1963/2865/791
f 1962/2864/790 1963/2865/791 1964/2866/792
f 1964/2866/792 1963/2865/791 1965/2867/793
f 1964/2866/792 1965/2867/793 1966/2868/794
f 1966/2868/794 1965/2867/793 1967/2869/795
f 1966/2868/794 1967/2869/795 1968/2870/796
f 1968/2871/796 1967/2872/795 1969/2873/797
f 1968/2871/796 1969/2873/797 1970/2874/798
f 1970/2874/798 1969/2873/797 1971/2875/799
f 1970/2874/798 1971/2875/799 1972/2876/800
f 1972/2876/800 1971/2875/799 1973/2877/801
f 1972/2876/800 1973/2877/801 1974/2878/802
f 1974/2878/802 1973/2877/801 1975/2879/803
f 1974/2878/802 1975/2879/803 1976/2880/804
f 1917/2881/745 1916/2882/744 1977/2883/805
f 1917/2881/745 1977/2883/805 1975/2884/803
f 1917/2881/745 1975/2884/803 1973/2885/801
f 1917/2881/745 1973/2885/801 1971/2886/799
f 1917/2881/745 1971/2886/799 1969/2887/797
f 1917/2881/745 1969/2887/797 1967/2888/795
f 1917/2881/745 1967/2888/795 1965/2889/793
f 1917/2881/745 1965/2889/793 1963/2890/791
f 1917/2881/745 1963/2890/791 1961/2891/789
f 1917/2881/745 1961/2891/789 1959/2892/787
f 1917/2881/745 1959/2892/787 1957/2893/785
f 1917/2881/745 1957/2893/785 1955/2894/783
f 1917/2881/745 1955/2894/783 1953/2895/781
f 1917/2881/745 1953/2895/781 1951/2896/779
f 1917/2881/745 1951/2896/779 1949/2897/777
f 1917/2881/745 1949/2897/777 1947/2898/775
f 1917/2881/745 1947/2898/775 1945/2899/773
f 1917/2881/745 1945/2899/773 1943/2900/771
f 1917/2881/745 1943/2900/771 1941/2901/769
f 1917/2881/745 1941/2901/769 1939/2902/767
f 1917/2881/745 1939/2902/767 1937/2903/765
f 1917/2881/745 1937/2903/765 1935/2904/763
f 1917/2881/745 1935/2904/763 1933/2905/761
f 1917/2881/745 1933/2905/761 1931/2906/759
f 1917/2881/745 1931/2906/759 1929/2907/757
f 1917/2881/745 1929/2907/757 1927/2908/755
f 1917/2881/745 1927/2908/755 1925/2909/753
f 1917/2881/745 1925/2909/753 1923/2910/751
f 1917/2881/745 1923/2910/751 1921/2911/749
f 1917/2881/745 1921/2911/749 1919/2912/747
f 1976/2880/804 1975/2879/803 1977/2913/805
f 1976/2880/804 1977/2913/805 1978/2914/806
f 1978/2914/806 1977/2913/805 1916/2818/744
f 1978/2914/806 1916/2818/744 1915/2817/743
o btn3
v 1.884625 0.124623 1.090864
v 1.860041 0.124623 1.104005
v 1.849809 0.136016 1.194759
v 1.833366 0.124623 1.112096
v 1.805625 0.136016 1.205172
v 1.761441 0.136016 1.194759
v 1.716636 0.136016 1.187471
v 1.679800 0.136016 1.160942
v 1.641194 0.136016 1.137062
v 1.617315 0.136016 1.098457
v 1.590786 0.136016 1.061621
v 1.583498 0.136016 1.016816
v 1.573085 0.136016 0.972632
v 1.583498 0.136016 0.928448
v 1.590786 0.136016 0.883643
v 1.617315 0.136016 0.846807
v 1.641194 0.136016 0.808201
v 1.679800 0.136016 0.784322
v 1.716636 0.136016 0.757793
v 1.761441 0.136016 0.750505
v 1.805625 0.136016 0.740092
v 1.849809 0.136016 0.750505
v 1.894614 0.136016 0.757793
v 1.931450 0.136016 0.784322
v 1.970055 0.136016 0.808201
v 1.993935 0.136016 0.846807
v 2.020464 0.136016 0.883643
v 2.027752 0.136016 0.928448
v 2.038165 0.136016 0.972632
v 2.027752 0.136016 1.016816
v 1.805625 0.124623 1.114829
v 1.906173 0.124623 1.073180
v 1.923857 0.124623 1.051632
v 1.936997 0.124623 1.027048
v 1.945090 0.124623 1.000373
v 1.947822 0.124623 0.972632
v 1.945090 0.124623 0.944891
v 1.936998 0.124623 0.918216
v 1.923857 0.124623 0.893632
v 1.906173 0.124623 0.872084
v 1.884625 0.124623 0.854399
v 1.860041 0.124623 0.841259
v 1.833366 0.124623 0.833167
v 1.805625 0.124623 0.830435
v 1.777884 0.124623 0.833167
v 1.751209 0.124623 0.841259
v 1.726624 0.124623 0.854399
v 1.705076 0.124623 0.872084
v 1.687393 0.124623 0.893631
v 1.674252 0.124623 0.918215
v 1.666160 0.124623 0.944891
v 1.663428 0.124623 0.972632
v 1.666160 0.124623 1.000373
v 1.674252 0.124623 1.027048
v 1.687393 0.124623 1.051632
v 1.705076 0.124623 1.073180
v 1.726624 0.124623 1.090864
v 1.751209 0.124623 1.104005
v 1.777884 0.124623 1.112096
v 1.805625 -0.017822 1.114829
v 1.777884 -0.017822 1.112096
v 1.751209 -0.017822 1.104005
v 1.726624 -0.017822 1.090864
v 1.705076 -0.017822 1.073180
v 1.687393 -0.017822 1.051632
v 1.674252 -0.017822 1.027048
v 1.666160 -0.017822 1.000373
v 1.663428 -0.017822 0.972632
v 1.666160 -0.017822 0.944891
v 1.674252 -0.017822 0.918215
v 1.687393 -0.017822 0.893631
v 1.705076 -0.017822 0.872084
v 1.726624 -0.017822 0.854399
v 1.751209 -0.017822 0.841259
v 1.777884 -0.017822 0.833167
v 1.805625 -0.017822 0.830435
v 1.833366 -0.017822 0.833167
v 1.860041 -0.017822 0.841259
v 1.884625 -0.017822 0.854399
v 1.906173 -0.017822 0.872084
v 1.923857 -0.017822 0.893632
v 1.936998 -0.017822 0.918216
v 1.945090 -0.017822 0.944891
v 1.947822 -0.017822 0.972632
v 1.945090 -0.017822 1.000373
v 1.936997 -0.017822 1.027048
v 1.923857 -0.017822 1.051632
v 1.906173 -0.017822 1.073180
v 1.884625 -0.017822 1.090864
v 1.833366 -0.017822 1.112096
v 1.860041 -0.017822 1.104005
v 1.884625 0.124623 1.090864
v 1.931449 0.136016 1.160942
v 1.894614 0.136016 1.187471
v 1.860041 0.124623 1.104005
v 1.849809 0.136016 1.194759
v 1.805625 0.136016 1.205172
v 1.805625 0.214900 1.205172
v 1.761441 0.214900 1.194759
v 1.761441 0.136016 1.194759
v 1.716636 0.214900 1.187471
v 1.716636 0.136016 1.187471
v 1.679800 0.214900 1.160942
v 1.679800 0.136016 1.160942
v 1.641194 0.214900 1.137062
v 1.641194 0.136016 1.137062
v 1.617315 0.214900 1.098457
v 1.617315 0.136016 1.098457
v 1.590786 0.214900 1.061621
v 1.590786 0.136016 1.061621
v 1.583498 0.214900 1.016816
v 1.583498 0.136016 1.016816
v 1.573085 0.214900 0.972632
v 1.573085 0.136016 0.972632
v 1.583498 0.214900 0.928448
v 1.583498 0.136016 0.928448
v 1.590786 0.214900 0.883643
v 1.590786 0.136016 0.883643
v 1.617315 0.214900 0.846807
v 1.617315 0.136016 0.846807
v 1.641194 0.214900 0.808201
v 1.641194 0.136016 0.808201
v 1.679800 0.214900 0.784322
v 1.679800 0.136016 0.784322
v 1.716636 0.214900 0.757793
v 1.716636 0.136016 0.757793
v 1.761441 0.214900 0.750505
v 1.761441 0.136016 0.750505
v 1.805625 0.214900 0.740092
v 1.805625 0.136016 0.740092
v 1.849809 0.214900 0.750505
v 1.849809 0.136016 0.750505
v 1.894614 0.214900 0.757793
v 1.894614 0.136016 0.757793
v 1.931450 0.214900 0.784322
v 1.931450 0.136016 0.784322
v 1.970055 0.214900 0.808201
v 1.970055 0.136016 0.808201
v 1.993935 0.214900 0.846807
v 1.993935 0.136016 0.846807
v 2.020464 0.214900 0.883643
v 2.020464 0.136016 0.883643
v 2.027752 0.214900 0.928448
v 2.027752 0.136016 0.928448
v 2.038165 0.214900 0.972632
v 2.038165 0.136016 0.972632
v 2.027752 0.214900 1.016816
v 2.027752 0.136016 1.016816
v 2.020464 0.214900 1.061621
v 2.020464 0.136016 1.061621
v 1.993935 0.214900 1.098457
v 1.993935 0.136016 1.098457
v 1.970055 0.214900 1.137063
v 1.970055 0.136016 1.137063
v 1.931449 0.214900 1.160942
v 1.894614 0.214900 1.187471
v 1.849809 0.214900 1.194759
v 1.906173 0.124623 1.073180
v 1.923857 0.124623 1.051632
v 1.936997 0.124623 1.027048
v 1.945090 0.124623 1.000373
vn 0.4023 -0.1886 0.8959
vn 0.0339 -0.9910 0.1298
vn 0.1878 -0.5545 0.8107
vn 0.0030 -0.9919 0.1271
vn 0.0172 -0.5624 0.8267
vn 0.8267 -0.5624 -0.0172
vn 0.1271 -0.9919 -0.0030
vn 0.1283 -0.9915 0.0235
vn 0.9692 -0.1886 0.1583
vn 0.8107 -0.5545 -0.1878
vn 0.1287 -0.9913 -0.0286
vn 0.7572 -0.5624 -0.3323
vn 0.1163 -0.9919 -0.0514
vn 0.6771 -0.5545 -0.4838
vn 0.1079 -0.9913 -0.0758
vn 0.5724 -0.5624 -0.5967
vn 0.0878 -0.9919 -0.0920
vn 0.4405 -0.5545 -0.7061
vn 0.0708 -0.9913 -0.1112
vn 0.3005 -0.5624 -0.7704
vn 0.0459 -0.9919 -0.1186
vn 0.1367 -0.5545 -0.8209
vn 0.0227 -0.9913 -0.1298
vn -0.0172 -0.5624 -0.8267
vn -0.0030 -0.9919 -0.1271
vn -0.1878 -0.5545 -0.8107
vn -0.0286 -0.9913 -0.1287
vn -0.3323 -0.5624 -0.7572
vn -0.0514 -0.9919 -0.1163
vn -0.4838 -0.5545 -0.6771
vn -0.0757 -0.9913 -0.1079
vn -0.5967 -0.5624 -0.5724
vn -0.0920 -0.9919 -0.0878
vn -0.7061 -0.5545 -0.4405
vn -0.1112 -0.9913 -0.0707
vn -0.7704 -0.5624 -0.3005
vn -0.1186 -0.9919 -0.0459
vn -0.8209 -0.5545 -0.1367
vn -0.1298 -0.9913 -0.0228
vn -0.8267 -0.5624 0.0172
vn -0.1271 -0.9919 0.0030
vn -0.8107 -0.5545 0.1878
vn -0.1287 -0.9913 0.0286
vn -0.7572 -0.5624 0.3323
vn -0.1163 -0.9919 0.0514
vn -0.6771 -0.5545 0.4838
vn -0.1079 -0.9913 0.0757
vn -0.5724 -0.5624 0.5967
vn -0.0878 -0.9919 0.0920
vn -0.4405 -0.5545 0.7061
vn -0.0707 -0.9913 0.1112
vn -0.3005 -0.5624 0.7704
vn -0.0459 -0.9919 0.1186
vn -0.1367 -0.5545 0.8209
vn -0.0228 -0.9913 0.1298
vn -0.0328 -0.0000 0.9995
vn -0.2272 -0.0000 0.9739
vn -0.4128 -0.0000 0.9108
vn -0.5826 -0.0000 0.8128
vn -0.7299 -0.0000 0.6835
vn -0.8493 -0.0000 0.5280
vn -0.9359 -0.0000 0.3522
vn -0.9867 -0.0000 0.1628
vn -0.9995 -0.0000 -0.0328
vn -0.9739 -0.0000 -0.2272
vn -0.9108 -0.0000 -0.4128
vn -0.8128 -0.0000 -0.5826
vn -0.6835 -0.0000 -0.7299
vn -0.5280 -0.0000 -0.8493
vn -0.3522 -0.0000 -0.9359
vn -0.1628 -0.0000 -0.9867
vn 0.0328 -0.0000 -0.9995
vn 0.2272 -0.0000 -0.9739
vn 0.4128 -0.0000 -0.9108
vn 0.5826 -0.0000 -0.8128
vn 0.7299 -0.0000 -0.6835
vn 0.8492 -0.0000 -0.5280
vn 0.9359 -0.0000 -0.3522
vn 0.9867 -0.0000 -0.1628
vn 0.9995 -0.0000 0.0328
vn 0.9739 -0.0000 0.2272
vn 0.9359 -0.0000 0.3522
vn 0.9108 -0.0000 0.4128
vn 0.8493 -0.0000 0.5280
vn 0.8128 -0.0000 0.5826
vn 0.7299 -0.0000 0.6835
vn 0.6835 -0.0000 0.7299
vn 0.5826 -0.0000 0.8128
vn 0.5280 -0.0000 0.8492
vn 0.1628 -0.0000 0.9867
vn 0.3522 -0.0000 0.9359
vn 0.0748 -0.9913 0.1080
vn 0.4336 -0.6432 0.6311
vn 0.2409 -0.6582 0.7133
vn 0.0355 -0.9921 0.1207
vn 0.1927 -0.3343 0.9226
vn -0.0783 -0.0000 0.9969
vn 0.0781 0.0874 0.9931
vn -0.0068 0.9995 0.0319
vn -0.1836 -0.0000 0.9830
vn -0.3080 0.0874 0.9474
vn -0.4538 -0.0000 0.8911
vn -0.5594 0.1441 0.8163
vn -0.5458 -0.0000 0.8379
vn -0.6086 0.3492 0.7124
vn -0.7603 -0.0000 0.6496
vn -0.7309 0.4890 0.4761
vn -0.8249 -0.0000 0.5653
vn -0.6626 0.6686 0.3375
vn -0.9510 -0.0000 0.3092
vn -0.6351 0.7633 0.1186
vn -0.9784 -0.0000 0.2066
vn -0.5315 0.8460 0.0418
vn -0.9969 -0.0000 -0.0783
vn -0.4531 0.8863 -0.0956
vn -0.9830 -0.0000 -0.1836
vn -0.3749 0.9190 -0.1219
vn -0.8911 -0.0000 -0.4538
vn -0.2916 0.9354 -0.1998
vn -0.8379 -0.0000 -0.5458
vn -0.2390 0.9493 -0.2042
vn -0.6496 -0.0000 -0.7603
vn -0.1598 0.9562 -0.2452
vn -0.5653 -0.0000 -0.8249
vn -0.1232 0.9625 -0.2419
vn -0.3092 -0.0000 -0.9510
vn -0.0481 0.9650 -0.2576
vn -0.2066 -0.0000 -0.9784
vn -0.0198 0.9676 -0.2518
vn 0.0783 -0.0000 -0.9969
vn 0.0522 0.9675 -0.2473
vn 0.1836 -0.0000 -0.9830
vn 0.0780 0.9676 -0.2402
vn 0.4538 -0.0000 -0.8911
vn 0.1481 0.9650 -0.2162
vn 0.5458 -0.0000 -0.8379
vn 0.1763 0.9625 -0.2064
vn 0.7603 -0.0000 -0.6496
vn 0.2452 0.9562 -0.1598
vn 0.8249 -0.0000 -0.5653
vn 0.2802 0.9493 -0.1427
vn 0.9510 -0.0000 -0.3092
vn 0.3475 0.9354 -0.0649
vn 0.9784 -0.0000 -0.2066
vn 0.3930 0.9190 -0.0309
vn 0.9969 -0.0000 0.0783
vn 0.4531 0.8863 0.0956
vn 0.9309 -0.3217 0.1728
vn 0.5071 0.8460 0.1648
vn 0.6747 -0.6582 0.3340
vn 0.5329 0.7633 0.3652
vn 0.6421 -0.6432 0.4171
vn 0.5654 0.6686 0.4830
vn 0.4955 -0.6582 0.5668
vn 0.4761 0.4890 0.7309
vn 0.4253 0.3492 0.8350
vn 0.1817 0.1441 0.9727
vn 0.0807 -0.9918 0.0995
vn 0.1104 -0.9913 0.0712
vn 0.1127 -0.9918 0.0611
vn 0.1276 -0.9915 0.0275
vt 0.149642 0.352123
vt 0.130531 0.352115
vt 0.147374 0.346806
vt 0.127388 0.343207
vt 0.146184 0.341149
vt 0.178702 0.367253
vt 0.180760 0.386048
vt 0.171383 0.384907
vt 0.172922 0.367316
vt 0.184358 0.366064
vt 0.189668 0.382904
vt 0.189674 0.363793
vt 0.198768 0.380371
vt 0.194444 0.360529
vt 0.205796 0.374058
vt 0.198488 0.356398
vt 0.213235 0.368234
vt 0.201646 0.351555
vt 0.217312 0.359711
vt 0.203802 0.346191
vt 0.221956 0.351483
vt 0.204866 0.340508
vt 0.222461 0.342048
vt 0.204805 0.334727
vt 0.223603 0.332669
vt 0.203613 0.329070
vt 0.220459 0.323759
vt 0.201345 0.323753
vt 0.217924 0.314657
vt 0.198079 0.318982
vt 0.211609 0.307629
vt 0.193949 0.314938
vt 0.205784 0.300190
vt 0.189106 0.311780
vt 0.197261 0.296114
vt 0.183743 0.309625
vt 0.189032 0.291471
vt 0.178060 0.308560
vt 0.179598 0.290968
vt 0.172281 0.308623
vt 0.170220 0.289827
vt 0.166624 0.309813
vt 0.161312 0.292973
vt 0.161308 0.312083
vt 0.152212 0.295508
vt 0.156538 0.315348
vt 0.145186 0.301823
vt 0.152497 0.319480
vt 0.137749 0.307648
vt 0.149339 0.324321
vt 0.133675 0.316170
vt 0.147187 0.329686
vt 0.129033 0.324397
vt 0.146123 0.335368
vt 0.128529 0.333829
vt 0.266387 0.475292
vt 0.232367 0.475275
vt 0.233290 0.465262
vt 0.266610 0.471934
vt 0.236155 0.455633
vt 0.267489 0.468693
vt 0.240848 0.446763
vt 0.268988 0.465695
vt 0.247181 0.438994
vt 0.271050 0.463055
vt 0.254902 0.432622
vt 0.273596 0.460878
vt 0.263707 0.427883
vt 0.276530 0.459250
vt 0.273256 0.424948
vt 0.279742 0.458240
vt 0.283181 0.423911
vt 0.283109 0.457893
vt 0.293115 0.424791
vt 0.286500 0.458232
vt 0.302707 0.427552
vt 0.289820 0.459020
vt 0.311595 0.432113
vt 0.292887 0.460440
vt 0.319437 0.438318
vt 0.295589 0.462433
vt 0.325926 0.445938
vt 0.297829 0.464921
vt 0.330805 0.454688
vt 0.299529 0.467807
vt 0.333880 0.464234
vt 0.300621 0.470974
vt 0.335025 0.474207
vt 0.301064 0.474298
vt 0.334192 0.484220
vt 0.300842 0.477650
vt 0.331411 0.493885
vt 0.299962 0.480900
vt 0.326786 0.502825
vt 0.298458 0.483920
vt 0.320497 0.510692
vt 0.296387 0.486593
vt 0.312784 0.517180
vt 0.293829 0.488815
vt 0.303946 0.522038
vt 0.290881 0.490499
vt 0.294326 0.525077
vt 0.287658 0.491579
vt 0.284294 0.526178
vt 0.284283 0.492011
vt 0.274238 0.525299
vt 0.280886 0.491780
vt 0.264548 0.522471
vt 0.277599 0.490894
vt 0.255598 0.517806
vt 0.274549 0.489387
vt 0.247734 0.511483
vt 0.271852 0.487318
vt 0.241261 0.503748
vt 0.269612 0.484768
vt 0.266827 0.478636
vt 0.233427 0.485285
vt 0.267916 0.481836
vt 0.236430 0.494900
vt 0.152906 0.356894
vt 0.139377 0.368244
vt 0.133064 0.361216
vt 0.231303 0.396267
vt 0.246149 0.386881
vt 0.252376 0.392777
vt 0.239264 0.405833
vt 0.258457 0.399083
vt 0.248382 0.413470
vt 0.266495 0.402075
vt 0.259415 0.419213
vt 0.274542 0.405611
vt 0.270756 0.422759
vt 0.283109 0.405326
vt 0.283146 0.423843
vt 0.291891 0.405468
vt 0.294988 0.422764
vt 0.299700 0.401878
vt 0.306846 0.419001
vt 0.307901 0.398667
vt 0.317372 0.413474
vt 0.313763 0.392381
vt 0.326898 0.405471
vt 0.320101 0.386275
vt 0.334516 0.396340
vt 0.323106 0.378215
vt 0.340262 0.385301
vt 0.326647 0.370141
vt 0.343819 0.373951
vt 0.326357 0.361535
vt 0.344924 0.361554
vt 0.326565 0.352717
vt 0.343893 0.349704
vt 0.323027 0.344869
vt 0.340195 0.337820
vt 0.319879 0.336644
vt 0.334725 0.327258
vt 0.313652 0.330748
vt 0.326764 0.317692
vt 0.307571 0.324443
vt 0.317646 0.310055
vt 0.299533 0.321450
vt 0.306613 0.304313
vt 0.291486 0.317915
vt 0.295272 0.300766
vt 0.282919 0.318199
vt 0.282882 0.299682
vt 0.274137 0.318058
vt 0.271040 0.300762
vt 0.266328 0.321648
vt 0.259182 0.304524
vt 0.258127 0.324858
vt 0.248656 0.310052
vt 0.252265 0.331144
vt 0.239130 0.318054
vt 0.245927 0.337250
vt 0.231512 0.327185
vt 0.242922 0.345310
vt 0.225766 0.338224
vt 0.239381 0.353384
vt 0.222209 0.349574
vt 0.239671 0.361991
vt 0.221104 0.361972
vt 0.239463 0.370808
vt 0.222135 0.373821
vt 0.243001 0.378656
vt 0.225833 0.385706
vt 0.157036 0.360938
vt 0.145201 0.375683
vt 0.161878 0.364096
vt 0.153723 0.379759
vt 0.167241 0.366251
vt 0.161950 0.384402
s 1
g btn3_Material.025
usemtl Material.025
f 1980/2915/807 1981/2916/808 1982/2917/809
f 1982/2917/809 1981/2916/808 1983/2918/810
f 1982/2917/809 1983/2918/810 2009/2919/811
f 2014/2920/812 2007/2921/813 2008/2922/814
f 2014/2920/812 2008/2922/814 2013/2923/815
f 2015/2924/816 2006/2925/817 2007/2921/813
f 2015/2924/816 2007/2921/813 2014/2920/812
f 2016/2926/818 2005/2927/819 2006/2925/817
f 2016/2926/818 2006/2925/817 2015/2924/816
f 2017/2928/820 2004/2929/821 2005/2927/819
f 2017/2928/820 2005/2927/819 2016/2926/818
f 2018/2930/822 2003/2931/823 2004/2929/821
f 2018/2930/822 2004/2929/821 2017/2928/820
f 2019/2932/824 2002/2933/825 2003/2931/823
f 2019/2932/824 2003/2931/823 2018/2930/822
f 2020/2934/826 2001/2935/827 2002/2933/825
f 2020/2934/826 2002/2933/825 2019/2932/824
f 2021/2936/828 2000/2937/829 2001/2935/827
f 2021/2936/828 2001/2935/827 2020/2934/826
f 2022/2938/830 1999/2939/831 2000/2937/829
f 2022/2938/830 2000/2937/829 2021/2936/828
f 2023/2940/832 1998/2941/833 1999/2939/831
f 2023/2940/832 1999/2939/831 2022/2938/830
f 2024/2942/834 1997/2943/835 1998/2941/833
f 2024/2942/834 1998/2941/833 2023/2940/832
f 2025/2944/836 1996/2945/837 1997/2943/835
f 2025/2944/836 1997/2943/835 2024/2942/834
f 2026/2946/838 1995/2947/839 1996/2945/837
f 2026/2946/838 1996/2945/837 2025/2944/836
f 2027/2948/840 1994/2949/841 1995/2947/839
f 2027/2948/840 1995/2947/839 2026/2946/838
f 2028/2950/842 1993/2951/843 1994/2949/841
f 2028/2950/842 1994/2949/841 2027/2948/840
f 2029/2952/844 1992/2953/845 1993/2951/843
f 2029/2952/844 1993/2951/843 2028/2950/842
f 2030/2954/846 1991/2955/847 1992/2953/845
f 2030/2954/846 1992/2953/845 2029/2952/844
f 2031/2956/848 1990/2957/849 1991/2955/847
f 2031/2956/848 1991/2955/847 2030/2954/846
f 2032/2958/850 1989/2959/851 1990/2957/849
f 2032/2958/850 1990/2957/849 2031/2956/848
f 2033/2960/852 1988/2961/853 1989/2959/851
f 2033/2960/852 1989/2959/851 2032/2958/850
f 2034/2962/854 1987/2963/855 1988/2961/853
f 2034/2962/854 1988/2961/853 2033/2960/852
f 2035/2964/856 1986/2965/857 1987/2963/855
f 2035/2964/856 1987/2963/855 2034/2962/854
f 2036/2966/858 1985/2967/859 1986/2965/857
f 2036/2966/858 1986/2965/857 2035/2964/856
f 2037/2968/860 1984/2969/861 1985/2967/859
f 2037/2968/860 1985/2967/859 2036/2966/858
f 2009/2919/811 1983/2918/810 1984/2969/861
f 2009/2919/811 1984/2969/861 2037/2968/860
f 2038/2970/862 2009/2971/811 2037/2972/860
f 2038/2970/862 2037/2972/860 2039/2973/863
f 2039/2973/863 2037/2972/860 2036/2974/858
f 2039/2973/863 2036/2974/858 2040/2975/864
f 2040/2975/864 2036/2974/858 2035/2976/856
f 2040/2975/864 2035/2976/856 2041/2977/865
f 2041/2977/865 2035/2976/856 2034/2978/854
f 2041/2977/865 2034/2978/854 2042/2979/866
f 2042/2979/866 2034/2978/854 2033/2980/852
f 2042/2979/866 2033/2980/852 2043/2981/867
f 2043/2981/867 2033/2980/852 2032/2982/850
f 2043/2981/867 2032/2982/850 2044/2983/868
f 2044/2983/868 2032/2982/850 2031/2984/848
f 2044/2983/868 2031/2984/848 2045/2985/869
f 2045/2985/869 2031/2984/848 2030/2986/846
f 2045/2985/869 2030/2986/846 2046/2987/870
f 2046/2987/870 2030/2986/846 2029/2988/844
f 2046/2987/870 2029/2988/844 2047/2989/871
f 2047/2989/871 2029/2988/844 2028/2990/842
f 2047/2989/871 2028/2990/842 2048/2991/872
f 2048/2991/872 2028/2990/842 2027/2992/840
f 2048/2991/872 2027/2992/840 2049/2993/873
f 2049/2993/873 2027/2992/840 2026/2994/838
f 2049/2993/873 2026/2994/838 2050/2995/874
f 2050/2995/874 2026/2994/838 2025/2996/836
f 2050/2995/874 2025/2996/836 2051/2997/875
f 2051/2997/875 2025/2996/836 2024/2998/834
f 2051/2997/875 2024/2998/834 2052/2999/876
f 2052/2999/876 2024/2998/834 2023/3000/832
f 2052/2999/876 2023/3000/832 2053/3001/877
f 2053/3001/877 2023/3000/832 2022/3002/830
f 2053/3001/877 2022/3002/830 2054/3003/878
f 2054/3003/878 2022/3002/830 2021/3004/828
f 2054/3003/878 2021/3004/828 2055/3005/879
f 2055/3005/879 2021/3004/828 2020/3006/826
f 2055/3005/879 2020/3006/826 2056/3007/880
f 2056/3007/880 2020/3006/826 2019/3008/824
f 2056/3007/880 2019/3008/824 2057/3009/881
f 2057/3009/881 2019/3008/824 2018/3010/822
f 2057/3009/881 2018/3010/822 2058/3011/882
f 2058/3011/882 2018/3010/822 2017/3012/820
f 2058/3011/882 2017/3012/820 2059/3013/883
f 2059/3013/883 2017/3012/820 2016/3014/818
f 2059/3013/883 2016/3014/818 2060/3015/884
f 2060/3015/884 2016/3014/818 2015/3016/816
f 2060/3015/884 2015/3016/816 2061/3017/885
f 2061/3017/885 2015/3016/816 2014/3018/812
f 2061/3017/885 2014/3018/812 2062/3019/886
f 2062/3019/886 2014/3018/812 2013/3020/815
f 2062/3019/886 2013/3020/815 2063/3021/887
f 2063/3021/887 2013/3020/815 2012/3022/888
f 2063/3021/887 2012/3022/888 2064/3023/889
f 2064/3023/889 2012/3022/888 2011/3024/890
f 2064/3023/889 2011/3024/890 2065/3025/891
f 2065/3025/891 2011/3024/890 2010/3026/892
f 2065/3025/891 2010/3026/892 2066/3027/893
f 2066/3027/893 2010/3026/892 1979/3028/894
f 2066/3027/893 1979/3028/894 2067/3029/895
f 2068/3030/896 1982/3031/809 2009/2971/811
f 2068/3030/896 2009/2971/811 2038/2970/862
f 2069/3032/897 1980/3033/807 1982/3031/809
f 2069/3032/897 1982/3031/809 2068/3030/896
f 2067/3029/895 1979/3028/894 1980/3033/807
f 2067/3029/895 1980/3033/807 2069/3032/897
f 2070/3034/898 2071/3035/899 2072/3036/900
f 2070/3034/898 2072/3036/900 2073/2915/901
f 2073/2915/901 2072/3036/900 2074/2916/902
f 2075/3037/903 2076/3038/904 2077/3039/905
f 2075/3037/903 2077/3039/905 2078/3040/906
f 2078/3040/906 2077/3039/905 2079/3041/907
f 2078/3040/906 2079/3041/907 2080/3042/908
f 2080/3042/908 2079/3041/907 2081/3043/909
f 2080/3042/908 2081/3043/909 2082/3044/910
f 2082/3044/910 2081/3043/909 2083/3045/911
f 2082/3044/910 2083/3045/911 2084/3046/912
f 2084/3046/912 2083/3045/911 2085/3047/913
f 2084/3046/912 2085/3047/913 2086/3048/914
f 2086/3048/914 2085/3047/913 2087/3049/915
f 2086/3048/914 2087/3049/915 2088/3050/916
f 2088/3050/916 2087/3049/915 2089/3051/917
f 2088/3050/916 2089/3051/917 2090/3052/918
f 2090/3052/918 2089/3051/917 2091/3053/919
f 2090/3052/918 2091/3053/919 2092/3054/920
f 2092/3054/920 2091/3053/919 2093/3055/921
f 2092/3054/920 2093/3055/921 2094/3056/922
f 2094/3056/922 2093/3055/921 2095/3057/923
f 2094/3056/922 2095/3057/923 2096/3058/924
f 2096/3058/924 2095/3057/923 2097/3059/925
f 2096/3058/924 2097/3059/925 2098/3060/926
f 2098/3060/926 2097/3059/925 2099/3061/927
f 2098/3060/926 2099/3061/927 2100/3062/928
f 2100/3062/928 2099/3061/927 2101/3063/929
f 2100/3062/928 2101/3063/929 2102/3064/930
f 2102/3064/930 2101/3063/929 2103/3065/931
f 2102/3064/930 2103/3065/931 2104/3066/932
f 2104/3066/932 2103/3065/931 2105/3067/933
f 2104/3066/932 2105/3067/933 2106/3068/934
f 2106/3068/934 2105/3067/933 2107/3069/935
f 2106/3068/934 2107/3069/935 2108/3070/936
f 2108/3070/936 2107/3069/935 2109/3071/937
f 2108/3070/936 2109/3071/937 2110/3072/938
f 2110/3072/938 2109/3071/937 2111/3073/939
f 2110/3072/938 2111/3073/939 2112/3074/940
f 2112/3074/940 2111/3073/939 2113/3075/941
f 2112/3074/940 2113/3075/941 2114/3076/942
f 2114/3076/942 2113/3075/941 2115/3077/943
f 2114/3076/942 2115/3077/943 2116/3078/944
f 2116/3078/944 2115/3077/943 2117/3079/945
f 2116/3078/944 2117/3079/945 2118/3080/946
f 2118/3080/946 2117/3079/945 2119/3081/947
f 2118/3080/946 2119/3081/947 2120/3082/948
f 2120/3082/948 2119/3081/947 2121/3083/949
f 2120/3082/948 2121/3083/949 2122/3084/950
f 2122/3084/950 2121/3083/949 2123/3085/951
f 2122/3084/950 2123/3085/951 2124/3086/952
f 2124/3086/952 2123/3085/951 2125/3087/953
f 2124/3086/952 2125/3087/953 2126/3088/954
f 2126/3088/954 2125/3087/953 2127/3089/955
f 2126/3088/954 2127/3089/955 2128/3090/956
f 2128/3090/956 2127/3089/955 2129/3091/957
f 2128/3090/956 2129/3091/957 2130/3092/958
f 2130/3092/958 2129/3091/957 2131/3093/959
f 2130/3092/958 2131/3093/959 2132/3094/960
f 2132/3094/960 2131/3093/959 2133/3095/961
f 2132/3094/960 2133/3095/961 2071/3096/899
f 2071/3096/899 2133/3095/961 2134/3097/962
f 2071/3096/899 2134/3097/962 2072/3098/900
f 2077/3039/905 2076/3038/904 2135/3099/963
f 2077/3039/905 2135/3099/963 2134/3097/962
f 2077/3039/905 2134/3097/962 2133/3095/961
f 2077/3039/905 2133/3095/961 2131/3093/959
f 2077/3039/905 2131/3093/959 2129/3091/957
f 2077/3039/905 2129/3091/957 2127/3089/955
f 2077/3039/905 2127/3089/955 2125/3087/953
f 2077/3039/905 2125/3087/953 2123/3085/951
f 2077/3039/905 2123/3085/951 2121/3083/949
f 2077/3039/905 2121/3083/949 2119/3081/947
f 2077/3039/905 2119/3081/947 2117/3079/945
f 2077/3039/905 2117/3079/945 2115/3077/943
f 2077/3039/905 2115/3077/943 2113/3075/941
f 2077/3039/905 2113/3075/941 2111/3073/939
f 2077/3039/905 2111/3073/939 2109/3071/937
f 2077/3039/905 2109/3071/937 2107/3069/935
f 2077/3039/905 2107/3069/935 2105/3067/933
f 2077/3039/905 2105/3067/933 2103/3065/931
f 2077/3039/905 2103/3065/931 2101/3063/929
f 2077/3039/905 2101/3063/929 2099/3061/927
f 2077/3039/905 2099/3061/927 2097/3059/925
f 2077/3039/905 2097/3059/925 2095/3057/923
f 2077/3039/905 2095/3057/923 2093/3055/921
f 2077/3039/905 2093/3055/921 2091/3053/919
f 2077/3039/905 2091/3053/919 2089/3051/917
f 2077/3039/905 2089/3051/917 2087/3049/915
f 2077/3039/905 2087/3049/915 2085/3047/913
f 2077/3039/905 2085/3047/913 2083/3045/911
f 2077/3039/905 2083/3045/911 2081/3043/909
f 2077/3039/905 2081/3043/909 2079/3041/907
f 2072/3098/900 2134/3097/962 2135/3099/963
f 2072/3098/900 2135/3099/963 2074/3100/902
f 2074/3100/902 2135/3099/963 2076/3038/904
f 2074/3100/902 2076/3038/904 2075/3037/903
f 2136/3101/964 2132/3102/960 2071/3035/899
f 2136/3101/964 2071/3035/899 2070/3034/898
f 2137/3103/965 2130/3104/958 2132/3102/960
f 2137/3103/965 2132/3102/960 2136/3101/964
f 2138/3105/966 2128/3106/956 2130/3104/958
f 2138/3105/966 2130/3104/958 2137/3103/965
f 2139/2923/967 2126/2922/954 2128/3106/956
f 2139/2923/967 2128/3106/956 2138/3105/966
o confirm
v -1.903532 0.018795 2.353472
v -2.055670 0.018795 2.353472
v -2.055670 0.018795 2.505610
v -1.903532 0.018795 2.505610
v -1.903532 -0.007563 2.505610
v -1.903532 -0.007563 2.353472
v -2.055670 -0.007563 2.353472
v -2.055670 -0.007563 2.505610
vn 0.0850 0.9818 -0.1700
vn -0.3231 0.9325 -0.1615
vn -0.0850 0.9818 0.1701
vn 0.3231 0.9325 0.1615
vn 0.4473 -0.0000 0.8944
vn 0.8944 -0.0000 -0.4473
vn -0.4473 -0.0000 -0.8944
vn -0.8944 -0.0000 0.4473
vt 0.473310 0.197796
vt 0.508035 0.197796
vt 0.508035 0.232521
vt 0.473310 0.232521
vt 0.467294 0.232521
vt 0.467294 0.197796
vt 0.473310 0.191780
vt 0.508035 0.191780
vt 0.514051 0.197796
vt 0.514051 0.232521
vt 0.508035 0.238537
vt 0.473310 0.238537
s 1
g confirm_Material.026
usemtl Material.026
f 2140/3107/968 2141/3108/969 2142/3109/970
f 2140/3107/968 2142/3109/970 2143/3110/971
f 2143/3110/971 2144/3111/972 2145/3112/973
f 2143/3110/971 2145/3112/973 2140/3107/968
f 2140/3107/968 2145/3113/973 2146/3114/974
f 2140/3107/968 2146/3114/974 2141/3108/969
f 2141/3108/969 2146/3115/974 2147/3116/975
f 2141/3108/969 2147/3116/975 2142/3109/970
f 2142/3109/970 2147/3117/975 2144/3118/972
f 2142/3109/970 2144/3118/972 2143/3110/971
o down
v 1.994226 -0.007563 1.777439
v 1.867295 -0.007563 1.650508
v 1.994226 -0.007563 1.650508
v 1.867295 0.018795 1.650508
v 1.867295 -0.007563 1.777439
v 1.867295 0.018795 1.777439
v 1.994226 0.018795 1.650508
v 1.994226 0.018795 1.777439
vn 0.2022 0.9741 0.1011
vn 0.1883 0.9070 -0.3766
vn -0.2022 0.9741 -0.1011
vn -0.1883 0.9070 0.3766
vn -0.8944 -0.0000 0.4472
vn 0.4472 0.0001 0.8944
vn 0.8944 -0.0000 -0.4472
vn -0.4472 -0.0000 -0.8944
vt 0.897072 0.480304
vt 0.926043 0.480304
vt 0.926043 0.509275
vt 0.897072 0.509275
vt 0.891055 0.509275
vt 0.891055 0.480304
vt 0.897072 0.474287
vt 0.926043 0.474287
vt 0.932059 0.480304
vt 0.932059 0.509275
vt 0.926043 0.515291
vt 0.897072 0.515291
s 1
g down_Material.028
usemtl Material.028
f 2155/3119/976 2154/3120/977 2151/3121/978
f 2155/3119/976 2151/3121/978 2153/3122/979
f 2153/3122/979 2152/3123/980 2148/3124/981
f 2153/3122/979 2148/3124/981 2155/3119/976
f 2155/3119/976 2148/3125/981 2150/3126/982
f 2155/3119/976 2150/3126/982 2154/3120/977
f 2154/3120/977 2150/3127/982 2149/3128/983
f 2154/3120/977 2149/3128/983 2151/3121/978
f 2151/3121/978 2149/3129/983 2152/3130/980
f 2151/3121/978 2152/3130/980 2153/3122/979
o screen
v -0.219050 0.020400 1.938708
v -0.219050 0.020400 3.323356
v 1.649251 0.020400 3.323356
v 1.649251 0.020400 1.938708
v 1.699282 0.040906 1.888677
v 1.699282 0.014548 1.888677
v -0.269081 0.014548 1.888677
v -0.269081 0.040906 1.888677
v -0.269081 0.040906 3.373387
v -0.269081 0.014548 3.373387
v 1.699282 0.014548 3.373387
v 1.699282 0.040906 3.373387
vn 0.0054 1.0000 0.0072
vn 0.0202 0.9994 -0.0269
vn -0.0109 0.9999 -0.0071
vn -0.0100 0.9996 0.0276
vn -0.0785 0.9644 -0.2526
vn 0.8335 -0.0000 -0.5525
vn -0.6022 -0.0000 -0.7983
vn 0.0584 0.9951 0.0795
vn -0.2515 0.9086 0.3334
vn -0.6022 -0.0000 0.7983
vn 0.3529 -0.0000 0.9357
vn 0.1759 0.9795 -0.0986
vt 0.381810 0.724281
vt 0.381810 0.988152
vt 0.025771 0.988152
vt 0.025771 0.724282
vt 0.254096 0.211384
vt 0.252521 0.211380
vt 0.252520 0.121136
vt 0.254095 0.121139
vt 0.322388 0.121303
vt 0.323963 0.121306
vt 0.323963 0.211550
vt 0.322388 0.211547
vt 0.322385 0.212760
vt 0.254093 0.212596
vt 0.256593 0.208907
vt 0.256575 0.123645
vt 0.319891 0.123779
vt 0.319908 0.209041
vt 0.254098 0.119927
vt 0.322390 0.120090
s 1
g screen_Material.029
usemtl Material.029
f 2156/3131/984 2157/3132/985 2158/3133/986
f 2156/3131/984 2158/3133/986 2159/3134/987
f 2160/3135/988 2161/3136/989 2162/3137/990
f 2160/3135/988 2162/3137/990 2163/3138/991
f 2164/3139/992 2165/3140/993 2166/3141/994
f 2164/3139/992 2166/3141/994 2167/3142/995
f 2167/3142/995 2166/3143/994 2161/3144/989
f 2167/3142/995 2161/3144/989 2160/3135/988
f 2159/3145/987 2160/3135/988 2163/3138/991
f 2159/3145/987 2163/3138/991 2156/3146/984
f 2157/3147/985 2164/3139/992 2167/3142/995
f 2157/3147/985 2167/3142/995 2158/3148/986
f 2162/3149/990 2165/3150/993 2164/3139/992
f 2162/3149/990 2164/3139/992 2163/3138/991
f 2163/3138/991 2164/3139/992 2157/3147/985
f 2163/3138/991 2157/3147/985 2156/3146/984
f 2158/3148/986 2167/3142/995 2160/3135/988
f 2158/3148/986 2160/3135/988 2159/3145/987
o stop_alarm
v -0.708646 0.018795 2.030743
v -0.860784 0.018795 2.030743
v -0.860784 0.018795 2.182881
v -0.708646 0.018795 2.182881
v -0.708646 -0.007563 2.182881
v -0.708646 -0.007563 2.030743
v -0.860784 -0.007563 2.030743
v -0.860784 -0.007563 2.182881
vn 0.0850 0.9818 -0.1700
vn -0.3231 0.9325 -0.1615
vn -0.0850 0.9818 0.1701
vn 0.3231 0.9325 0.1615
vn 0.4473 -0.0000 0.8944
vn 0.8944 -0.0000 -0.4473
vn -0.4473 -0.0000 -0.8944
vn -0.8944 -0.0000 0.4473
vt 0.664681 0.149953
vt 0.699406 0.149953
vt 0.699406 0.184678
vt 0.664681 0.184678
vt 0.658665 0.184678
vt 0.658665 0.149953
vt 0.664681 0.143937
vt 0.699406 0.143937
vt 0.705422 0.149953
vt 0.705422 0.184678
vt 0.699406 0.190695
vt 0.664681 0.190695
s 1
g stop_alarm_Material.030
usemtl Material.030
f 2168/3151/996 2169/3152/997 2170/3153/998
f 2168/3151/996 2170/3153/998 2171/3154/999
f 2171/3154/999 2172/3155/1000 2173/3156/1001
f 2171/3154/999 2173/3156/1001 2168/3151/996
f 2168/3151/996 2173/3157/1001 2174/3158/1002
f 2168/3151/996 2174/3158/1002 2169/3152/997
f 2169/3152/997 2174/3159/1002 2175/3160/1003
f 2169/3152/997 2175/3160/1003 2170/3153/998
f 2170/3153/998 2175/3161/1003 2172/3162/1000
f 2170/3153/998 2172/3162/1000 2171/3154/999
o timer
v 0.932129 0.018795 1.066261
v 0.769400 0.018795 1.066261
v 0.769400 0.018795 1.208437
v 0.932129 0.018795 1.208437
v 0.932129 -0.007563 1.208437
v 0.932129 -0.007563 1.066261
v 0.769400 -0.007563 1.066261
v 0.769400 -0.007563 1.208437
vn 0.0793 0.9802 -0.1817
vn -0.3034 0.9369 -0.1737
vn -0.0737 0.9794 0.1881
vn 0.3034 0.9369 0.1737
vn 0.4003 -0.0000 0.9164
vn 0.8679 -0.0000 -0.4967
vn -0.4003 -0.0001 -0.9164
vn -0.8679 0.0001 0.4967
vt 0.420485 0.058842
vt 0.457627 0.058842
vt 0.457627 0.091293
vt 0.420485 0.091293
vt 0.414469 0.091293
vt 0.414469 0.058842
vt 0.420485 0.052825
vt 0.457627 0.052825
vt 0.463643 0.058842
vt 0.463643 0.091293
vt 0.457627 0.097309
vt 0.420485 0.097309
s 1
g timer_Material.031
usemtl Material.031
f 2176/3163/1004 2177/3164/1005 2178/3165/1006
f 2176/3163/1004 2178/3165/1006 2179/3166/1007
f 2179/3166/1007 2180/3167/1008 2181/3168/1009
f 2179/3166/1007 2181/3168/1009 2176/3163/1004
f 2176/3163/1004 2181/3169/1009 2182/3170/1010
f 2176/3163/1004 2182/3170/1010 2177/3164/1005
f 2177/3164/1005 2182/3171/1010 2183/3172/1011
f 2177/3164/1005 2183/3172/1011 2178/3165/1006
f 2178/3165/1006 2183/3173/1011 2180/3174/1008
f 2178/3165/1006 2180/3174/1008 2179/3166/1007
o undo
v -1.526770 0.018795 2.353472
v -1.678908 0.018795 2.353472
v -1.678908 0.018795 2.505610
v -1.526770 0.018795 2.505610
v -1.526770 -0.007563 2.505610
v -1.526770 -0.007563 2.353472
v -1.678908 -0.007563 2.353472
v -1.678908 -0.007563 2.505610
vn 0.0850 0.9818 -0.1700
vn -0.3231 0.9325 -0.1615
vn -0.0850 0.9818 0.1701
vn 0.3231 0.9325 0.1615
vn 0.4473 0.0002 0.8944
vn 0.8944 -0.0000 -0.4473
vn -0.4473 -0.0000 -0.8944
vn -0.8944 -0.0000 0.4473
vt 0.422830 0.345969
vt 0.457555 0.345969
vt 0.457555 0.380694
vt 0.422830 0.380694
vt 0.416814 0.380694
vt 0.416814 0.345969
vt 0.422830 0.339953
vt 0.457555 0.339953
vt 0.463572 0.345969
vt 0.463572 0.380694
vt 0.457555 0.386710
vt 0.422830 0.386710
s 1
g undo_Material.032
usemtl Material.032
f 2184/3175/1012 2185/3176/1013 2186/3177/1014
f 2184/3175/1012 2186/3177/1014 2187/3178/1015
f 2187/3178/1015 2188/3179/1016 2189/3180/1017
f 2187/3178/1015 2189/3180/1017 2184/3175/1012
f 2184/3175/1012 2189/3181/1017 2190/3182/1018
f 2184/3175/1012 2190/3182/1018 2185/3176/1013
f 2185/3176/1013 2190/3183/1018 2191/3184/1019
f 2185/3176/1013 2191/3184/1019 2186/3177/1014
f 2186/3177/1014 2191/3185/1019 2188/3186/1016
f 2186/3177/1014 2188/3186/1016 2187/3178/1015
o up
v 1.865363 -0.007563 1.809698
v 1.992294 -0.007563 1.936629
v 1.865363 0.018795 1.936629
v 1.992294 0.018795 1.809698
v 1.865363 0.018795 1.809698
v 1.865363 -0.007563 1.936629
v 1.992294 -0.007563 1.809698
v 1.992294 0.018795 1.936629
vn -0.1011 0.9741 0.2023
vn 0.4472 0.0001 0.8944
vn 0.3766 0.9070 0.1884
vn -0.8944 -0.0000 0.4472
vn -0.3767 0.9070 -0.1883
vn -0.4472 -0.0000 -0.8944
vn 0.1011 0.9741 -0.2023
vn 0.8944 -0.0002 -0.4472
vt 0.502282 0.511549
vt 0.473310 0.517565
vt 0.473310 0.511549
vt 0.502282 0.517565
vt 0.502282 0.482578
vt 0.508298 0.511549
vt 0.508298 0.482578
vt 0.473310 0.482578
vt 0.502282 0.476562
vt 0.473310 0.476562
vt 0.467294 0.482578
vt 0.467294 0.511549
s 1
g up_Material.033
usemtl Material.033
f 2194/3187/1020 2193/3188/1021 2199/3189/1022
f 2194/3187/1020 2197/3190/1023 2193/3188/1021
f 2196/3191/1024 2197/3192/1023 2194/3187/1020
f 2196/3191/1024 2192/3193/1025 2197/3192/1023
f 2195/3194/1026 2192/3195/1025 2196/3191/1024
f 2195/3194/1026 2198/3196/1027 2192/3195/1025
f 2199/3189/1022 2198/3197/1027 2195/3194/1026
f 2199/3189/1022 2193/3198/1021 2198/3197/1027
f 2195/3194/1026 2194/3187/1020 2199/3189/1022
f 2195/3194/1026 2196/3191/1024 2194/3187/1020
