mtllib base.mtl
v -1.925891876 -0.03333799914 0.1105787233
vn 8.742177471e-08 0.004785521887 -0.9999885559
v -1.925891876 -0.3363089859 0.1105787233
vn 8.681467278e-08 -0.1177429333 -0.993044138
v -2.271220922 -0.3363089859 0.1105787009
vn -0.003200307721 -0.1235192865 -0.9923369884
v -2.271220922 -0.03333799914 0.1105787009
vn -0.003236348508 0.00738792168 -0.9999674559
v -2.271221161 -0.03333799914 3.693230629
vn -0.0002584347385 0.001906359452 0.9999981523
v -2.271221161 -0.3363089859 3.693230629
vn -3.414802995e-05 -0.9910113811 0.1337774396
v 2.271220922 -0.3363089859 3.693231106
vn 6.65208936e-05 -0.9653984904 0.260779202
v 2.271220922 -0.03333799914 3.693231106
vn 0.0002559980494 0.007363212761 0.9999728799
v 2.271220922 1.111814862e-09 3.63270998
vn 0.00202090852 0.9999957681 0.002105883555
v 2.286501646 -0.000640998187 3.63270998
vn 0.09881374985 0.9951058626 0.000328720198
v 2.286501884 -0.000640998187 1.450028062
vn 0.06972424686 0.9925919771 -0.09949748963
v 2.271220922 1.111814751e-09 1.450028062
vn 0.000737652008 0.5891252756 -0.8080413938
v 2.349550009 -0.3363089859 1.004327059
vn 0.06434066594 -0.9979279637 5.624840149e-09
v 2.349550009 -0.3363089859 1.442176104
vn 0.05294460803 -0.8211752772 0.5682148337
v -2.349550009 -0.3363089859 1.442175746
vn -0.05294470489 -0.8211752176 0.5682148337
v -2.34954977 -0.3363089859 1.004326701
vn -0.06434066594 -0.9979279637 -5.624839705e-09
v 2.349550009 -0.3363089859 1.450028062
vn 0.06193523854 -0.9870603085 -0.1479053944
v 2.34954977 -0.3363089859 3.63270998
vn 0.9999875426 -0.004940350074 0.0006858413108
v 2.348044872 -0.3363089859 3.644517183
vn 0.6246882081 -0.7693968415 0.1333910227
v 2.343587875 -0.3363089859 3.655870914
vn 0.3589517176 -0.9168424606 0.1747958064
v 2.33634901 -0.3363089859 3.666333914
vn 0.2328297347 -0.9542990327 0.1873597652
v 2.326607943 -0.3363089859 3.675505161
vn 0.1590500623 -0.9682680964 0.1927693337
v 2.314737797 -0.3363089859 3.683031082
vn 0.1083085537 -0.974686563 0.1955898404
v 2.301196098 -0.3363089859 3.688623905
vn 0.06905369461 -0.9779299498 0.1971918195
v 2.286501646 -0.3363089859 3.692067862
vn 0.03570588306 -0.9795293808 0.1981091648
v -2.286502123 -0.3363089859 3.692067623
vn -0.01950263232 -0.9880388975 0.1529667377
v -2.301196337 -0.3363089859 3.688623667
vn -0.03563759476 -0.991818428 0.1225813255
v -2.314738035 -0.3363089859 3.683030605
vn -0.04777691513 -0.9938939214 0.09945952892
v -2.326608181 -0.3363089859 3.675504684
vn -0.05788085237 -0.9951127172 0.08000303805
v -2.336349249 -0.3363089859 3.666333675
vn -0.06703776121 -0.9958105087 0.06218818203
v -2.343588114 -0.3363089859 3.655870676
vn -0.07599555701 -0.9961111546 0.04457828403
v -2.348045349 -0.3363089859 3.644516468
vn -0.08545253426 -0.9960082769 0.02579506859
v -2.349550247 -0.3363089859 3.632709742
vn -0.1278495789 -0.9917935729 8.766326937e-05
v -2.349550009 -0.3363089859 1.450027704
vn -0.06373213232 -0.9884896874 -0.1372090578
v 2.349550247 -0.03333799914 0.1711001396
vn 0.9999529123 0.009536376223 -0.001787120942
v 2.348045349 -0.03333799914 0.1592930257
vn 0.9775198698 0.005449332297 -0.2107728869
v 2.34627533 -0.02655100077 0.158931151
vn 0.8713282943 0.4299931526 -0.2364167273
v 2.348045349 -0.02683400176 0.1711001396
vn 0.8768698573 0.4807245731 -0.001767766313
v 2.341510296 -0.0202459991 0.1589121073
vn 0.6942441463 0.6933413744 -0.1931394339
v 2.343588114 -0.02057999931 0.1711001396
vn 0.6845043302 0.7290074229 -0.001434348989
v 2.334408045 -0.01479399856 0.1590190977
vn 0.5295953155 0.8338538408 -0.1556167454
v 2.336349249 -0.01481599919 0.1711001396
vn 0.5105954409 0.8598203659 -0.001134010265
v 2.325538158 -0.01024800073 0.1590790302
vn 0.3894221485 0.9144285321 -0.1103216857
v 2.326608181 -0.009763999842 0.1711001396
vn 0.3704338968 0.9288585782 -0.0006696947967
v 2.343588114 -0.03333799914 0.147939086
vn 0.8982667327 0.005123363342 -0.4394207597
v 2.341489315 -0.02654900029 0.1473671496
vn 0.8010531068 0.4059405625 -0.4399161637
v 2.336735249 -0.02040100098 0.1476710439
vn 0.6510057449 0.6652739048 -0.3655162752
v 2.330339909 -0.01540299784 0.1483791023
vn 0.5072086453 0.8081339002 -0.2994310856
v 2.32271409 -0.01142900158 0.1487860829
vn 0.3806040883 0.8932908773 -0.2391065061
v 2.336349249 -0.03333799914 0.1374761164
vn 0.7781373262 0.004568336532 -0.6280776262
v 2.334332228 -0.0266420003 0.1373770982
vn 0.7005519271 0.3741210699 -0.6076680422
v 2.330310106 -0.02080499753 0.1385310739
vn 0.584828794 0.628167212 -0.51320678
v 2.32536912 -0.01630399749 0.1401771456
vn 0.4760629833 0.7703422904 -0.4241895676
v 2.319301128 -0.01287399884 0.1410550773
vn 0.3672375083 0.8625518084 -0.3480532169
v 2.326608181 -0.03333799914 0.1283050478
vn 0.6360592842 0.002949777525 -0.7716345191
v 2.325471163 -0.02671599761 0.1291321516
vn 0.5830445886 0.2999239266 -0.7550527453
v 2.322698116 -0.0210459996 0.1313141733
vn 0.5011024475 0.5721347928 -0.6492750645
v 2.319301128 -0.01678799838 0.1339510679
vn 0.4211016893 0.7248376608 -0.5452373028
v 2.31644392 -0.01409000158 0.1361580193
vn 0.3493158221 0.8207146525 -0.4521127045
v 2.271221161 1.11181464e-09 0.1711001247
vn 0.002077202778 0.9999962449 -0.00178021763
v 2.286502123 -0.000640998187 0.1711001247
vn 0.07052518427 0.9975095987 -0.0008665621281
v 2.286970139 -0.001394002116 0.15877904
vn 0.08828600496 0.9894952178 -0.1144763008
v 2.271221161 -0.000640998187 0.1592930108
vn 0.001958243316 0.9918249846 -0.1275907159
v 2.286994219 -0.003421998117 0.1473331004
vn 0.08870846033 0.9698278904 -0.2270785123
v 2.271221161 -0.002538000466 0.1479390711
vn 0.001993329963 0.9702062011 -0.2422725707
v 2.286857128 -0.006444998551 0.1374350637
vn 0.09027910233 0.9342929125 -0.3448860645
v 2.271221161 -0.005617999006 0.1374761015
vn 0.002028130926 0.9301386476 -0.367202878
v 2.286778927 -0.01022000145 0.1291840822
vn 0.0813395977 0.8731132746 -0.4806839824
v 2.271221161 -0.009763999842 0.1283050328
vn 0.001543264952 0.8623306751 -0.5063431859
v 2.301196337 -0.002538000466 0.1711001247
vn 0.1585733294 0.987346828 -0.0008775638998
v 2.301937342 -0.003431000514 0.1587761045
vn 0.1765223444 0.9774253964 -0.1161010489
v 2.301544189 -0.005453998689 0.1476150155
vn 0.1767331362 0.9571727514 -0.2293158472
v 2.300627232 -0.008176000789 0.1385409981
vn 0.1789298356 0.921662569 -0.3442705274
v 2.300101042 -0.01142199989 0.1313260645
vn 0.1780902594 0.8621099591 -0.4743946791
v 2.314738035 -0.005617999006 0.1711001396
vn 0.2562531233 0.9666092992 -0.0008845865377
v 2.314866304 -0.006476998795 0.1589441746
vn 0.2723095119 0.9547520876 -0.1195657328
v 2.313371897 -0.008188998327 0.1483471841
vn 0.2694918513 0.9338511825 -0.2351511866
v 2.311242104 -0.01029200107 0.1401771456
vn 0.2642170489 0.9017536044 -0.3420961499
v 2.310106277 -0.01287399884 0.1339510679
vn 0.2633782923 0.8450605869 -0.465300411
v 2.271221161 -0.03333799914 0.1105790883
vn 0.003209525021 0.001990998164 -0.9999928474
v 2.271221161 -0.02683400176 0.1117421538
vn 0.003472345183 0.2920426726 -0.9563989639
v 2.287167311 -0.02663500048 0.1131091267
vn 0.1499682665 0.3516694009 -0.9240336418
v 2.286502123 -0.03333799914 0.1117421538
vn 0.1774737537 0.004182753153 -0.9841166735
v 2.301980972 -0.02662499994 0.1167910248
vn 0.2925572991 0.3476276398 -0.8908227682
v 2.301196337 -0.03333799914 0.1151861176
vn 0.3305709362 0.004169795662 -0.9437719584
v 2.314790964 -0.02668300085 0.1222781092
vn 0.4317957461 0.3436583877 -0.8339372277
v 2.314738035 -0.03333799914 0.1207790747
vn 0.4844298661 0.004097078461 -0.8748205304
v 2.271221161 -0.02057999931 0.1151861176
vn 0.003061332274 0.5675013661 -0.8233667612
v 2.287171125 -0.02026499994 0.116807133
vn 0.1308811456 0.6050058603 -0.785390377
v 2.301616192 -0.02043199912 0.1204810441
vn 0.2552676797 0.5981991291 -0.7596026659
v 2.313359976 -0.02082199976 0.1254221052
vn 0.3741890192 0.5914793611 -0.7142371535
v 2.271221161 -0.01481599919 0.1207790598
vn 0.002533466555 0.7504357696 -0.660938561
v 2.286953211 -0.01476199832 0.1223370507
vn 0.1108304113 0.7677764297 -0.6310594082
v 2.300669193 -0.01539800037 0.125445053
vn 0.2173912674 0.7575624585 -0.6154999137
v 2.311242104 -0.01630399749 0.1292621046
vn 0.3154888153 0.7409189343 -0.592879355
v -2.286501646 -0.03333799914 0.1117417663
vn -0.1276876032 0.004269754514 -0.9918052554
v -2.286969662 -0.02655100077 0.1131087393
vn -0.1496418267 0.3522811532 -0.9238535166
v -2.271220922 -0.02683400176 0.1117417663
vn -0.003355805296 0.3903273046 -0.9206700325
v -2.286993742 -0.0202459991 0.1167906374
vn -0.1303670555 0.6056951284 -0.7849444747
v -2.271220922 -0.02057999931 0.1151857302
vn -0.002927060472 0.6355194449 -0.7720793486
v -2.286856651 -0.01479399856 0.1222777069
vn -0.1107072607 0.7677577138 -0.631103754
v -2.271220922 -0.01481599919 0.1207786724
vn -0.002450718079 0.7928503752 -0.6094114184
v -2.286778688 -0.01024800073 0.1291317493
vn -0.08136817813 0.8728747964 -0.4811120629
v -2.271220922 -0.009763999842 0.1283046454
vn -0.001516081276 0.8883618116 -0.4591416121
v -2.301196098 -0.03333799914 0.1151857302
vn -0.2803387642 0.004227530677 -0.9598917961
v -2.301936865 -0.02654900029 0.1168067455
vn -0.2919918597 0.3486934006 -0.8905917406
v -2.301543951 -0.02040100098 0.1204806641
vn -0.2544084489 0.5993211269 -0.7590062618
v -2.300626755 -0.01540299784 0.1254217029
vn -0.2169280797 0.7576919198 -0.6155039668
v -2.300100803 -0.01142900158 0.131313771
vn -0.1782089472 0.8616532683 -0.4751791656
v -2.314737797 -0.03333799914 0.1207786575
vn -0.4340646565 0.004085827153 -0.9008724689
v -2.314866066 -0.0266420003 0.1223366484
vn -0.4317646325 0.3440230489 -0.8338029981
v -2.313371658 -0.02080499753 0.1254446507
vn -0.3738818765 0.5923171043 -0.7137035728
v -2.311241865 -0.01630399749 0.1292616874
vn -0.3153074384 0.741081357 -0.5927728415
v -2.310105801 -0.01287399884 0.1339506507
vn -0.263420552 0.8448873758 -0.4655909836
v -2.326607943 -0.03333799914 0.1283046305
vn -0.58652246 0.002902399516 -0.8099277616
v -2.325537682 -0.02671599761 0.1291836798
vn -0.5834538937 0.2999515533 -0.7547255754
v -2.322713852 -0.0210459996 0.1313256621
vn -0.5017274022 0.5722412467 -0.6486983895
v -2.319300652 -0.01678799838 0.1339506507
vn -0.4212808907 0.7248737216 -0.5450509191
v -2.316443682 -0.01409000158 0.1361576021
vn -0.3493157327 0.8207146525 -0.4521127641
v -2.271220922 1.11181464e-09 0.1710997373
vn -0.005099828821 0.9999863505 -0.001140925917
v -2.271220922 -0.000640998187 0.1592926234
vn -0.002024936257 0.9957286119 -0.09230595082
v -2.287166834 -0.001394002116 0.1589307487
vn -0.08844960481 0.9895048738 -0.1142661124
v -2.286501646 -0.000640998187 0.1710997373
vn -0.09883689135 0.9951032996 -0.0008533965447
v -2.301980734 -0.003421998117 0.158911705
vn -0.1768298149 0.9774169326 -0.1157035828
v -2.301196098 -0.002538000466 0.1710997373
vn -0.1893912405 0.981901288 -0.0008756554453
v -2.314790726 -0.006444998551 0.1590186805
vn -0.2723141313 0.9547716975 -0.119398579
v -2.314737797 -0.005617999006 0.1710997224
vn -0.2917551696 0.9564926028 -0.0009047741769
v -2.325470924 -0.01022000145 0.1590786129
vn -0.3890322149 0.9145998955 -0.110276632
v -2.326607943 -0.009763999842 0.1710997224
vn -0.4135657549 0.9104740024 -0.0007010273985
v -2.271220922 -0.002538000466 0.1479386836
vn -0.002039120765 0.9788211584 -0.2047070861
v -2.287170649 -0.003431000514 0.1473667473
vn -0.08901630342 0.9698888063 -0.2266975343
v -2.301615953 -0.005453998689 0.1476706415
vn -0.1771913618 0.957223773 -0.2287485152
v -2.313359737 -0.008176000789 0.1483786851
vn -0.2695536613 0.9339554906 -0.2346655577
v -2.322697878 -0.01142199989 0.1487856507
vn -0.3799287081 0.893630147 -0.2389127761
v -2.271220922 -0.005617999006 0.1374757141
vn -0.002030505566 0.9454576969 -0.3257386684
v -2.286952734 -0.006476998795 0.1373766959
vn -0.09040018171 0.9342797995 -0.344889909
v -2.300668955 -0.008188998327 0.1385306716
vn -0.1793083251 0.9216099381 -0.3442145586
v -2.311241865 -0.01029200107 0.1401767284
vn -0.2643293738 0.9017704725 -0.3419648409
v -2.319300652 -0.01287399884 0.1410546601
vn -0.3670068979 0.8626779914 -0.3479836881
v -2.34954977 -0.03333799914 0.1710997224
vn -0.9999952316 0.002497164533 -0.001802908373
v -2.348044872 -0.02683400176 0.1710997224
vn -0.9316006899 0.3634784222 -0.001902648248
v -2.346274853 -0.02663500048 0.1587786376
vn -0.8715339899 0.4292953312 -0.2369262725
v -2.348044872 -0.03333799914 0.1592926085
vn -0.9572736621 0.005268544424 -0.2891356051
v -2.341509819 -0.02662499994 0.1473326981
vn -0.8012275696 0.4046802223 -0.4407588243
v -2.343587875 -0.03333799914 0.1479386687
vn -0.8624916077 0.004934728611 -0.5060473084
v -2.334407806 -0.02668300085 0.1374346614
vn -0.7006949782 0.3737350404 -0.607740581
v -2.33634901 -0.03333799914 0.1374756992
vn -0.7331234217 0.004445171915 -0.6800810695
v -2.343587875 -0.02057999931 0.1710997224
vn -0.7482147217 0.6634548306 -0.001563160564
v -2.341488838 -0.02026499994 0.1587757021
vn -0.6947342753 0.6926286221 -0.193932727
v -2.336734772 -0.02043199912 0.1476146132
vn -0.6515376568 0.6640754938 -0.3667457104
v -2.33033967 -0.02082199976 0.1385405958
vn -0.585315764 0.6273361444 -0.5136680007
v -2.33634901 -0.01481599919 0.1710997224
vn -0.5641133785 0.8256964684 -0.001212980715
v -2.334331751 -0.01476199832 0.1589437574
vn -0.529553771 0.8338458538 -0.1558009684
v -2.330309868 -0.01539800037 0.1483467519
vn -0.5071669817 0.8079310656 -0.3000484109
v -2.325368643 -0.01630399749 0.1401767284
vn -0.4761441648 0.7701582313 -0.4244326055
v 2.34954977 -0.03333799914 3.63270998
vn 0.9999967217 0.002472582739 0.0006943705375
v 2.348044872 -0.02683400176 3.63270998
vn 0.9320906401 0.3622244596 0.0007333189715
v 2.346274853 -0.02663500048 3.645030975
vn 0.8715342879 0.4292944074 0.2369267792
v 2.348044872 -0.03333799914 3.644517183
vn 0.9572739005 0.005268464331 0.289134711
v 2.341509819 -0.02662499994 3.656477213
vn 0.8012283444 0.4046791792 0.4407583773
v 2.343587875 -0.03333799914 3.655870914
vn 0.8624923825 0.004934736062 0.5060459375
v 2.334407806 -0.02668300085 3.66637516
vn 0.7006949782 0.3737350404 0.607740581
v 2.33634901 -0.03333799914 3.666333914
vn 0.7331234217 0.004445171915 0.6800810695
v 2.325537682 -0.02671599761 3.674626112
vn 0.5834538937 0.2999515533 0.7547255754
v 2.326607943 -0.03333799914 3.675505161
vn 0.58652246 0.002902399516 0.8099277616
v 2.343587875 -0.02057999931 3.63270998
vn 0.7488281727 0.6627638936 0.00060244411
v 2.341488838 -0.02026499994 3.645034075
vn 0.6947342753 0.6926286221 0.193932727
v 2.336734772 -0.02043199912 3.656195164
vn 0.6515376568 0.6640754938 0.3667457104
v 2.33033967 -0.02082199976 3.665269136
vn 0.585315764 0.6273361444 0.5136680007
v 2.322713852 -0.0210459996 3.672484159
vn 0.5017274022 0.5722412467 0.6486983895
v 2.33634901 -0.01481599919 3.63270998
vn 0.5645914674 0.8253703713 0.000467309932
v 2.334331751 -0.01476199832 3.64486599
vn 0.529553771 0.8338458538 0.1558009684
v 2.330309868 -0.01539800037 3.65546298
vn 0.5071669817 0.8079310656 0.3000484109
v 2.325368643 -0.01630399749 3.663633108
vn 0.4761441648 0.7701582313 0.4244326055
v 2.319300652 -0.01678799838 3.669859171
vn 0.4212808907 0.7248737216 0.5450509191
v 2.326607943 -0.009763999842 3.63270998
vn 0.4136981368 0.9104140997 0.0002692570852
v 2.325470924 -0.01022000145 3.644731045
vn 0.3890322149 0.9145998955 0.110276632
v 2.322697878 -0.01142199989 3.655024052
vn 0.3799287081 0.893630147 0.2389127761
v 2.319300652 -0.01287399884 3.662755013
vn 0.3670068979 0.8626779914 0.3479836881
v 2.316443682 -0.01409000158 3.66765213
vn 0.3493157327 0.8207146525 0.4521127641
v 2.286501646 -0.03333799914 3.692067862
vn 0.1276876032 0.004269754514 0.9918052554
v 2.286969662 -0.02655100077 3.690701008
vn 0.1496418267 0.3522811532 0.9238535166
v 2.271220922 -0.02683400176 3.692067862
vn 0.0002658353769 0.3899737597 0.9208259583
v 2.286993742 -0.0202459991 3.68701911
vn 0.1303670555 0.6056951284 0.7849444747
v 2.271220922 -0.02057999931 3.688623905
vn 0.0002316721075 0.635360837 0.7722153664
v 2.286856651 -0.01479399856 3.681532145
vn 0.1107072607 0.7677577138 0.631103754
v 2.271220922 -0.01481599919 3.683031082
vn 0.0001937679481 0.7928590178 0.6094051003
v 2.286778688 -0.01024800073 3.674678087
vn 0.08136817813 0.8728747964 0.4811120629
v 2.271220922 -0.009763999842 3.675505161
vn 0.0001183539352 0.8886933923 0.4585019648
v 2.301196098 -0.03333799914 3.688623905
vn 0.2803387642 0.004227530677 0.9598917961
v 2.301936865 -0.02654900029 3.687003136
vn 0.2919918597 0.3486934006 0.8905917406
v 2.301543951 -0.02040100098 3.683329105
vn 0.2544084489 0.5993211269 0.7590062618
v 2.300626755 -0.01540299784 3.678388119
vn 0.2169280797 0.7576919198 0.6155039668
v 2.300100803 -0.01142900158 3.672495842
vn 0.1782089472 0.8616532683 0.4751791656
v 2.314737797 -0.03333799914 3.683031082
vn 0.4340646565 0.004085827153 0.9008724689
v 2.314866066 -0.0266420003 3.681473017
vn 0.4317646325 0.3440230489 0.8338029981
v 2.313371658 -0.02080499753 3.678365231
vn 0.3738818765 0.5923171043 0.7137035728
v 2.311241865 -0.01630399749 3.674548149
vn 0.3153074384 0.741081357 0.5927728415
v 2.310105801 -0.01287399884 3.669859171
vn 0.263420552 0.8448873758 0.4655909836
v 2.271220922 -0.000640998187 3.644517183
vn 0.0001604572753 0.9958801866 0.09067839384
v 2.287166834 -0.001394002116 3.644878864
vn 0.08844976127 0.9895048738 0.1142661199
v 2.301980734 -0.003421998117 3.644897938
vn 0.1768298149 0.9774169326 0.1157035828
v 2.301196098 -0.002538000466 3.63270998
vn 0.1893739104 0.9819049835 0.0003372339997
v 2.314790726 -0.006444998551 3.644791126
vn 0.2723138332 0.9547717571 0.1193988025
v 2.314737797 -0.005617999006 3.63270998
vn 0.2917566299 0.9564925432 0.0003483848122
v 2.271220922 -0.002538000466 3.655870914
vn 0.0001613552886 0.9791665673 0.2030585408
v 2.287170649 -0.003431000514 3.656442881
vn 0.0890160054 0.9698889256 0.2266971171
v 2.301615953 -0.005453998689 3.656139135
vn 0.1771916598 0.9572238922 0.228747651
v 2.313359737 -0.008176000789 3.655431032
vn 0.2695532143 0.9339557886 0.2346649915
v 2.271220922 -0.005617999006 3.666333914
vn 0.0001604124845 0.9460228086 0.3241000473
v 2.286952734 -0.006476998795 3.666433096
vn 0.09040018171 0.9342797995 0.344889909
v 2.300668955 -0.008188998327 3.66527915
vn 0.1793083251 0.9216099381 0.3442145586
v 2.311241865 -0.01029200107 3.663633108
vn 0.2643293738 0.9017704725 0.3419648409
v -2.349550247 -0.03333799914 3.632709742
vn -0.9999543428 0.009529305622 0.0006881246809
v -2.348045349 -0.03333799914 3.644516468
vn -0.9775197506 0.005449285731 0.2107735574
v -2.34627533 -0.02655100077 3.644878626
vn -0.8713279963 0.4299937785 0.2364166677
v -2.348045349 -0.02683400176 3.632709742
vn -0.8769190311 0.48063761 0.0006809049519
v -2.341510296 -0.0202459991 3.644897699
vn -0.6942441463 0.6933413744 0.1931394339
v -2.343588114 -0.02057999931 3.632709742
vn -0.6845390797 0.7289759517 0.0005523714935
v -2.334408045 -0.01479399856 3.644790649
vn -0.5295957327 0.8338534832 0.1556171477
v -2.336349249 -0.01481599919 3.632709742
vn -0.5105937719 0.8598219752 0.0004366041976
v -2.325538158 -0.01024800073 3.644730806
vn -0.3894221485 0.9144285321 0.1103216857
v -2.326608181 -0.009763999842 3.632709742
vn -0.370310694 0.9289079309 0.0002571127261
v -2.343588114 -0.03333799914 3.655870676
vn -0.8982679844 0.005123355892 0.4394182563
v -2.341489315 -0.02654900029 3.656442642
vn -0.8010538816 0.4059395194 0.4399157166
v -2.336735249 -0.02040100098 3.656138897
vn -0.6510056257 0.6652748585 0.3655147552
v -2.330339909 -0.01540299784 3.655430794
vn -0.5072094202 0.8081335425 0.299430728
v -2.32271409 -0.01142900158 3.655023813
vn -0.3806040883 0.8932908773 0.2391065061
v -2.336349249 -0.03333799914 3.666333675
vn -0.7781373262 0.004568336532 0.6280776262
v -2.334332228 -0.0266420003 3.666432619
vn -0.7005519271 0.3741210699 0.6076680422
v -2.330310106 -0.02080499753 3.665278673
vn -0.584828794 0.628167212 0.51320678
v -2.32536912 -0.01630399749 3.663632631
vn -0.4760629833 0.7703422904 0.4241895676
v -2.319301128 -0.01287399884 3.662754774
vn -0.3672375083 0.8625518084 0.3480532169
v -2.326608181 -0.03333799914 3.675504684
vn -0.6360592842 0.002949777525 0.7716345191
v -2.325471163 -0.02671599761 3.67467761
vn -0.5830445886 0.2999239266 0.7550527453
v -2.322698116 -0.0210459996 3.672495604
vn -0.5011024475 0.5721347928 0.6492750645
v -2.319301128 -0.01678799838 3.669858694
vn -0.4211016893 0.7248376608 0.5452373028
v -2.31644392 -0.01409000158 3.667651892
vn -0.3493158221 0.8207146525 0.4521127045
v -2.271221161 1.111814862e-09 3.632709742
vn -0.001155416016 0.9999879599 0.004770607222
v -2.286502123 -0.000640998187 3.632709742
vn -0.07024654001 0.9975296259 0.0003337950911
v -2.286970139 -0.001394002116 3.645030737
vn -0.08828578144 0.9894952178 0.1144765019
v -2.271221161 -0.000640998187 3.644516468
vn -0.0001577766088 0.9918439388 0.1274581105
v -2.286994219 -0.003421998117 3.656476498
vn -0.08870816231 0.9698280096 0.2270780951
v -2.271221161 -0.002538000466 3.655870676
vn -0.0001604783756 0.9702324271 0.2421756834
v -2.286857128 -0.006444998551 3.666374683
vn -0.09027910233 0.9342929125 0.3448860645
v -2.271221161 -0.005617999006 3.666333675
vn -0.0001631446939 0.9301378131 0.367210567
v -2.286778927 -0.01022000145 3.674625635
vn -0.0813395977 0.8731132746 0.4806839824
v -2.271221161 -0.009763999842 3.675504684
vn -0.0001227380126 0.8619477153 0.5069971085
v -2.301196337 -0.002538000466 3.632709742
vn -0.1582858562 0.98739326 0.0003379219852
v -2.301937342 -0.003431000514 3.645033598
vn -0.1765223444 0.9774253964 0.1161010489
v -2.301544189 -0.005453998689 3.656194925
vn -0.1767331362 0.9571727514 0.2293158472
v -2.300627232 -0.008176000789 3.665268898
vn -0.1789298356 0.921662569 0.3442705274
v -2.300101042 -0.01142199989 3.672483683
vn -0.1780902594 0.8621099591 0.4743946791
v -2.314738035 -0.005617999006 3.632709742
vn -0.2559558451 0.9666883945 0.0003404970921
v -2.314866304 -0.006476998795 3.644865513
vn -0.2723095119 0.9547520876 0.1195657328
v -2.313371897 -0.008188998327 3.655462742
vn -0.2694918513 0.9338511825 0.2351511866
v -2.311242104 -0.01029200107 3.663632631
vn -0.2642170489 0.9017536044 0.3420961499
v -2.310106277 -0.01287399884 3.669858694
vn -0.2633782923 0.8450605869 0.465300411
v -2.271221161 -0.02683400176 3.692067623
vn -0.0002802688687 0.2873650789 0.9578210711
v -2.287167311 -0.02663500048 3.690700531
vn -0.1499682665 0.3516694009 0.9240336418
v -2.286502123 -0.03333799914 3.692067623
vn -0.1774737537 0.004182753153 0.9841166735
v -2.301980972 -0.02662499994 3.687018871
vn -0.2925572991 0.3476276398 0.8908227682
v -2.301196337 -0.03333799914 3.688623667
vn -0.3305709362 0.004169795662 0.9437719584
v -2.314790964 -0.02668300085 3.681531668
vn -0.4317957461 0.3436583877 0.8339372277
v -2.314738035 -0.03333799914 3.683030605
vn -0.4844298661 0.004097078461 0.8748205304
v -2.271221161 -0.02057999931 3.688623667
vn -0.0002470059553 0.564319551 0.8255563974
v -2.287171125 -0.02026499994 3.687002659
vn -0.1308811456 0.6050058603 0.785390377
v -2.301616192 -0.02043199912 3.683328629
vn -0.2552676797 0.5981991291 0.7596026659
v -2.313359976 -0.02082199976 3.678387642
vn -0.3741890192 0.5914793611 0.7142371535
v -2.271221161 -0.01481599919 3.683030605
vn -0.0002041430416 0.7486192584 0.6630001068
v -2.286953211 -0.01476199832 3.681472778
vn -0.1108304113 0.7677764297 0.6310594082
v -2.300669193 -0.01539800037 3.678364515
vn -0.2173912674 0.7575624585 0.6154999137
v -2.311242104 -0.01630399749 3.674547672
vn -0.3154888153 0.7409189343 0.592879355
v -2.129617929 1.111814862e-09 3.523301601
vn -0.02747960947 0.9991781116 0.02979890816
v -2.129617929 0.00868999958 3.523301601
vn -0.001020125812 0.9999896884 0.004424899817
v -2.129617929 0.00868999958 1.559435725
vn -0.00408046972 0.9999818802 -0.004424865823
v -2.129617929 1.111814751e-09 1.559435725
vn -0.01616259106 0.9974085093 -0.07010693103
v 2.314738035 -0.005617999006 1.450028062
vn 0.2546781003 0.9626115561 -0.09229338914
v 2.301196098 -0.002538000466 1.450028062
vn 0.1573705971 0.9828305244 -0.09632601589
v 2.326607943 -0.009763999842 1.450028062
vn 0.3688398898 0.9254410267 -0.08669498563
v 2.33634901 -0.01481599919 1.450028062
vn 0.509031713 0.8571942449 -0.07813312858
v 2.343588114 -0.02057999931 1.450028062
vn 0.6831686497 0.7274737358 -0.06373862922
v 2.348045111 -0.02683400176 1.450028062
vn 0.8762972355 0.4802254736 -0.03855665028
v 2.349550009 -0.03333799914 1.450028062
vn 0.9999544024 0.009524870664 -0.0006609707489
v -1.925891876 1.11181464e-09 0.1710997522
vn 3.933550152e-10 0.9999898672 -0.004499456845
v -1.925891876 -0.000640998187 0.1592926383
vn 8.927337092e-09 0.9947724342 -0.1021168381
v -1.925891876 -0.002538000466 0.1479386985
vn 1.881131872e-08 0.9765751958 -0.2151764035
v -1.925891876 -0.005617999006 0.137475729
vn 2.949825806e-08 0.9413539171 -0.3374207318
v -1.925891876 -0.009763999842 0.1283046603
vn 4.139991816e-08 0.8807616234 -0.4735598564
v -1.925891876 -0.01481599919 0.1207786947
vn 5.47451684e-08 0.7796530128 -0.626211822
v -1.925891876 -0.02057999931 0.1151857525
vn 6.900360461e-08 0.6139959097 -0.7893092036
v -1.925891876 -0.02683400176 0.1117417887
vn 8.161104148e-08 0.3585215211 -0.9335214496
v -2.271220922 1.111814751e-09 1.004326701
vn -0.003748143557 0.9999929667 -3.276732219e-10
v -2.286501646 -0.000640998187 1.004326701
vn -0.07990645617 0.9968023896 -6.985644063e-09
v -2.286501884 -0.000640998187 1.442175746
vn -0.05897466838 0.8395609856 0.5400549173
v -2.271220922 1.111814751e-09 1.442175746
vn -0.001843395876 0.9951437712 0.0984146744
v -2.301196098 -0.002538000466 1.004326701
vn -0.1687400937 0.985660553 -1.475172873e-08
v -2.314737797 -0.005617999006 1.004326701
vn -0.2679398656 0.9634356499 -2.34240467e-08
v -2.314738035 -0.005617999006 1.442175746
vn -0.1166979074 0.4410849512 0.8898458481
v -2.301196098 -0.002538000466 1.442175746
vn -0.09821113199 0.6133600473 0.7836734056
v -2.326607943 -0.009763999842 1.004326701
vn -0.3848861754 0.9229640365 -3.364781875e-08
v -2.326607943 -0.009763999842 1.442175746
vn -0.1262088716 0.316665262 0.9401034117
v -2.33634901 -0.01481599919 1.004326701
vn -0.528845489 0.8487181067 -4.623313998e-08
v -2.33634901 -0.01481599919 1.442175746
vn -0.1316334456 0.2216666639 0.9661969543
v -2.343587875 -0.02057999931 1.004326701
vn -0.7065937519 0.7076194286 -6.177238987e-08
v -2.343588114 -0.02057999931 1.442175746
vn -0.134974584 0.1437278986 0.9803693891
v -2.348044872 -0.02683400176 1.004326701
vn -0.8971738815 0.4416775405 -7.843343042e-08
v -2.348045111 -0.02683400176 1.442175746
vn -0.1371008009 0.07513346523 0.9877035618
v -2.34954977 -0.03333799914 1.004326701
vn -0.9999822378 0.005958714057 -8.742122759e-08
v -2.349550009 -0.03333799914 1.442175746
vn -0.09470785409 0.0009021204314 0.9955046773
v -2.286501646 -0.3363089859 0.1117417663
vn -0.09062409401 -0.8596301675 -0.5028153062
v -2.301196098 -0.3363089859 0.1151857302
vn -0.09715396166 -0.9558192492 -0.2774358094
v -2.314737797 -0.3363089859 0.1207786575
vn -0.09805336595 -0.9793015718 -0.1770704538
v -2.326607943 -0.3363089859 0.1283046305
vn -0.09801892191 -0.9880683422 -0.1187993363
v -2.33634901 -0.3363089859 0.1374756992
vn -0.09772192687 -0.9921020865 -0.07863754034
v -2.343587875 -0.3363089859 0.1479386687
vn -0.09731823951 -0.9941244125 -0.04739062116
v -2.348044872 -0.3363089859 0.1592926085
vn -0.09683209658 -0.9950859547 -0.02067669481
v -2.34954977 -0.3363089859 0.1710997224
vn -0.06434066594 -0.9979279637 -0.0001145881615
v 2.286502123 -0.3363089859 0.1117421538
vn 0.1257448196 -0.1070911288 -0.9862655401
v 2.271221161 -0.3363089859 0.1105790883
vn 0.003110517515 -0.1951140314 -0.9807756543
v 2.301196337 -0.3363089859 0.1151861176
vn 0.278180927 -0.08399939537 -0.9568487406
v 2.314738035 -0.3363089859 0.1207790747
vn 0.4321478009 -0.06266266853 -0.899623096
v 2.326608181 -0.3363089859 0.1283050478
vn 0.5856137276 -0.04323232919 -0.8094365597
v 2.336349249 -0.3363089859 0.1374761164
vn 0.7328756452 -0.02618018165 -0.6798587441
v 2.343588114 -0.3363089859 0.147939086
vn 0.862486124 -0.01241918653 -0.505928278
v 2.348045349 -0.3363089859 0.1592930257
vn 0.9573283195 -0.003253414761 -0.2889842093
v 2.349550247 -0.3363089859 0.1711001396
vn 0.06087719649 -0.9981452823 -0.0001084092073
v -2.271220922 1.111814751e-09 1.450027704
vn -0.001373375417 0.6571019888 -0.7538004518
v -2.286501884 -0.000640998187 1.450027704
vn -0.09643503278 0.9712952971 -0.2174527496
v 2.349550009 -0.03333799914 1.004327059
vn 0.9999921322 0.003964707721 8.742208735e-08
v -2.348045111 -0.02683400176 1.450027704
vn -0.5497034192 0.2130891085 -0.8077247143
v -2.349550009 -0.03333799914 1.450027704
vn -0.676628232 0.001662606606 -0.7363229394
v -2.343588114 -0.02057999931 1.450027704
vn -0.4967797697 0.439171046 -0.7485576868
v -2.33634901 -0.01481599919 1.450027704
vn -0.4248403311 0.6205866933 -0.6590772867
v -2.326607943 -0.009763999842 1.450027704
vn -0.3443792462 0.757683754 -0.5543629527
v -2.314738035 -0.005617999006 1.450027704
vn -0.2614825666 0.8572396636 -0.4435842633
v -2.301196098 -0.002538000466 1.450027704
vn -0.1786915213 0.9265720844 -0.3309585154
v 2.348045349 -0.02683400176 1.004327059
vn 0.9144988656 0.4045884311 7.994803042e-08
v 2.343588114 -0.02057999931 1.004327059
vn 0.7267329693 0.6869200468 6.353301529e-08
v 2.336349249 -0.01481599919 1.004327059
vn 0.5457397699 0.8379547 4.771008832e-08
v 2.326608181 -0.009763999842 1.004327059
vn 0.3984315693 0.9171980619 3.483199507e-08
v 2.314738035 -0.005617999006 1.004327059
vn 0.2791340053 0.9602521658 2.440267011e-08
v 2.301196337 -0.002538000466 1.004327059
vn 0.1784632504 0.9839465618 1.560175278e-08
v 2.286502123 -0.000640998187 1.004327059
vn 0.08884295821 0.9960456491 7.766898236e-09
v 2.271221161 1.111814751e-09 1.004327059
vn 0.005318658892 0.9999858737 4.649717833e-10
v 2.349550009 -0.03333799914 1.442176104
vn 0.08459878713 0.0002078757825 0.9964150786
v 2.348045111 -0.02683400176 1.442176104
vn 0.9323941469 0.3614367247 0.002164357575
v 2.343588114 -0.02057999931 1.442176104
vn 0.7491923571 0.6623126268 0.007263966836
v 2.33634901 -0.01481599919 1.442176104
vn 0.5648403764 0.8250920177 0.01336138044
v 2.326607943 -0.009763999842 1.442176104
vn 0.4136995971 0.9101983905 0.01978781447
v 2.314738035 -0.005617999006 1.442176104
vn 0.2916548252 0.956155777 0.02652632818
v 2.301196098 -0.002538000466 1.442176104
vn 0.1892551929 0.9813479185 0.03374519944
v 2.286501884 -0.000640998187 1.442176104
vn 0.09871333092 0.9942423105 0.0416884087
v 2.271220922 1.111814751e-09 1.442176104
vn 0.003886923892 0.9964320064 0.0843097195
v 1.919785023 1.111814751e-09 1.442175984
vn -1.489509227e-08 0.9853784442 0.1703799963
v -1.175763011 1.111814751e-09 1.442175865
vn -2.27488961e-08 0.9655501246 0.2602170408
v -1.925891995 1.111814751e-09 1.442175746
vn -2.088397189e-08 0.9710479379 0.2388848066
v -2.135935783 1.111814751e-09 0.9718126655
vn -0.06792344153 0.9976905584 -5.938055825e-09
v -2.135935783 0.007856999524 0.9718126655
vn -0.01964383014 0.9998070598 -1.717318177e-09
v -2.135935783 0.007856999524 0.275626719
vn -0.0483270362 0.998767972 -0.01127187721
v -2.135935783 1.11181464e-09 0.275626719
vn -0.02269976586 0.9995179772 -0.02117811702
v -1.274556994 0.01879500411 2.353471994
vn 0.08504405618 0.9817520976 -0.1700891554
v -1.426695943 0.01879500411 2.353471994
vn -0.3231011629 0.9324734211 -0.1615516245
v -1.426695943 0.01879500411 2.505609989
vn -0.08504405618 0.9817520976 0.1700891554
v -1.274556994 0.01879500411 2.505609989
vn 0.3231011629 0.9324734211 0.1615516245
v -0.7086459994 0.01879500411 2.353471994
vn 0.08504458517 0.981752038 -0.1700891405
v -0.8607839346 0.01879500411 2.353471994
vn -0.3231029809 0.9324728251 -0.1615515202
v -0.8607840538 0.01879500411 2.505609989
vn -0.08504458517 0.981752038 0.1700891405
v -0.708646059 0.01879500411 2.505609989
vn 0.3231029809 0.9324728251 0.1615515202
v -0.8985900283 0.01879500411 2.353471994
vn 0.08504402637 0.9817520976 -0.1700891554
v -1.050729036 0.01879500411 2.353471994
vn -0.3231010437 0.9324734807 -0.1615516245
v -1.050729156 0.01879500411 2.505609989
vn -0.08504402637 0.9817520976 0.1700891554
v -0.8985901475 0.01879500411 2.505609989
vn 0.3231010437 0.9324734807 0.1615516245
v -1.084612966 0.01879500411 2.353471994
vn 0.08504458517 0.981752038 -0.1700891405
v -1.23675096 0.01879500411 2.353471994
vn -0.3231029809 0.9324728251 -0.1615515202
v -1.23675096 0.01879500411 2.505609989
vn -0.08504458517 0.981752038 0.1700891405
v -1.084612966 0.01879500411 2.505609989
vn 0.3231029809 0.9324728251 0.1615515202
v -1.274556994 0.01879500411 2.544874668
vn 0.08504405618 0.9817520976 -0.1700890809
v -1.426695943 0.01879500411 2.544874668
vn -0.3231011331 0.9324734807 -0.1615515649
v -1.426695943 0.01879500411 2.697012901
vn -0.08504405618 0.9817520976 0.1700890809
v -1.274556994 0.01879500411 2.697012901
vn 0.3231011331 0.9324734807 0.1615515649
v -0.708646059 0.01879500411 2.544874907
vn 0.08504458517 0.9817520976 -0.170089066
v -0.8607840538 0.01879500411 2.544874668
vn -0.3231029809 0.9324728251 -0.1615514606
v -0.8607840538 0.01879500411 2.697012901
vn -0.08504458517 0.9817520976 0.170089066
v -0.708646059 0.01879500411 2.697012901
vn 0.3231029809 0.9324728251 0.1615514606
v -0.8985901475 0.01879500411 2.544874668
vn 0.08504402637 0.9817520976 -0.1700890809
v -1.050729156 0.01879500411 2.544874668
vn -0.3231010437 0.9324734807 -0.1615515649
v -1.050729156 0.01879500411 2.697012901
vn -0.08504402637 0.9817520976 0.1700890809
v -0.8985901475 0.01879500411 2.697012901
vn 0.3231010437 0.9324734807 0.1615515649
v -1.084612966 0.01879500411 2.544874668
vn 0.08504458517 0.9817520976 -0.170089066
v -1.23675096 0.01879500411 2.544874668
vn -0.3231029809 0.9324728251 -0.1615514606
v -1.23675096 0.01879500411 2.697012901
vn -0.08504458517 0.9817520976 0.170089066
v -1.084612966 0.01879500411 2.697012901
vn 0.3231029809 0.9324728251 0.1615514606
v -1.275472999 0.01879500411 2.733713627
vn 0.08504405618 0.9817520976 -0.1700891554
v -1.427612066 0.01879500411 2.733713627
vn -0.3231011629 0.9324734211 -0.1615516245
v -1.427612185 0.01879500411 2.88585186
vn -0.08504405618 0.9817520976 0.1700891554
v -1.275473118 0.01879500411 2.88585186
vn 0.3231011629 0.9324734211 0.1615516245
v -0.7095620632 0.01879500411 2.733713627
vn 0.08504458517 0.981752038 -0.1700891405
v -0.861700058 0.01879500411 2.733713627
vn -0.3231029809 0.9324728251 -0.1615515202
v -0.861700058 0.01879500411 2.88585186
vn -0.08504458517 0.981752038 0.1700891405
v -0.7095620632 0.01879500411 2.88585186
vn 0.3231029809 0.9324728251 0.1615515202
v -0.8995060325 0.01879500411 2.733713627
vn 0.08504398912 0.9817520976 -0.1700891554
v -1.051645041 0.01879500411 2.733713627
vn -0.3231008947 0.9324735403 -0.1615516394
v -1.051645041 0.01879500411 2.88585186
vn -0.08504398912 0.9817520976 0.1700891554
v -0.8995060325 0.01879500411 2.88585186
vn 0.3231008947 0.9324735403 0.1615516394
v -1.085529089 0.01879500411 2.733713627
vn 0.08504458517 0.981752038 -0.1700891405
v -1.237666965 0.01879500411 2.733713627
vn -0.3231029809 0.9324728251 -0.1615515202
v -1.237667084 0.01879500411 2.88585186
vn -0.08504458517 0.981752038 0.1700891405
v -1.085529089 0.01879500411 2.88585186
vn 0.3231029809 0.9324728251 0.1615515202
v -1.274557114 0.01879500411 2.926656723
vn 0.08504405618 0.9817520976 -0.1700891554
v -1.426696181 0.01879500411 2.926656723
vn -0.3231011629 0.9324734211 -0.1615516245
v -1.426696181 0.01879500411 3.078794718
vn -0.08504405618 0.9817520976 0.1700891554
v -1.274557114 0.01879500411 3.078794718
vn 0.3231011629 0.9324734211 0.1615516245
v -0.708646059 0.01879500411 2.926656723
vn 0.08504458517 0.981752038 -0.1700891405
v -0.8607840538 0.01879500411 2.926656723
vn -0.3231029809 0.9324728251 -0.1615515202
v -0.8607840538 0.01879500411 3.078794718
vn -0.08504458517 0.981752038 0.1700891405
v -0.708646059 0.01879500411 3.078794718
vn 0.3231029809 0.9324728251 0.1615515202
v -0.8985901475 0.01879500411 2.926656723
vn 0.08504402637 0.9817520976 -0.1700891554
v -1.050729156 0.01879500411 2.926656723
vn -0.3231010437 0.9324734807 -0.1615516245
v -1.050729156 0.01879500411 3.078794718
vn -0.08504402637 0.9817520976 0.1700891554
v -0.8985901475 0.01879500411 3.078794718
vn 0.3231010437 0.9324734807 0.1615516245
v -1.084612966 0.01879500411 2.926656723
vn 0.08504458517 0.981752038 -0.1700891405
v -1.23675108 0.01879500411 2.926656723
vn -0.3231029809 0.9324728251 -0.1615515202
v -1.23675108 0.01879500411 3.078794718
vn -0.08504458517 0.981752038 0.1700891405
v -1.084612966 0.01879500411 3.078794718
vn 0.3231029809 0.9324728251 0.1615515202
v -1.274557114 0.01879500411 3.113480806
vn 0.08504405618 0.9817520976 -0.1700891554
v -1.426696181 0.01879500411 3.113480806
vn -0.3231011629 0.9324734211 -0.1615516245
v -1.426696181 0.01879500411 3.265618801
vn -0.08504405618 0.9817520976 0.1700891554
v -1.274557114 0.01879500411 3.265618801
vn 0.3231011629 0.9324734211 0.1615516245
v -0.708646059 0.01879500411 3.113480806
vn 0.08504458517 0.981752038 -0.1700891405
v -0.8607840538 0.01879500411 3.113480806
vn -0.3231029809 0.9324728251 -0.1615515202
v -0.8607841134 0.01879500411 3.265618801
vn -0.08504458517 0.981752038 0.1700891405
v -0.7086461782 0.01879500411 3.265618801
vn 0.3231029809 0.9324728251 0.1615515202
v -0.8985901475 0.01879500411 3.113480806
vn 0.08504402637 0.9817520976 -0.1700891554
v -1.050729156 0.01879500411 3.113480806
vn -0.3231010437 0.9324734807 -0.1615516245
v -1.050729156 0.01879500411 3.265618801
vn -0.08504402637 0.9817520976 0.1700891554
v -0.8985902071 0.01879500411 3.265618801
vn 0.3231010437 0.9324734807 0.1615516245
v -1.084612966 0.01879500411 3.113480806
vn 0.08504458517 0.981752038 -0.1700891405
v -1.23675108 0.01879500411 3.113480806
vn -0.3231029809 0.9324728251 -0.1615515202
v -1.23675108 0.01879500411 3.265618801
vn -0.08504458517 0.981752038 0.1700891405
v -1.084613085 0.01879500411 3.265618801
vn 0.3231029809 0.9324728251 0.1615515202
v -1.274557114 0.01879500411 3.303784847
vn 0.08504405618 0.9817520976 -0.1700891554
v -1.426696181 0.01879500411 3.303784847
vn -0.3231011629 0.9324734211 -0.1615516245
v -1.426696181 0.01879500411 3.455922842
vn -0.08504405618 0.9817520976 0.1700891554
v -1.274557114 0.01879500411 3.455922842
vn 0.3231011629 0.9324734211 0.1615516245
v -0.7086461782 0.01879500411 3.303784847
vn 0.08504458517 0.981752038 -0.1700891405
v -0.8607841134 0.01879500411 3.303784847
vn -0.3231029809 0.9324728251 -0.1615515202
v -0.8607841134 0.01879500411 3.455922842
vn -0.08504458517 0.981752038 0.1700891405
v -0.7086461782 0.01879500411 3.455922842
vn 0.3231029809 0.9324728251 0.1615515202
v -0.8985902071 0.01879500411 3.303784847
vn 0.08504402637 0.9817520976 -0.1700891554
v -1.050729156 0.01879500411 3.303784847
vn -0.3231010437 0.9324734807 -0.1615516245
v -1.050729156 0.01879500411 3.455922842
vn -0.08504402637 0.9817520976 0.1700891554
v -0.8985902071 0.01879500411 3.455922842
vn 0.3231010437 0.9324734807 0.1615516245
v -1.084613085 0.01879500411 3.303784847
vn 0.08504458517 0.981752038 -0.1700891405
v -1.23675108 0.01879500411 3.303784847
vn -0.3231029809 0.9324728251 -0.1615515202
v -1.23675108 0.01879500411 3.455922842
vn -0.08504458517 0.981752038 0.1700891405
v -1.084613085 0.01879500411 3.455922842
vn 0.3231029809 0.9324728251 0.1615515202
v -1.526769996 0.01879500411 2.353471994
vn 0.08504458517 0.981752038 -0.1700891405
v -1.67890799 0.01879500411 2.353471518
vn -0.3231029809 0.9324728251 -0.1615515202
v -1.67890799 0.01879500411 2.505609512
vn -0.08504458517 0.981752038 0.1700891405
v -1.526769996 0.01879500411 2.505609989
vn 0.3231029809 0.9324728251 0.1615515202
v -1.526769996 0.01879500411 2.544874668
vn 0.08504458517 0.9817520976 -0.170089066
v -1.67890799 0.01879500411 2.544874668
vn -0.3231029809 0.9324728251 -0.1615514606
v -1.67890799 0.01879500411 2.697012663
vn -0.08504458517 0.9817520976 0.170089066
v -1.526769996 0.01879500411 2.697012901
vn 0.3231029809 0.9324728251 0.1615514606
v -1.527686 0.01879500411 2.733713627
vn 0.08504458517 0.981752038 -0.1700891405
v -1.679823995 0.01879500411 2.733713627
vn -0.3231029809 0.9324728251 -0.1615515202
v -1.679824114 0.01879500411 2.88585186
vn -0.08504458517 0.981752038 0.1700891405
v -1.527686119 0.01879500411 2.88585186
vn 0.3231029809 0.9324728251 0.1615515202
v -1.526770115 0.01879500411 2.926656723
vn 0.08504458517 0.981752038 -0.1700891405
v -1.67890811 0.01879500411 2.926656723
vn -0.3231029809 0.9324728251 -0.1615515202
v -1.67890811 0.01879500411 3.078794718
vn -0.08504458517 0.981752038 0.1700891405
v -1.526770115 0.01879500411 3.078794718
vn 0.3231029809 0.9324728251 0.1615515202
v -1.526770115 0.01879500411 3.113480806
vn 0.08504458517 0.981752038 -0.1700891405
v -1.67890811 0.01879500411 3.113480806
vn -0.3231029809 0.9324728251 -0.1615515202
v -1.67890811 0.01879500411 3.265618801
vn -0.08504458517 0.981752038 0.1700891405
v -1.526770115 0.01879500411 3.265618801
vn 0.3231029809 0.9324728251 0.1615515202
v -1.526770115 0.01879500411 3.303784847
vn 0.08504458517 0.981752038 -0.1700891405
v -1.67890811 0.01879500411 3.303784847
vn -0.3231029809 0.9324728251 -0.1615515202
v -1.67890811 0.01879500411 3.455922604
vn -0.08504458517 0.981752038 0.1700891405
v -1.526770115 0.01879500411 3.455922842
vn 0.3231029809 0.9324728251 0.1615515202
v -1.71359396 0.01879500411 2.353471518
vn 0.08504458517 0.981752038 -0.1700891405
v -1.865731955 0.01879500411 2.353471518
vn -0.3231029809 0.9324728251 -0.1615515202
v -1.865731955 0.01879500411 2.505609512
vn -0.08504458517 0.981752038 0.1700891405
v -1.71359396 0.01879500411 2.505609512
vn 0.3231029809 0.9324728251 0.1615515202
v -1.71359396 0.01879500411 2.544874668
vn 0.08504458517 0.9817520976 -0.170089066
v -1.865731955 0.01879500411 2.544874668
vn -0.3231029809 0.9324728251 -0.1615514606
v -1.865731955 0.01879500411 2.697012663
vn -0.08504458517 0.9817520976 0.170089066
v -1.71359396 0.01879500411 2.697012663
vn 0.3231029809 0.9324728251 0.1615514606
v -1.714509964 0.01879500411 2.733713627
vn 0.08504458517 0.981752038 -0.1700891405
v -1.866647959 0.01879500411 2.733713627
vn -0.3231029809 0.9324728251 -0.1615515202
v -1.866648197 0.01879500411 2.88585186
vn -0.08504458517 0.981752038 0.1700891405
v -1.714510083 0.01879500411 2.88585186
vn 0.3231029809 0.9324728251 0.1615515202
v -1.713594079 0.01879500411 2.926656723
vn 0.08504458517 0.981752038 -0.1700891405
v -1.865732074 0.01879500411 2.926656723
vn -0.3231029809 0.9324728251 -0.1615515202
v -1.865732074 0.01879500411 3.078794718
vn -0.08504458517 0.981752038 0.1700891405
v -1.713594079 0.01879500411 3.078794718
vn 0.3231029809 0.9324728251 0.1615515202
v -1.713594079 0.01879500411 3.113480806
vn 0.08504458517 0.981752038 -0.1700891405
v -1.865732074 0.01879500411 3.113480806
vn -0.3231029809 0.9324728251 -0.1615515202
v -1.865732074 0.01879500411 3.265618801
vn -0.08504458517 0.981752038 0.1700891405
v -1.713594079 0.01879500411 3.265618801
vn 0.3231029809 0.9324728251 0.1615515202
v -1.713594079 0.01879500411 3.303784847
vn 0.08504458517 0.981752038 -0.1700891405
v -1.865732074 0.01879500411 3.303784847
vn -0.3231029809 0.9324728251 -0.1615515202
v -1.865732074 0.01879500411 3.455922604
vn -0.08504458517 0.981752038 0.1700891405
v -1.713594079 0.01879500411 3.455922604
vn 0.3231029809 0.9324728251 0.1615515202
v -1.903532028 0.01879500411 2.353471518
vn 0.08504458517 0.981752038 -0.1700891405
v -2.055670023 0.01879500411 2.353471518
vn -0.3231029809 0.9324728251 -0.1615515202
v -2.055670023 0.01879500411 2.505609512
vn -0.08504458517 0.981752038 0.1700891405
v -1.903532028 0.01879500411 2.505609512
vn 0.3231029809 0.9324728251 0.1615515202
v -1.903532028 0.01879500411 2.544874668
vn 0.08504458517 0.9817520976 -0.170089066
v -2.055670023 0.01879500411 2.544874668
vn -0.3231029809 0.9324728251 -0.1615514606
v -2.055670023 0.01879500411 2.697012663
vn -0.08504458517 0.9817520976 0.170089066
v -1.903532028 0.01879500411 2.697012663
vn 0.3231029809 0.9324728251 0.1615514606
v -1.904448032 0.01879500411 2.733713627
vn 0.08504458517 0.981752038 -0.1700891405
v -2.056586027 0.01879500411 2.733713627
vn -0.3231029809 0.9324728251 -0.1615515202
v -2.056586266 0.01879500411 2.88585186
vn -0.08504458517 0.981752038 0.1700891405
v -1.904448152 0.01879500411 2.88585186
vn 0.3231029809 0.9324728251 0.1615515202
v -1.903532147 0.01879500411 2.926656723
vn 0.08504458517 0.981752038 -0.1700891405
v -2.055670023 0.01879500411 2.926656723
vn -0.3231029809 0.9324728251 -0.1615515202
v -2.055670023 0.01879500411 3.078794718
vn -0.08504458517 0.981752038 0.1700891405
v -1.903532147 0.01879500411 3.078794718
vn 0.3231029809 0.9324728251 0.1615515202
v -1.903532147 0.01879500411 3.113480806
vn 0.08504458517 0.981752038 -0.1700891405
v -2.055670023 0.01879500411 3.113480806
vn -0.3231029809 0.9324728251 -0.1615515202
v -2.055670023 0.01879500411 3.265618801
vn -0.08504458517 0.981752038 0.1700891405
v -1.903532147 0.01879500411 3.265618801
vn 0.3231029809 0.9324728251 0.1615515202
v -1.903532147 0.01879500411 3.303784847
vn 0.08504458517 0.981752038 -0.1700891405
v -2.055670023 0.01879500411 3.303784847
vn -0.3231029809 0.9324728251 -0.1615515202
v -2.055670023 0.01879500411 3.455922604
vn -0.08504458517 0.981752038 0.1700891405
v -1.903532147 0.01879500411 3.455922604
vn 0.3231029809 0.9324728251 0.1615515202
v -1.274556994 0.01879500411 2.030742884
vn 0.08504405618 0.9817520976 -0.1700891405
v -1.426695943 0.01879500411 2.030742884
vn -0.3231011629 0.9324734211 -0.1615516096
v -1.426695943 0.01879500411 2.182880878
vn -0.08504405618 0.9817520976 0.1700891405
v -1.274556994 0.01879500411 2.182880878
vn 0.3231011629 0.9324734211 0.1615516096
v -0.7086459994 0.01879500411 2.030742884
vn 0.08504458517 0.981752038 -0.1700891256
v -0.8607839346 0.01879500411 2.030742884
vn -0.3231029809 0.9324728251 -0.1615515053
v -0.8607839346 0.01879500411 2.182880878
vn -0.08504458517 0.981752038 0.1700891256
v -0.7086459994 0.01879500411 2.182880878
vn 0.3231029809 0.9324728251 0.1615515053
v -0.8985900283 0.01879500411 2.030742884
vn 0.08504402637 0.9817520976 -0.1700891405
v -1.050729036 0.01879500411 2.030742884
vn -0.3231010437 0.9324734807 -0.1615516096
v -1.050729036 0.01879500411 2.182880878
vn -0.08504402637 0.9817520976 0.1700891405
v -0.8985900283 0.01879500411 2.182880878
vn 0.3231010437 0.9324734807 0.1615516096
v -1.084612966 0.01879500411 2.030742884
vn 0.08504458517 0.981752038 -0.1700891256
v -1.23675096 0.01879500411 2.030742884
vn -0.3231029809 0.9324728251 -0.1615515053
v -1.23675096 0.01879500411 2.182880878
vn -0.08504458517 0.981752038 0.1700891256
v -1.084612966 0.01879500411 2.182880878
vn 0.3231029809 0.9324728251 0.1615515053
v -1.274556994 0.01879500411 1.652514815
vn 0.08504407108 0.9817522764 -0.1700880527
v -1.426695943 0.01879500411 1.652514815
vn -0.3231012225 0.9324735999 -0.1615505815
v -1.426695943 0.01879500411 1.804653764
vn -0.08504407108 0.9817522764 0.1700880527
v -1.274556994 0.01879500411 1.804653764
vn 0.3231012225 0.9324735999 0.1615505815
v -0.7086459994 0.01879500411 1.652514815
vn 0.08504460007 0.9817522168 -0.1700880527
v -0.8607839346 0.01879500411 1.652514815
vn -0.3231030107 0.9324730039 -0.1615504771
v -0.8607839346 0.01879500411 1.804653764
vn -0.08504460007 0.9817522168 0.1700880527
v -0.7086459994 0.01879500411 1.804653764
vn 0.3231030107 0.9324730039 0.1615504771
v -0.8985900283 0.01879500411 1.652514815
vn 0.08504404128 0.9817522764 -0.1700880527
v -1.050729036 0.01879500411 1.652514815
vn -0.3231010735 0.9324736595 -0.1615505964
v -1.050729036 0.01879500411 1.804653764
vn -0.08504404128 0.9817522764 0.1700880527
v -0.8985900283 0.01879500411 1.804653764
vn 0.3231010735 0.9324736595 0.1615505964
v -1.084612966 0.01879500411 1.652514815
vn 0.08504460007 0.9817522168 -0.1700880527
v -1.23675096 0.01879500411 1.652514815
vn -0.3231030107 0.9324730039 -0.1615504771
v -1.23675096 0.01879500411 1.804653764
vn -0.08504460007 0.9817522168 0.1700880527
v -1.084612966 0.01879500411 1.804653764
vn 0.3231030107 0.9324730039 0.1615504771
v -1.274556994 0.01879500411 1.84153676
vn 0.08504407108 0.9817522764 -0.1700880677
v -1.426695943 0.01879500411 1.84153676
vn -0.3231012225 0.9324735999 -0.1615505815
v -1.426695943 0.01879500411 1.993675828
vn -0.08504407108 0.9817522764 0.1700880677
v -1.274556994 0.01879500411 1.993675828
vn 0.3231012225 0.9324735999 0.1615505815
v -0.7086459994 0.01879500411 1.84153676
vn 0.08504460007 0.9817522168 -0.1700880527
v -0.8607839346 0.01879500411 1.84153676
vn -0.3231030107 0.9324730039 -0.1615504771
v -0.8607839346 0.01879500411 1.993675828
vn -0.08504460007 0.9817522168 0.1700880527
v -0.7086459994 0.01879500411 1.993675828
vn 0.3231030107 0.9324730039 0.1615504771
v -0.8985900283 0.01879500411 1.84153676
vn 0.08504404128 0.9817522764 -0.1700880677
v -1.050729036 0.01879500411 1.84153676
vn -0.3231010735 0.9324736595 -0.1615505964
v -1.050729036 0.01879500411 1.993675828
vn -0.08504404128 0.9817522764 0.1700880677
v -0.8985900283 0.01879500411 1.993675828
vn 0.3231010735 0.9324736595 0.1615505964
v -1.084612966 0.01879500411 1.84153676
vn 0.08504460007 0.9817522168 -0.1700880527
v -1.23675096 0.01879500411 1.84153676
vn -0.3231030107 0.9324730039 -0.1615504771
v -1.23675096 0.01879500411 1.993675828
vn -0.08504460007 0.9817522168 0.1700880527
v -1.084612966 0.01879500411 1.993675828
vn 0.3231030107 0.9324730039 0.1615504771
v -1.903347969 0.01879500411 1.843002796
vn 0.08504405618 0.9817520976 -0.1700891405
v -2.055486917 0.01879500411 1.843002796
vn -0.3231011629 0.9324734211 -0.1615516096
v -2.055486917 0.01879500411 1.995140672
vn -0.08504405618 0.9817520976 0.1700891405
v -1.903347969 0.01879500411 1.995140791
vn 0.3231011629 0.9324734211 0.1615516096
v -1.527382135 0.01879500411 1.843002796
vn 0.08504458517 0.981752038 -0.1700891256
v -1.679520011 0.01879500411 1.843002796
vn -0.3231029809 0.9324728251 -0.1615515053
v -1.679520011 0.01879500411 1.995140791
vn -0.08504458517 0.981752038 0.1700891256
v -1.527382135 0.01879500411 1.995140791
vn 0.3231029809 0.9324728251 0.1615515053
v -1.713404059 0.01879500411 1.843002796
vn 0.08504405618 0.9817520976 -0.1700891405
v -1.865543008 0.01879500411 1.843002796
vn -0.3231011629 0.9324734211 -0.1615516096
v -1.865543008 0.01879500411 1.995140791
vn -0.08504405618 0.9817520976 0.1700891405
v -1.713404059 0.01879500411 1.995140791
vn 0.3231011629 0.9324734211 0.1615516096
v -1.903347969 0.01879500411 1.653247833
vn 0.08504407108 0.9817522764 -0.1700880677
v -2.055486917 0.01879500411 1.653247595
vn -0.3231012225 0.9324735999 -0.1615505815
v -2.055486917 0.01879500411 1.805386662
vn -0.08504407108 0.9817522764 0.1700880677
v -1.903347969 0.01879500411 1.805386782
vn 0.3231012225 0.9324735999 0.1615505815
v -1.527382135 0.01879500411 1.653247833
vn 0.08504460007 0.9817522168 -0.1700880527
v -1.679520011 0.01879500411 1.653247833
vn -0.3231030107 0.9324730039 -0.1615504771
v -1.679520011 0.01879500411 1.805386782
vn -0.08504460007 0.9817522168 0.1700880527
v -1.527382135 0.01879500411 1.805386782
vn 0.3231030107 0.9324730039 0.1615504771
v -1.713404059 0.01879500411 1.653247833
vn 0.08504407108 0.9817522764 -0.1700880677
v -1.865543008 0.01879500411 1.653247833
vn -0.3231012225 0.9324735999 -0.1615505815
v -1.865543008 0.01879500411 1.805386782
vn -0.08504407108 0.9817522764 0.1700880677
v -1.713404059 0.01879500411 1.805386782
vn 0.3231012225 0.9324735999 0.1615505815
v -1.71359396 0.01879500411 2.167766809
vn 0.08504460007 0.9817522764 -0.1700880229
v -1.865731955 0.01879500411 2.167766809
vn -0.3231030107 0.9324730039 -0.1615504622
v -1.865731955 0.01879500411 2.319905758
vn -0.08504460007 0.9817522764 0.1700880229
v -1.71359396 0.01879500411 2.319905758
vn 0.3231030107 0.9324730039 0.1615504622
v -1.902171016 0.01879500411 2.155276775
vn 0.07923723012 0.9841785431 -0.1584743112
v -2.065862894 0.01879500411 2.155276775
vn -0.3030017614 0.9408705831 -0.1515008211
v -2.065862894 0.01879500411 2.318968773
vn -0.07923723012 0.9841785431 0.1584743112
v -1.902171016 0.01879500411 2.318968773
vn 0.3030017614 0.9408705831 0.1515008211
v 1.992293835 0.01879500411 1.650449038
vn 0.1011381522 0.9740921259 -0.2022761703
v 1.865363002 0.01879500411 1.650449038
vn -0.3766852319 0.9069924355 -0.1883425713
v 1.865363002 0.01879500411 1.777380109
vn -0.1011381522 0.9740921259 0.2022761703
v 1.992293835 0.01879500411 1.777380109
vn 0.3766852319 0.9069924355 0.1883425713
v 1.615720868 0.01879500411 1.650449038
vn 0.1011381522 0.9740921259 -0.2022761703
v 1.488790035 0.01879500411 1.650449038
vn -0.3766852319 0.9069924355 -0.1883425713
v 1.488790035 0.01879500411 1.777380109
vn -0.1011381522 0.9740921259 0.2022761703
v 1.615720868 0.01879500411 1.777380109
vn 0.3766852319 0.9069924355 0.1883425713
v 1.37649405 0.01879500411 1.650449038
vn 0.1011380553 0.9740921259 -0.2022761852
v 1.249562979 0.01879500411 1.650449038
vn -0.3766849637 0.9069925547 -0.188342616
v 1.249562979 0.01879500411 1.777380109
vn -0.1011380553 0.9740921259 0.2022761852
v 1.37649405 0.01879500411 1.777380109
vn 0.3766849637 0.9069925547 0.188342616
v 1.141242027 0.01879500411 1.650449038
vn 0.1011380553 0.9740921259 -0.2022761852
v 1.014310956 0.01879500411 1.650449038
vn -0.3766849637 0.9069925547 -0.188342616
v 1.014310956 0.01879500411 1.77737987
vn -0.1011380553 0.9740921259 0.2022761852
v 1.141242027 0.01879500411 1.77737987
vn 0.3766849637 0.9069925547 0.188342616
v 0.9006909728 0.01879500411 1.650449038
vn 0.1011381522 0.9740921259 -0.2022761703
v 0.7737600207 0.01879500411 1.650449038
vn -0.3766852319 0.9069924355 -0.1883425713
v 0.7737600207 0.01879500411 1.77737987
vn -0.1011381522 0.9740921259 0.2022761703
v 0.9006909728 0.01879500411 1.77737987
vn 0.3766852319 0.9069924355 0.1883425713
v 0.6616050005 0.01879500411 1.650449038
vn 0.1011381075 0.9740921259 -0.2022761703
v 0.5346740484 0.01879500411 1.650448799
vn -0.3766850829 0.9069924951 -0.1883425862
v 0.5346739888 0.01879500411 1.77737987
vn -0.1011381075 0.9740921259 0.2022761703
v 0.6616050005 0.01879500411 1.77737987
vn 0.3766850829 0.9069924951 0.1883425862
v 0.4223790169 0.01879500411 1.650448799
vn 0.1011381298 0.9740921259 -0.2022761703
v 0.295448035 0.01879500411 1.650448799
vn -0.3766851425 0.9069924951 -0.1883425713
v 0.2954480052 0.01879500411 1.77737987
vn -0.1011381298 0.9740921259 0.2022761703
v 0.4223789871 0.01879500411 1.77737987
vn 0.3766851425 0.9069924951 0.1883425713
v 0.1871270239 0.01879500411 1.650448799
vn 0.1011381224 0.9740921259 -0.2022761703
v 0.06019602716 0.01879500411 1.650448799
vn -0.3766851127 0.9069924951 -0.1883425713
v 0.06019601971 0.01879500411 1.77737987
vn -0.1011381224 0.9740921259 0.2022761703
v 0.187127009 0.01879500411 1.77737987
vn 0.3766851127 0.9069924951 0.1883425713
v -0.05342397094 0.01879500411 1.650448799
vn 0.1011373326 0.9740921855 -0.2022762001
v -0.1803559661 0.01879500411 1.650448799
vn -0.3766825795 0.9069935083 -0.1883427948
v -0.180355981 0.01879500411 1.77737987
vn -0.1011373326 0.9740921855 0.2022762001
v -0.05342398211 0.01879500411 1.77737987
vn 0.3766825795 0.9069935083 0.1883427948
v -0.4414749742 0.01879500411 1.650448799
vn 0.1011381298 0.9740921259 -0.2022761703
v -0.5684059858 0.01879500411 1.650448799
vn -0.3766851425 0.9069924951 -0.1883425713
v -0.5684059858 0.01879500411 1.777379751
vn -0.1011381298 0.9740921259 0.2022761703
v -0.441475004 0.01879500411 1.777379751
vn 0.3766851425 0.9069924951 0.1883425713
v -0.4455049932 0.01879500411 2.029913902
vn 0.1011381298 0.9740921259 -0.2022761703
v -0.5724359751 0.01879500411 2.029913902
vn -0.3766851425 0.9069924951 -0.1883425713
v -0.5724359751 0.01879500411 2.156844854
vn -0.1011381298 0.9740921259 0.2022761703
v -0.4455049932 0.01879500411 2.156844854
vn 0.3766851425 0.9069924951 0.1883425713
v -0.445505023 0.01879500411 2.187758923
vn 0.1011381298 0.9740921259 -0.2022761703
v -0.5724360347 0.01879500411 2.187758923
vn -0.3766851425 0.9069924951 -0.1883425713
v -0.5724360347 0.01879500411 2.314689636
vn -0.1011381298 0.9740921259 0.2022761703
v -0.445505023 0.01879500411 2.314689636
vn 0.3766851425 0.9069924951 0.1883425713
v -0.445505023 0.01879500411 2.34304285
vn 0.1011381298 0.9740921259 -0.2022761703
v -0.5724360347 0.01879500411 2.34304285
vn -0.3766851425 0.9069924951 -0.1883425713
v -0.5724360347 0.01879500411 2.469973803
vn -0.1011381298 0.9740921259 0.2022761703
v -0.445505023 0.01879500411 2.469973803
vn 0.3766851425 0.9069924951 0.1883425713
v -0.445505023 0.01879500411 2.499386787
vn 0.1011381298 0.9740921259 -0.2022761703
v -0.5724360347 0.01879500411 2.499386787
vn -0.3766851425 0.9069924951 -0.1883425713
v -0.5724360347 0.01879500411 2.626317739
vn -0.1011381298 0.9740921259 0.2022761703
v -0.4455050528 0.01879500411 2.626317739
vn 0.3766851425 0.9069924951 0.1883425713
v -0.4455050528 0.01879500411 2.659620762
vn 0.1011381298 0.9740921259 -0.2022761703
v -0.5724360347 0.01879500411 2.659620762
vn -0.3766851425 0.9069924951 -0.1883425713
v -0.5724360347 0.01879500411 2.786551714
vn -0.1011381298 0.9740921259 0.2022761703
v -0.4455050528 0.01879500411 2.786551714
vn 0.3766851425 0.9069924951 0.1883425713
v -0.4455050528 0.01879500411 2.817466021
vn 0.1011381447 0.9740920663 -0.2022762895
v -0.5724360347 0.01879500411 2.817466021
vn -0.3766851127 0.9069924951 -0.1883426458
v -0.5724360347 0.01879500411 2.944396973
vn -0.1011381447 0.9740920663 0.2022762895
v -0.4455050528 0.01879500411 2.944396973
vn 0.3766851127 0.9069924951 0.1883426458
v -0.4455050528 0.01879500411 2.97274971
vn 0.1011381298 0.9740921259 -0.2022760808
v -0.5724360347 0.01879500411 2.97274971
vn -0.3766851723 0.9069924951 -0.1883424819
v -0.5724360943 0.01879500411 3.099680901
vn -0.1011381298 0.9740921259 0.2022760808
v -0.4455050826 0.01879500411 3.099680901
vn 0.3766851723 0.9069924951 0.1883424819
v -0.4455050826 0.01879500411 3.129093885
vn 0.1011381447 0.9740920663 -0.2022762895
v -0.5724360943 0.01879500411 3.129093885
vn -0.3766851127 0.9069924951 -0.1883426458
v -0.5724360943 0.01879500411 3.256024599
vn -0.1011381447 0.9740920663 0.2022762895
v -0.4455050826 0.01879500411 3.256024599
vn 0.3766851127 0.9069924951 0.1883426458
v 1.294167161 0.01879500411 0.8325480819
vn 0.09076571465 0.9791871309 -0.1815327555
v 1.151991129 0.01879500411 0.8325480223
vn -0.342515707 0.9237712026 -0.1712591797
v 1.151991129 0.01879500411 0.9747229218
vn -0.09076571465 0.9791871309 0.1815327555
v 1.294167161 0.01879500411 0.9747229815
vn 0.342515707 0.9237712026 0.1712591797
v 1.102786064 0.01879500411 0.8325480223
vn 0.0907657519 0.9791871309 -0.1815327555
v 0.9606100321 0.01879500411 0.8325480223
vn -0.3425157964 0.9237712026 -0.1712591648
v 0.9606100321 0.01879500411 0.9747229218
vn -0.0907657519 0.9791871309 0.1815327555
v 1.102786064 0.01879500411 0.9747229218
vn 0.3425157964 0.9237712026 0.1712591648
v 0.9123610854 0.01879500411 0.8325480223
vn 0.0907663554 0.9791870713 -0.1815327555
v 0.7701860666 0.01879500411 0.8325480223
vn -0.3425178528 0.9237704873 -0.1712590307
v 0.7701860666 0.01879500411 0.9747229218
vn -0.0907663554 0.9791870713 0.1815327555
v 0.9123610854 0.01879500411 0.9747229218
vn 0.3425178528 0.9237704873 0.1712590307
v 1.294167161 0.01879500411 0.5943750739
vn 0.090765737 0.9791873693 -0.1815314442
v 1.151991129 0.01879500411 0.5943750143
vn -0.3425157666 0.923771441 -0.171257928
v 1.151991129 0.01879500411 0.7365509868
vn -0.090765737 0.9791873693 0.1815314442
v 1.294167161 0.01879500411 0.7365510464
vn 0.3425157666 0.923771441 0.171257928
v 1.102786064 0.01879500411 0.5943750143
vn 0.09076577425 0.9791873693 -0.1815314442
v 0.9606101513 0.01879500411 0.5943750143
vn -0.3425159156 0.9237713814 -0.1712579131
v 0.9606101513 0.01879500411 0.7365509868
vn -0.09076577425 0.9791873693 0.1815314442
v 1.102786064 0.01879500411 0.7365509868
vn 0.3425159156 0.9237713814 0.1712579131
v 0.912361145 0.01879500411 0.5943750143
vn 0.0907663852 0.9791873097 -0.1815314442
v 0.7701861262 0.01879500411 0.5943750143
vn -0.3425179124 0.9237706661 -0.171257779
v 0.7701861262 0.01879500411 0.7365509868
vn -0.0907663852 0.9791873097 0.1815314442
v 0.912361145 0.01879500411 0.7365509868
vn 0.3425179124 0.9237706661 0.171257779
v 1.294167161 0.01879500411 0.3621379733
vn 0.09076571465 0.9791871309 -0.1815327555
v 1.151991129 0.01879500411 0.3621379733
vn -0.342515707 0.9237712026 -0.1712591797
v 1.151991129 0.01879500411 0.5043129921
vn -0.09076571465 0.9791871309 0.1815327555
v 1.294167161 0.01879500411 0.5043129921
vn 0.342515707 0.9237712026 0.1712591797
v 1.102786064 0.01879500411 0.3621379733
vn 0.0907657519 0.9791871309 -0.1815327555
v 0.9606101513 0.01879500411 0.3621379435
vn -0.3425157964 0.9237712026 -0.1712591648
v 0.9606101513 0.01879500411 0.5043129325
vn -0.09009394795 0.9719362855 0.2173083574
v 1.102786064 0.01879500411 0.5043129921
vn 0.3970301151 0.8878880143 0.2324262857
v 0.912361145 0.01879500411 0.3621379435
vn 0.0907663554 0.9791870713 -0.1815327555
v 0.7701861262 0.01879500411 0.3621379435
vn -0.3425178528 0.9237704873 -0.1712590307
v 0.7701861262 0.01879500411 0.5043129325
vn -0.0907663554 0.9791870713 0.1815327555
v 0.912361145 0.01879500411 0.5043129325
vn 0.3425178528 0.9237704873 0.1712590307
v 0.6122590303 0.01879500411 0.8325480223
vn 0.0907664001 0.9791870713 -0.1815327555
v 0.4700841308 0.01879500411 0.8325480223
vn -0.342517972 0.9237704277 -0.1712590307
v 0.4700840712 0.01879500411 0.9747229218
vn -0.0907664001 0.9791870713 0.1815327555
v 0.6122590303 0.01879500411 0.9747229218
vn 0.342517972 0.9237704277 0.1712590307
v 0.4208780825 0.01879500411 0.8325480223
vn 0.090765737 0.9791871309 -0.1815327555
v 0.2787021101 0.01879500411 0.8325479031
vn -0.3425157666 0.9237712026 -0.1712591797
v 0.2787020802 0.01879500411 0.9747228622
vn -0.090765737 0.9791871309 0.1815327555
v 0.4208780527 0.01879500411 0.9747229218
vn 0.3425157666 0.9237712026 0.1712591797
v 0.2304531187 0.01879500411 0.8325479031
vn 0.0907663703 0.9791870713 -0.1815327555
v 0.08827809989 0.01879500411 0.8325479031
vn -0.3425179124 0.9237704277 -0.1712590307
v 0.08827809244 0.01879500411 0.9747228622
vn -0.0907663703 0.9791870713 0.1815327555
v 0.2304530889 0.01879500411 0.9747228622
vn 0.3425179124 0.9237704277 0.1712590307
v 0.6122591496 0.01879500411 0.5943750143
vn 0.09076642245 0.9791873097 -0.1815314442
v 0.4700841308 0.01879500411 0.5943750143
vn -0.3425180614 0.9237706065 -0.171257779
v 0.4700841308 0.01879500411 0.7365509868
vn -0.09076642245 0.9791873097 0.1815314442
v 0.6122591496 0.01879500411 0.7365509868
vn 0.3425180614 0.9237706065 0.171257779
v 0.4208780825 0.01879500411 0.5943750143
vn 0.09076575935 0.9791873693 -0.1815314442
v 0.2787021101 0.01879500411 0.5943749547
vn -0.3425158262 0.923771441 -0.1712579131
v 0.2787021101 0.01879500411 0.7365509272
vn -0.09076575935 0.9791873693 0.1815314442
v 0.4208780825 0.01879500411 0.7365509868
vn 0.3425158262 0.923771441 0.1712579131
v 0.2304531336 0.01879500411 0.5943749547
vn 0.09076639265 0.9791873097 -0.1815314442
v 0.08827812225 0.01879500411 0.5943749547
vn -0.342517972 0.9237706661 -0.171257779
v 0.08827810735 0.01879500411 0.7365509272
vn -0.09076639265 0.9791873097 0.1815314442
v 0.2304531187 0.01879500411 0.7365509272
vn 0.342517972 0.9237706661 0.171257779
v 0.6122591496 0.01879500411 0.3621379435
vn 0.0907664001 0.9791870713 -0.1815327555
v 0.4700841606 0.01879500411 0.3621378839
vn -0.342517972 0.9237704277 -0.1712590307
v 0.4700841606 0.01879500411 0.5043128729
vn -0.0907664001 0.9791870713 0.1815327555
v 0.6122591496 0.01879500411 0.5043129325
vn 0.342517972 0.9237704277 0.1712590307
v 0.4208781123 0.01879500411 0.3621378839
vn 0.090765737 0.9791871309 -0.1815327555
v 0.2787021399 0.01879500411 0.3621378839
vn -0.3425157666 0.9237712026 -0.1712591797
v 0.2787021101 0.01879500411 0.5043128729
vn -0.090765737 0.9791871309 0.1815327555
v 0.4208781123 0.01879500411 0.5043128729
vn 0.3425157666 0.9237712026 0.1712591797
v 0.2304531485 0.01879500411 0.3621378839
vn 0.0907663703 0.9791870713 -0.1815327555
v 0.0882781446 0.01879500411 0.3621378541
vn -0.3425179124 0.9237704277 -0.1712590307
v 0.08827813715 0.01879500411 0.5043128729
vn -0.0907663703 0.9791870713 0.1815327555
v 0.2304531336 0.01879500411 0.5043128729
vn 0.3425179124 0.9237704277 0.1712590307
v -0.06946589798 0.01879500411 0.8325479031
vn 0.0907663703 0.9791870713 -0.1815327555
v -0.2116408944 0.01879500411 0.8325479031
vn -0.3425179124 0.9237704277 -0.1712590307
v -0.2116409242 0.01879500411 0.9747228622
vn -0.0907663703 0.9791870713 0.1815327555
v -0.06946591288 0.01879500411 0.9747228622
vn 0.3425179124 0.9237704277 0.1712590307
v -0.2608469129 0.01879500411 0.8325479031
vn 0.09076637775 0.9791870713 -0.1815327555
v -0.4030219018 0.01879500411 0.8325478435
vn -0.3425179422 0.9237704277 -0.1712590307
v -0.4030219316 0.01879500411 0.9747228026
vn -0.09076637775 0.9791870713 0.1815327555
v -0.2608469129 0.01879500411 0.9747228622
vn 0.3425179422 0.9237704277 0.1712590307
v -0.4512718916 0.01879500411 0.8325478435
vn 0.0907663554 0.9791870713 -0.1815327555
v -0.5934469104 0.01879500411 0.8325478435
vn -0.3425178528 0.9237704873 -0.1712590307
v -0.5934469104 0.01879500411 0.9747228026
vn -0.0907663554 0.9791870713 0.1815327555
v -0.4512719214 0.01879500411 0.9747228026
vn 0.3425178528 0.9237704873 0.1712590307
v -0.06946587563 0.01879500411 0.5943749547
vn 0.09076639265 0.9791873097 -0.1815314442
v -0.2116408795 0.01879500411 0.5943749547
vn -0.342517972 0.9237706661 -0.171257779
v -0.2116408944 0.01879500411 0.7365509272
vn -0.09076639265 0.9791873097 0.1815314442
v -0.06946589053 0.01879500411 0.7365509272
vn 0.342517972 0.9237706661 0.171257779
v -0.2608468831 0.01879500411 0.5943749547
vn 0.0907664001 0.9791873097 -0.1815314442
v -0.4030219018 0.01879500411 0.5943748951
vn -0.342517972 0.9237706661 -0.171257779
v -0.4030219018 0.01879500411 0.7365508676
vn -0.0907664001 0.9791873097 0.1815314442
v -0.2608469129 0.01879500411 0.7365509272
vn 0.342517972 0.9237706661 0.171257779
v -0.4512718916 0.01879500411 0.5943748951
vn 0.0907663852 0.9791873097 -0.1815314442
v -0.5934468508 0.01879500411 0.5943748951
vn -0.3425179124 0.9237706661 -0.171257779
v -0.5934468508 0.01879500411 0.7365508676
vn -0.0907663852 0.9791873097 0.1815314442
v -0.4512718916 0.01879500411 0.7365508676
vn 0.3425179124 0.9237706661 0.171257779
v -0.06946586072 0.01879500411 0.3621378541
vn 0.0907663703 0.9791870713 -0.1815327555
v -0.2116408646 0.01879500411 0.3621378243
vn -0.3425179124 0.9237704277 -0.1712590307
v -0.2116408795 0.01879500411 0.5043128133
vn -0.0907663703 0.9791870713 0.1815327555
v -0.06946587563 0.01879500411 0.5043128729
vn 0.3425179124 0.9237704277 0.1712590307
v -0.2608468533 0.01879500411 0.3621378243
vn 0.09076637775 0.9791870713 -0.1815327555
v -0.403021872 0.01879500411 0.3621378243
vn -0.3425179422 0.9237704277 -0.1712590307
v -0.403021872 0.01879500411 0.5043128133
vn -0.09076637775 0.9791870713 0.1815327555
v -0.2608468831 0.01879500411 0.5043128133
vn 0.3425179422 0.9237704277 0.1712590307
v -0.4512718618 0.01879500411 0.3621378243
vn 0.0907663554 0.9791870713 -0.1815327555
v -0.5934468508 0.01879500411 0.3621378243
vn -0.3425178528 0.9237704873 -0.1712590307
v -0.5934468508 0.01879500411 0.5043128133
vn -0.09076666832 0.9791871309 0.1815321743
v -0.4512718618 0.01879500411 0.5043128133
vn 0.3425168991 0.9237710238 0.1712579876
v 0.6122590303 0.01879500411 1.066260934
vn 0.090766415 0.9791873097 -0.1815315038
v 0.4700840712 0.01879500411 1.066260934
vn -0.3425180614 0.9237706065 -0.1712578386
v 0.4700840712 0.01879500411 1.208436966
vn -0.090766415 0.9791873097 0.1815315038
v 0.6122590303 0.01879500411 1.208436966
vn 0.3425180614 0.9237706065 0.1712578386
v 0.4208780527 0.01879500411 1.066260934
vn 0.09076575935 0.9791873693 -0.1815315038
v 0.2787020802 0.01879500411 1.066260815
vn -0.342515856 0.9237713814 -0.1712579876
v 0.2787020802 0.01879500411 1.208436966
vn -0.09076575935 0.9791873693 0.1815315038
v 0.4208780527 0.01879500411 1.208436966
vn 0.342515856 0.9237713814 0.1712579876
v 0.2304530889 0.01879500411 1.066260815
vn 0.09076639265 0.9791873097 -0.1815315038
v 0.08827807754 0.01879500411 1.066260815
vn -0.3425180018 0.9237706065 -0.1712578535
v 0.08827807009 0.01879500411 1.208436966
vn -0.09076639265 0.9791873097 0.1815315038
v 0.230453074 0.01879500411 1.208436966
vn 0.3425180018 0.9237706065 0.1712578535
v -0.06946592033 0.01879500411 1.066260815
vn 0.09076639265 0.9791873097 -0.1815315038
v -0.2116409242 0.01879500411 1.066260815
vn -0.3425180018 0.9237706065 -0.1712578535
v -0.2116409391 0.01879500411 1.208436728
vn -0.09076639265 0.9791873097 0.1815315038
v -0.06946593523 0.01879500411 1.208436728
vn 0.3425180018 0.9237706065 0.1712578535
v -0.2608469129 0.01879500411 1.066260815
vn 0.0907664001 0.9791873097 -0.1815315038
v -0.4030219316 0.01879500411 1.066260815
vn -0.3425180018 0.9237706065 -0.1712578535
v -0.4030219316 0.01879500411 1.208436728
vn -0.0907664001 0.9791873097 0.1815315038
v -0.2608469427 0.01879500411 1.208436728
vn 0.3425180018 0.9237706065 0.1712578535
v -0.4512719214 0.01879500411 1.066260815
vn 0.09076637775 0.9791873097 -0.1815315038
v -0.5934469104 0.01879500411 1.066260815
vn -0.3425179124 0.9237706661 -0.1712578535
v -0.5934469104 0.01879500411 1.208436728
vn -0.09009425342 0.9719364643 0.2173075676
v -0.4512719214 0.01879500411 1.208436728
vn 0.3970336914 0.8878865242 0.2324258089
v -0.8109008074 0.01879500411 0.3621377945
vn 0.0907663554 0.9791870713 -0.1815327555
v -0.9530758858 0.01879500411 0.3621377945
vn -0.3425178528 0.9237704873 -0.1712590307
v -0.9530758858 0.01879500411 0.5043128133
vn -0.0907663554 0.9791870713 0.1815327555
v -0.8109008074 0.01879500411 0.5043128133
vn 0.3425178528 0.9237704873 0.1712590307
v -1.002281904 0.01879500411 0.3621377647
vn 0.0907664001 0.9791870713 -0.1815327555
v -1.144456863 0.01879500411 0.3621377647
vn -0.342517972 0.9237704277 -0.1712590307
v -1.144456863 0.01879500411 0.5043127537
vn -0.0907664001 0.9791870713 0.1815327555
v -1.002281904 0.01879500411 0.5043127537
vn 0.342517972 0.9237704277 0.1712590307
v -1.192706823 0.01879500411 0.3621377647
vn 0.09076631814 0.9791870713 -0.1815327704
v -1.334881783 0.01879500411 0.3621377647
vn -0.3425177336 0.9237704873 -0.1712590456
v -1.334881783 0.01879500411 0.5043127537
vn -0.09076631814 0.9791870713 0.1815327704
v -1.192706823 0.01879500411 0.5043127537
vn 0.3425177336 0.9237704873 0.1712590456
v -1.502332926 0.01879500411 0.3621377349
vn 0.0907664001 0.9791870713 -0.1815327555
v -1.644507766 0.01879500411 0.3621377349
vn -0.342517972 0.9237704277 -0.1712590307
v -1.644507766 0.01879500411 0.5043127537
vn -0.0907664001 0.9791870713 0.1815327555
v -1.502332926 0.01879500411 0.5043127537
vn 0.342517972 0.9237704277 0.1712590307
v -1.693713903 0.01879500411 0.3621377349
vn 0.09076571465 0.9791871309 -0.1815327555
v -1.835889935 0.01879500411 0.3621376753
vn -0.342515707 0.9237712026 -0.1712591797
v -1.835889935 0.01879500411 0.5043126941
vn -0.09076571465 0.9791871309 0.1815327555
v -1.693713903 0.01879500411 0.5043127537
vn 0.342515707 0.9237712026 0.1712591797
v -1.884138823 0.01879500411 0.3621376753
vn 0.09076631814 0.9791870713 -0.1815327704
v -2.026313782 0.01879500411 0.3621376753
vn -0.3425177336 0.9237704873 -0.1712590456
v -2.026313782 0.01879500411 0.5043126941
vn -0.09076631814 0.9791870713 0.1815327704
v -1.884138823 0.01879500411 0.5043126941
vn 0.3425177336 0.9237704873 0.1712590456
v 2.164879799 0.07672899961 2.967948914
vn 0 1 -6.123234263e-17
v 1.894911885 0.07672899961 2.967948914
vn -0.2980331779 0.9545555115 -2.605488802e-08
v 1.894911885 0.07672899961 2.982610226
vn -0.02674202248 0.1712966412 0.9848564863
v 2.164879799 0.07672899961 2.982610226
vn -8.642156502e-08 0.1509101689 0.9885475039
v 1.294167161 -0.007563001476 0.5043129921
vn 0.4472108185 5.476795592e-17 0.8944285512
v 1.294167161 -0.007563001476 0.3621379733
vn 0.894425869 -2.738409542e-17 -0.4472162127
v -1.865732074 -0.007563001476 3.113480806
vn -0.4472135305 -5.47678732e-17 -0.8944272399
v -1.865732074 -0.007563001476 3.265618801
vn -0.8944272399 2.738392998e-17 0.4472135305
v 1.151991129 -0.007563001476 0.3621379733
vn -0.4472108185 -5.476795592e-17 -0.8944285512
v -1.713594079 -0.007563001476 3.265618801
vn 0.4472135305 5.47678732e-17 0.8944272399
v 1.151991129 -0.007563001476 0.5043129921
vn -0.894425869 2.738409542e-17 0.4472162127
v -1.713594079 -0.007563001476 3.455922604
vn 0.4472135305 5.47678732e-17 0.8944272399
v -1.713594079 -0.007563001476 3.303784847
vn 0.8944272399 -2.738392998e-17 -0.4472135305
v -1.865732074 -0.007563001476 3.303784847
vn -0.4472135305 -5.47678732e-17 -0.8944272399
v 1.102786064 -0.01842300035 0.5043139458
vn 0.5052045584 1.294545928e-05 0.8629996181
v 1.102786064 -0.007563001476 0.3621379733
vn 0.9237558842 -2.345087477e-17 -0.3829818666
v -1.865732074 -0.007563001476 3.455922604
vn -0.8944272399 2.738392998e-17 0.4472135305
v 0.9606101513 -0.007563001476 0.3621379435
vn -0.4472109675 -5.47679493e-17 -0.8944284916
v 0.9606101513 -0.007563001476 0.5043129325
vn -0.8944265842 2.738401105e-17 0.4472148418
v -1.903532028 -0.007563001476 2.505609512
vn 0.4472135305 5.47678732e-17 0.8944272399
v -1.903532028 -0.007563001476 2.353471518
vn 0.8944272399 -2.738392998e-17 -0.4472135305
v -2.055670023 -0.007563001476 2.353471518
vn -0.4472135305 -5.47678732e-17 -0.8944272399
v 0.912361145 -0.007563001476 0.5043129325
vn 0.4472133815 5.476787651e-17 0.8944272995
v 0.912361145 -0.007563001476 0.3621379435
vn 0.8944271803 -2.738393826e-17 -0.4472136497
v -2.055670023 -0.007563001476 2.505609512
vn -0.8944272399 2.738392998e-17 0.4472135305
v 0.7701861262 -0.007563001476 0.3621379435
vn -0.4472133815 -5.476787651e-17 -0.8944272995
v 0.7701861262 -0.007563001476 0.5043129325
vn -0.8944271803 2.738393826e-17 0.4472136497
v -1.903532028 -0.007563001476 2.697012663
vn 0.4472136497 5.476786989e-17 0.8944271803
v -1.903532028 -0.007563001476 2.544874668
vn 0.8944272995 -2.738392171e-17 -0.4472133815
v -2.055670023 -0.007563001476 2.544874668
vn -0.4472136497 -5.476786989e-17 -0.8944271803
v 0.6122590303 -0.007563001476 0.9747229218
vn 0.4472135305 5.47678732e-17 0.8944272399
v 0.6122590303 -0.007563001476 0.8325480223
vn 0.8944272399 -2.738392998e-17 -0.4472135305
v -2.055670023 -0.007563001476 2.697012663
vn -0.8944272995 2.738392171e-17 0.4472133815
v 0.4700841308 -0.007563001476 0.8325480223
vn -0.4472135305 -5.47678732e-17 -0.8944272399
v 0.4700840712 -0.007563001476 0.9747229218
vn -0.8944272399 2.738392998e-17 0.4472135305
v -1.904448152 -0.007563001476 2.88585186
vn 0.4472135305 5.47678732e-17 0.8944272399
v -1.904448032 -0.007563001476 2.733713627
vn 0.8944272399 -2.738392998e-17 -0.4472135305
v -2.056586027 -0.007563001476 2.733713627
vn -0.4472135305 -5.47678732e-17 -0.8944272399
v 0.4208780527 -0.007563001476 0.9747229218
vn 0.4472109079 5.476795261e-17 0.8944285512
v 0.4208780825 -0.007563001476 0.8325480223
vn 0.8944259286 -2.738409046e-17 -0.4472161531
v -2.056586266 -0.007563001476 2.88585186
vn -0.8944272399 2.738392998e-17 0.4472135305
v 0.2787021101 -0.007563001476 0.8325479031
vn -0.4472109079 -5.476795261e-17 -0.8944285512
v 0.2787020802 -0.007563001476 0.9747228622
vn -0.8944259286 2.738409046e-17 0.4472161531
v -1.903532147 -0.007563001476 3.078794718
vn 0.4472135305 5.47678732e-17 0.8944272399
v -1.903532147 -0.007563001476 2.926656723
vn 0.8944272399 -2.738392998e-17 -0.4472135305
v -2.055670023 -0.007563001476 2.926656723
vn -0.4472135305 -5.47678732e-17 -0.8944272399
v 0.2304530889 -0.007563001476 0.9747228622
vn 0.4472134113 5.476787651e-17 0.8944272995
v 0.2304531187 -0.007563001476 0.8325479031
vn 0.8944271803 -2.73839366e-17 -0.4472136199
v -2.055670023 -0.007563001476 3.078794718
vn -0.8944272399 2.738392998e-17 0.4472135305
v 0.08827809989 -0.007563001476 0.8325479031
vn -0.4472134113 -5.476787651e-17 -0.8944272995
v 0.08827809244 -0.007563001476 0.9747228622
vn -0.8944271803 2.73839366e-17 0.4472136199
v -1.903532147 -0.007563001476 3.265618801
vn 0.4472135305 5.47678732e-17 0.8944272399
v -1.903532147 -0.007563001476 3.113480806
vn 0.8944272399 -2.738392998e-17 -0.4472135305
v -2.055670023 -0.007563001476 3.113480806
vn -0.4472135305 -5.47678732e-17 -0.8944272399
v 0.6122591496 -0.007563001476 0.7365509868
vn 0.4472162127 5.476779048e-17 0.894425869
v 0.6122591496 -0.007563001476 0.5943750143
vn 0.8944285512 -2.73837662e-17 -0.4472108185
v -2.055670023 -0.007563001476 3.265618801
vn -0.8944272399 2.738392998e-17 0.4472135305
v 0.4700841308 -0.007563001476 0.5943750143
vn -0.4472162127 -5.476779048e-17 -0.894425869
v 0.4700841308 -0.007563001476 0.7365509868
vn -0.8944285512 2.73837662e-17 0.4472108185
v -1.903532147 -0.007563001476 3.455922604
vn 0.4472135305 5.47678732e-17 0.8944272399
v -1.903532147 -0.007563001476 3.303784847
vn 0.8944272399 -2.738392998e-17 -0.4472135305
v -2.055670023 -0.007563001476 3.303784847
vn -0.4472135305 -5.47678732e-17 -0.8944272399
v 0.4208780825 -0.007563001476 0.7365509868
vn 0.4472135901 5.476786989e-17 0.8944271803
v 0.4208780825 -0.007563001476 0.5943750143
vn 0.8944272399 -2.738392668e-17 -0.4472134411
v -2.055670023 -0.007563001476 3.455922604
vn -0.8944272399 2.738392998e-17 0.4472135305
v 0.2787021101 -0.007563001476 0.5943749547
vn -0.4472135901 -5.476786989e-17 -0.8944271803
v 0.2787021101 -0.007563001476 0.7365509272
vn -0.8944272399 2.738392668e-17 0.4472134411
v -1.274556994 -0.007563001476 2.182880878
vn 0.4472112954 5.476793938e-17 0.8944283128
v -1.274556994 -0.007563001476 2.030742884
vn 0.8944261074 -2.738406564e-17 -0.4472157061
v -1.426695943 -0.007563001476 2.030742884
vn -0.4472112954 -5.476793938e-17 -0.8944283128
v 0.2304531187 -0.007563001476 0.7365509272
vn 0.4472161531 5.476779048e-17 0.8944259286
v 0.2304531336 -0.007563001476 0.5943749547
vn 0.8944285512 -2.738376951e-17 -0.4472109079
v -1.426695943 -0.007563001476 2.182880878
vn -0.8944261074 2.738406564e-17 0.4472157061
v 0.08827812225 -0.007563001476 0.5943749547
vn -0.4472161531 -5.476779048e-17 -0.8944259286
v 0.08827810735 -0.007563001476 0.7365509272
vn -0.8944285512 2.738376951e-17 0.4472109079
v -0.7086459994 -0.007563001476 2.182880878
vn 0.4472135305 5.47678732e-17 0.8944272399
v -0.7086459994 -0.007563001476 2.030742884
vn 0.8944272399 -2.738392833e-17 -0.4472135007
v -0.8607839346 -0.007563001476 2.030742884
vn -0.4472135305 -5.47678732e-17 -0.8944272399
v 0.6122591496 -0.007563001476 0.5043129325
vn 0.4472135305 5.47678732e-17 0.8944272399
v 0.6122591496 -0.007563001476 0.3621379435
vn 0.8944272399 -2.738392998e-17 -0.4472135305
v -0.8607839346 -0.007563001476 2.182880878
vn -0.8944272399 2.738392833e-17 0.4472135007
v 0.4700841606 -0.007563001476 0.3621378839
vn -0.4472135305 -5.47678732e-17 -0.8944272399
v 0.4700841606 -0.007563001476 0.5043128729
vn -0.8944272399 2.738392998e-17 0.4472135305
v -0.8985900283 -0.007563001476 2.182880878
vn 0.4472111464 5.476794599e-17 0.894428432
v -0.8985900283 -0.007563001476 2.030742884
vn 0.8944260478 -2.738407557e-17 -0.4472158849
v -1.050729036 -0.007563001476 2.030742884
vn -0.4472111464 -5.476794599e-17 -0.894428432
v 0.4208781123 -0.007563001476 0.5043128729
vn 0.4472109079 5.476795261e-17 0.8944285512
v 0.4208781123 -0.007563001476 0.3621378839
vn 0.8944259286 -2.738409046e-17 -0.4472161531
v -1.050729036 -0.007563001476 2.182880878
vn -0.8944260478 2.738407557e-17 0.4472158849
v 0.2787021399 -0.007563001476 0.3621378839
vn -0.4472109079 -5.476795261e-17 -0.8944285512
v 0.2787021101 -0.007563001476 0.5043128729
vn -0.8944259286 2.738409046e-17 0.4472161531
v -1.084612966 -0.007563001476 2.182880878
vn 0.4472135305 5.47678732e-17 0.8944272399
v -1.084612966 -0.007563001476 2.030742884
vn 0.8944272399 -2.738392833e-17 -0.4472135007
v -1.23675096 -0.007563001476 2.030742884
vn -0.4472135305 -5.47678732e-17 -0.8944272399
v 0.2304531336 -0.007563001476 0.5043128729
vn 0.4472134113 5.476787651e-17 0.8944272995
v 0.2304531485 -0.007563001476 0.3621378839
vn 0.8944271803 -2.73839366e-17 -0.4472136199
v -1.23675096 -0.007563001476 2.182880878
vn -0.8944272399 2.738392833e-17 0.4472135007
v 0.0882781446 -0.007563001476 0.3621378541
vn -0.4472134113 -5.476787651e-17 -0.8944272995
v 0.08827813715 -0.007563001476 0.5043128729
vn -0.8944271803 2.73839366e-17 0.4472136199
v -1.274556994 -0.007563001476 1.804653764
vn 0.4472136497 5.476786989e-17 0.8944271803
v -1.274556994 -0.007563001476 1.652514815
vn 0.8944272995 -2.738392337e-17 -0.4472134113
v -1.426695943 -0.007563001476 1.652514815
vn -0.4472136497 -5.476786989e-17 -0.8944271803
v -0.06946591288 -0.007563001476 0.9747228622
vn 0.4472134113 5.476787651e-17 0.8944272995
v -0.06946589798 -0.007563001476 0.8325479031
vn 0.8944271803 -2.73839366e-17 -0.4472136199
v -1.426695943 -0.007563001476 1.804653764
vn -0.8944272995 2.738392337e-17 0.4472134113
v -0.2116408944 -0.007563001476 0.8325479031
vn -0.4472134113 -5.476787651e-17 -0.8944272995
v -0.2116409242 -0.007563001476 0.9747228622
vn -0.8944271803 2.73839366e-17 0.4472136199
v -0.7086459994 -0.007563001476 1.804653764
vn 0.4472159147 5.476780041e-17 0.8944260478
v -0.7086459994 -0.007563001476 1.652514815
vn 0.894428432 -2.73837844e-17 -0.4472111464
v -0.8607839346 -0.007563001476 1.652514815
vn -0.4472159147 -5.476780041e-17 -0.8944260478
v -0.2608469129 -0.007563001476 0.9747228622
vn 0.4472134411 5.47678732e-17 0.8944272399
v -0.2608469129 -0.007563001476 0.8325479031
vn 0.8944271803 -2.738393495e-17 -0.4472135901
v -0.8607839346 -0.007563001476 1.804653764
vn -0.894428432 2.73837844e-17 0.4472111464
v -0.4030219018 -0.007563001476 0.8325478435
vn -0.4472134411 -5.47678732e-17 -0.8944272399
v -0.4030219316 -0.007563001476 0.9747228026
vn -0.8944271803 2.738393495e-17 0.4472135901
v -0.8985900283 -0.007563001476 1.804653764
vn 0.4472135305 5.47678732e-17 0.8944272399
v -0.8985900283 -0.007563001476 1.652514815
vn 0.8944272399 -2.738392998e-17 -0.4472135305
v -1.050729036 -0.007563001476 1.652514815
vn -0.4472135305 -5.47678732e-17 -0.8944272399
v -0.4512719214 -0.007563001476 0.9747228026
vn 0.4472133815 5.476787651e-17 0.8944272995
v -0.4512718916 -0.007563001476 0.8325478435
vn 0.8944271803 -2.738393826e-17 -0.4472136497
v -1.050729036 -0.007563001476 1.804653764
vn -0.8944272399 2.738392998e-17 0.4472135305
v -0.5934469104 -0.007563001476 0.8325478435
vn -0.4472133815 -5.476787651e-17 -0.8944272995
v -0.5934469104 -0.007563001476 0.9747228026
vn -0.8944271803 2.738393826e-17 0.4472136497
v -1.084612966 -0.007563001476 1.804653764
vn 0.4472159147 5.476780041e-17 0.8944260478
v -1.084612966 -0.007563001476 1.652514815
vn 0.894428432 -2.73837844e-17 -0.4472111464
v -1.23675096 -0.007563001476 1.652514815
vn -0.4472159147 -5.476780041e-17 -0.8944260478
v -0.06946589053 -0.007563001476 0.7365509272
vn 0.4472161531 5.476779048e-17 0.8944259286
v -0.06946587563 -0.007563001476 0.5943749547
vn 0.8944285512 -2.738376951e-17 -0.4472109079
v -1.23675096 -0.007563001476 1.804653764
vn -0.894428432 2.73837844e-17 0.4472111464
v -0.2116408795 -0.007563001476 0.5943749547
vn -0.4472161531 -5.476779048e-17 -0.8944259286
v -0.2116408944 -0.007563001476 0.7365509272
vn -0.8944285512 2.738376951e-17 0.4472109079
v -1.23675096 -0.007563001476 1.84153676
vn -0.4472158849 -5.476780041e-17 -0.8944260478
v -1.23675096 -0.007563001476 1.993675828
vn -0.894428432 2.73837844e-17 0.4472111464
v -1.084612966 -0.007563001476 1.993675828
vn 0.4472158849 5.476780041e-17 0.8944260478
v -0.2608469129 -0.007563001476 0.7365509272
vn 0.4472161531 5.476779048e-17 0.8944259286
v -0.2608468831 -0.007563001476 0.5943749547
vn 0.8944285512 -2.738376951e-17 -0.4472109079
v -1.084612966 -0.007563001476 1.84153676
vn 0.894428432 -2.73837844e-17 -0.4472111464
v -0.4030219018 -0.007563001476 0.5943748951
vn -0.4472161531 -5.476779048e-17 -0.8944259286
v -0.4030219018 -0.007563001476 0.7365508676
vn -0.8944285512 2.738376951e-17 0.4472109079
v -1.050729036 -0.007563001476 1.84153676
vn -0.4472135007 -5.47678732e-17 -0.8944272399
v -1.050729036 -0.007563001476 1.993675828
vn -0.8944272399 2.738392998e-17 0.4472135305
v -0.8985900283 -0.007563001476 1.993675828
vn 0.4472135007 5.47678732e-17 0.8944272399
v -0.4512718916 -0.007563001476 0.7365508676
vn 0.4472160637 5.476779379e-17 0.8944259286
v -0.4512718916 -0.007563001476 0.5943748951
vn 0.8944284916 -2.738377447e-17 -0.4472109675
v -0.8985900283 -0.007563001476 1.84153676
vn 0.8944272399 -2.738392998e-17 -0.4472135305
v -1.274556994 -0.007563001476 2.505609989
vn 0.4472112656 5.476794269e-17 0.8944283724
v -1.274556994 -0.007563001476 2.353471994
vn 0.8944261074 -2.73840673e-17 -0.4472157657
v -0.5934468508 -0.007563001476 0.5943748951
vn -0.4472160637 -5.476779379e-17 -0.8944259286
v -1.426695943 -0.007563001476 2.353471994
vn -0.4472112656 -5.476794269e-17 -0.8944283724
v -0.5934468508 -0.007563001476 0.7365508676
vn -0.8944284916 2.738377447e-17 0.4472109675
v -0.8607839346 -0.007563001476 1.84153676
vn -0.4472158849 -5.476780041e-17 -0.8944260478
v -0.8607839346 -0.007563001476 1.993675828
vn -0.894428432 2.73837844e-17 0.4472111464
v -1.426695943 -0.007563001476 2.505609989
vn -0.8944261074 2.73840673e-17 0.4472157657
v -0.7086459994 -0.007563001476 1.993675828
vn 0.4472158849 5.476780041e-17 0.8944260478
v -0.06946587563 -0.007563001476 0.5043128729
vn 0.4472134113 5.476787651e-17 0.8944272995
v -0.06946586072 -0.007563001476 0.3621378541
vn 0.8944271803 -2.73839366e-17 -0.4472136199
v -0.7086459994 -0.007563001476 1.84153676
vn 0.894428432 -2.73837844e-17 -0.4472111464
v -0.708646059 -0.007563001476 2.505609989
vn 0.4472135305 5.47678732e-17 0.8944272399
v -0.7086459994 -0.007563001476 2.353471994
vn 0.8944272399 -2.738392998e-17 -0.4472135305
v -0.2116408646 -0.007563001476 0.3621378243
vn -0.4472134113 -5.476787651e-17 -0.8944272995
v -0.8607839346 -0.007563001476 2.353471994
vn -0.4472135305 -5.47678732e-17 -0.8944272399
v -0.2116408795 -0.007563001476 0.5043128133
vn -0.8944271803 2.73839366e-17 0.4472136199
v -1.426695943 -0.007563001476 1.84153676
vn -0.4472136497 -5.476786989e-17 -0.8944271803
v -1.426695943 -0.007563001476 1.993675828
vn -0.8944272995 2.738392337e-17 0.4472134113
v -0.8607840538 -0.007563001476 2.505609989
vn -0.8944272399 2.738392998e-17 0.4472135305
v -1.274556994 -0.007563001476 1.993675828
vn 0.4472136497 5.476786989e-17 0.8944271803
v -0.2608468831 -0.007563001476 0.5043128133
vn 0.4472134411 5.47678732e-17 0.8944272399
v -0.2608468533 -0.007563001476 0.3621378243
vn 0.8944271803 -2.738393495e-17 -0.4472135901
v -1.274556994 -0.007563001476 1.84153676
vn 0.8944272995 -2.738392337e-17 -0.4472134113
v -0.8985901475 -0.007563001476 2.505609989
vn 0.4472111464 5.476794599e-17 0.894428432
v -0.8985900283 -0.007563001476 2.353471994
vn 0.8944260478 -2.738407722e-17 -0.4472159147
v -0.403021872 -0.007563001476 0.3621378243
vn -0.4472134411 -5.47678732e-17 -0.8944272399
v -1.050729036 -0.007563001476 2.353471994
vn -0.4472111464 -5.476794599e-17 -0.894428432
v -0.403021872 -0.007563001476 0.5043128133
vn -0.8944271803 2.738393495e-17 0.4472135901
v -1.903347969 -0.007563001476 1.995140791
vn 0.4472112954 5.476793938e-17 0.8944283128
v -1.903347969 -0.007563001476 1.843002796
vn 0.8944261074 -2.738406564e-17 -0.4472157359
v -1.050729156 -0.007563001476 2.505609989
vn -0.8944260478 2.738407722e-17 0.4472159147
v -2.055486917 -0.007563001476 1.843002796
vn -0.4472112954 -5.476793938e-17 -0.8944283128
v -0.4512718618 -0.007563001476 0.5043138266
vn 0.4472133815 1.618090027e-05 0.8944272995
v -0.4512718618 -0.007563001476 0.3621378243
vn 0.8944277763 -2.738386546e-17 -0.4472124577
v -2.055486917 -0.007563001476 1.995140672
vn -0.8944261074 2.738406564e-17 0.4472157359
v -1.084612966 -0.007563001476 2.505609989
vn 0.4472135305 5.47678732e-17 0.8944272399
v -1.084612966 -0.007563001476 2.353471994
vn 0.8944272399 -2.738392998e-17 -0.4472135305
v -0.5934468508 -0.007563001476 0.3621378243
vn -0.4472133815 -5.476787651e-17 -0.8944272995
v -1.23675096 -0.007563001476 2.353471994
vn -0.4472135305 -5.47678732e-17 -0.8944272399
v -0.5934468508 -0.007563001476 0.5043128133
vn -0.8944277763 2.738386546e-17 0.4472124577
v -1.527382135 -0.007563001476 1.995140791
vn 0.4472135305 5.47678732e-17 0.8944272399
v -1.527382135 -0.007563001476 1.843002796
vn 0.8944272399 -2.738392833e-17 -0.4472135007
v -1.23675096 -0.007563001476 2.505609989
vn -0.8944272399 2.738392998e-17 0.4472135305
v -1.679520011 -0.007563001476 1.843002796
vn -0.4472135305 -5.47678732e-17 -0.8944272399
v 0.6122590303 -0.007563001476 1.208436966
vn 0.4472160637 5.476779379e-17 0.8944259286
v 0.6122590303 -0.007563001476 1.066260934
vn 0.8944284916 -2.738377447e-17 -0.4472109675
v -1.679520011 -0.007563001476 1.995140791
vn -0.8944272399 2.738392833e-17 0.4472135007
v -1.274556994 -0.007563001476 2.697012901
vn 0.4472114146 5.476793607e-17 0.8944282532
v -1.274556994 -0.007563001476 2.544874668
vn 0.894426167 -2.738405902e-17 -0.4472156167
v 0.4700840712 -0.007563001476 1.066260934
vn -0.4472160637 -5.476779379e-17 -0.8944259286
v -1.426695943 -0.007563001476 2.544874668
vn -0.4472114146 -5.476793607e-17 -0.8944282532
v 0.4700840712 -0.007563001476 1.208436966
vn -0.8944284916 2.738377447e-17 0.4472109675
v -1.713404059 -0.007563001476 1.995140791
vn 0.4472112954 5.476793938e-17 0.8944283128
v -1.713404059 -0.007563001476 1.843002796
vn 0.8944261074 -2.738406564e-17 -0.4472157359
v -1.426695943 -0.007563001476 2.697012901
vn -0.894426167 2.738405902e-17 0.4472156167
v -1.865543008 -0.007563001476 1.843002796
vn -0.4472112954 -5.476793938e-17 -0.8944283128
v 0.4208780527 -0.007563001476 1.208436966
vn 0.4472134411 5.47678732e-17 0.8944272399
v 0.4208780527 -0.007563001476 1.066260934
vn 0.8944271803 -2.738393495e-17 -0.4472135901
v -1.865543008 -0.007563001476 1.995140791
vn -0.8944261074 2.738406564e-17 0.4472157359
v -0.708646059 -0.007563001476 2.697012901
vn 0.4472136497 5.476786989e-17 0.8944271803
v -0.708646059 -0.007563001476 2.544874907
vn 0.8944272995 -2.738392171e-17 -0.4472133815
v 0.2787020802 -0.007563001476 1.066260815
vn -0.4472134411 -5.47678732e-17 -0.8944272399
v -0.8607840538 -0.007563001476 2.544874668
vn -0.4472136497 -5.476786989e-17 -0.8944271803
v 0.2787020802 -0.007563001476 1.208436966
vn -0.8944271803 2.738393495e-17 0.4472135901
v -1.903347969 -0.007563001476 1.805386782
vn 0.4472136497 5.476786989e-17 0.8944271803
v -1.903347969 -0.007563001476 1.653247833
vn 0.8944272995 -2.738392337e-17 -0.4472134113
v -0.8607840538 -0.007563001476 2.697012901
vn -0.8944272995 2.738392171e-17 0.4472133815
v -2.055486917 -0.007563001476 1.653247595
vn -0.4472136497 -5.476786989e-17 -0.8944271803
v 0.230453074 -0.007563001476 1.208436966
vn 0.4472159743 5.47677971e-17 0.8944259882
v 0.2304530889 -0.007563001476 1.066260815
vn 0.894428432 -2.738377944e-17 -0.4472110569
v -2.055486917 -0.007563001476 1.805386662
vn -0.8944272995 2.738392337e-17 0.4472134113
v -0.8985901475 -0.007563001476 2.697012901
vn 0.4472112656 5.476794269e-17 0.8944283724
v -0.8985901475 -0.007563001476 2.544874668
vn 0.8944261074 -2.73840673e-17 -0.4472157657
v 0.08827807754 -0.007563001476 1.066260815
vn -0.4472159743 -5.47677971e-17 -0.8944259882
v -1.050729156 -0.007563001476 2.544874668
vn -0.4472112656 -5.476794269e-17 -0.8944283724
v 0.08827807009 -0.007563001476 1.208436966
vn -0.894428432 2.738377944e-17 0.4472110569
v -1.527382135 -0.007563001476 1.805386782
vn 0.4472158849 5.476780041e-17 0.8944260478
v -1.527382135 -0.007563001476 1.653247833
vn 0.894428432 -2.73837844e-17 -0.4472111464
v -1.050729156 -0.007563001476 2.697012901
vn -0.8944261074 2.73840673e-17 0.4472157657
v -1.679520011 -0.007563001476 1.653247833
vn -0.4472158849 -5.476780041e-17 -0.8944260478
v -0.06946593523 -0.007563001476 1.208436728
vn 0.4472159743 5.47677971e-17 0.8944259882
v -0.06946592033 -0.007563001476 1.066260815
vn 0.894428432 -2.738377944e-17 -0.4472110569
v -1.679520011 -0.007563001476 1.805386782
vn -0.894428432 2.73837844e-17 0.4472111464
v -1.084612966 -0.007563001476 2.697012901
vn 0.4472136497 5.476786989e-17 0.8944271803
v -1.084612966 -0.007563001476 2.544874668
vn 0.8944272995 -2.738392171e-17 -0.4472133815
v -0.2116409242 -0.007563001476 1.066260815
vn -0.4472159743 -5.47677971e-17 -0.8944259882
v -1.23675096 -0.007563001476 2.544874668
vn -0.4472136497 -5.476786989e-17 -0.8944271803
v -0.2116409391 -0.007563001476 1.208436728
vn -0.894428432 2.738377944e-17 0.4472110569
v -1.713404059 -0.007563001476 1.805386782
vn 0.4472136497 5.476786989e-17 0.8944271803
v -1.713404059 -0.007563001476 1.653247833
vn 0.8944272995 -2.738392337e-17 -0.4472134113
v -1.23675096 -0.007563001476 2.697012901
vn -0.8944272995 2.738392171e-17 0.4472133815
v -1.865543008 -0.007563001476 1.653247833
vn -0.4472136497 -5.476786989e-17 -0.8944271803
v -0.2608469427 -0.007563001476 1.208436728
vn 0.4472160041 5.47677971e-17 0.8944259882
v -0.2608469129 -0.007563001476 1.066260815
vn 0.8944284916 -2.738377778e-17 -0.4472110271
v -1.865543008 -0.007563001476 1.805386782
vn -0.8944272995 2.738392337e-17 0.4472134113
v -1.275473118 -0.007563001476 2.88585186
vn 0.4472112656 5.476794269e-17 0.8944283724
v -1.275472999 -0.007563001476 2.733713627
vn 0.8944261074 -2.73840673e-17 -0.4472157657
v -0.4030219316 -0.007563001476 1.066260815
vn -0.4472160041 -5.47677971e-17 -0.8944259882
v -1.427612066 -0.007563001476 2.733713627
vn -0.4472112656 -5.476794269e-17 -0.8944283724
v -0.4030219316 -0.007563001476 1.208436728
vn -0.8944284916 2.738377778e-17 0.4472110271
v -1.71359396 -0.007563001476 2.319905758
vn 0.4472159147 5.476780041e-17 0.8944260478
v -1.71359396 -0.007563001476 2.167766809
vn 0.894428432 -2.73837844e-17 -0.4472111464
v -1.427612185 -0.007563001476 2.88585186
vn -0.8944261074 2.73840673e-17 0.4472157657
v -1.865731955 -0.007563001476 2.167766809
vn -0.4472159147 -5.476780041e-17 -0.8944260478
v -0.4512719214 -0.01842300035 1.208436728
vn 0.5052098036 5.284329854e-17 0.8629965782
v -0.4512719214 -0.007563001476 1.066260815
vn 0.9237573743 -2.345065474e-17 -0.3829782605
v -1.865731955 -0.007563001476 2.319905758
vn -0.894428432 2.73837844e-17 0.4472111464
v -0.7095620632 -0.007563001476 2.88585186
vn 0.4472135305 5.47678732e-17 0.8944272399
v -0.7095620632 -0.007563001476 2.733713627
vn 0.8944272399 -2.738392998e-17 -0.4472135305
v -0.5934469104 -0.007563001476 1.066260815
vn -0.4472159147 -5.476780041e-17 -0.8944260478
v -0.861700058 -0.007563001476 2.733713627
vn -0.4472135305 -5.47678732e-17 -0.8944272399
v -0.5934469104 -0.007563001476 1.208436728
vn -0.894428432 2.73837844e-17 0.4472111464
v -1.902171016 -0.007563001476 2.318968773
vn 0.447213769 5.476786328e-17 0.8944271207
v -1.902171016 -0.007563001476 2.155276775
vn 0.8944273591 -2.738391509e-17 -0.4472132623
v -0.861700058 -0.007563001476 2.88585186
vn -0.8944272399 2.738392998e-17 0.4472135305
v -2.065862894 -0.007563001476 2.155276775
vn -0.447213769 -5.476786328e-17 -0.8944271207
v -0.8109008074 -0.007563001476 0.5043128133
vn 0.4472133815 5.476787651e-17 0.8944272995
v -0.8109008074 -0.007563001476 0.3621377945
vn 0.8944271803 -2.738393826e-17 -0.4472136497
v -2.065862894 -0.007563001476 2.318968773
vn -0.8944273591 2.738391509e-17 0.4472132623
v -0.8995060325 -0.007563001476 2.88585186
vn 0.4472110271 5.47679493e-17 0.8944284916
v -0.8995060325 -0.007563001476 2.733713627
vn 0.8944259882 -2.738408384e-17 -0.4472160339
v -0.9530758858 -0.007563001476 0.3621377945
vn -0.4472133815 -5.476787651e-17 -0.8944272995
v -1.051645041 -0.007563001476 2.733713627
vn -0.4472110271 -5.47679493e-17 -0.8944284916
v -0.9530758858 -0.007563001476 0.5043128133
vn -0.8944271803 2.738393826e-17 0.4472136497
v 1.992293835 -0.007563001476 1.777380109
vn 0.4472136497 5.476786989e-17 0.8944271803
v 1.992293835 -0.007563001476 1.650449038
vn 0.8944272995 -2.738392171e-17 -0.4472133815
v -1.051645041 -0.007563001476 2.88585186
vn -0.8944259882 2.738408384e-17 0.4472160339
v 1.865363002 -0.007563001476 1.650449038
vn -0.4472136497 -5.476786989e-17 -0.8944271803
v -1.002281904 -0.007563001476 0.5043127537
vn 0.4472135305 5.47678732e-17 0.8944272399
v -1.002281904 -0.007563001476 0.3621377647
vn 0.8944272399 -2.738392998e-17 -0.4472135305
v 1.865363002 -0.007563001476 1.777380109
vn -0.8944272995 2.738392171e-17 0.4472133815
v -1.085529089 -0.007563001476 2.88585186
vn 0.4472135305 5.47678732e-17 0.8944272399
v -1.085529089 -0.007563001476 2.733713627
vn 0.8944272399 -2.738392998e-17 -0.4472135305
v -1.144456863 -0.007563001476 0.3621377647
vn -0.4472135305 -5.47678732e-17 -0.8944272399
v -1.237666965 -0.007563001476 2.733713627
vn -0.4472135305 -5.47678732e-17 -0.8944272399
v -1.144456863 -0.007563001476 0.5043127537
vn -0.8944272399 2.738392998e-17 0.4472135305
v 1.615720868 -0.007563001476 1.777380109
vn 0.4472136497 5.476786989e-17 0.8944271803
v 1.615720868 -0.007563001476 1.650449038
vn 0.8944272995 -2.738392171e-17 -0.4472133815
v -1.237667084 -0.007563001476 2.88585186
vn -0.8944272399 2.738392998e-17 0.4472135305
v 1.488790035 -0.007563001476 1.650449038
vn -0.4472136497 -5.476786989e-17 -0.8944271803
v -1.192706823 -0.007563001476 0.5043127537
vn 0.4472132027 5.476788313e-17 0.8944273591
v -1.192706823 -0.007563001476 0.3621377647
vn 0.8944270611 -2.738394818e-17 -0.4472137988
v 1.488790035 -0.007563001476 1.777380109
vn -0.8944272995 2.738392171e-17 0.4472133815
v -1.274557114 -0.007563001476 3.078794718
vn 0.4472112656 5.476794269e-17 0.8944283724
v -1.274557114 -0.007563001476 2.926656723
vn 0.8944261074 -2.73840673e-17 -0.4472157657
v -1.334881783 -0.007563001476 0.3621377647
vn -0.4472132027 -5.476788313e-17 -0.8944273591
v -1.426696181 -0.007563001476 2.926656723
vn -0.4472112656 -5.476794269e-17 -0.8944283724
v -1.334881783 -0.007563001476 0.5043127537
vn -0.8944270611 2.738394818e-17 0.4472137988
v 1.37649405 -0.007563001476 1.777380109
vn 0.4472133219 5.476787651e-17 0.8944272995
v 1.37649405 -0.007563001476 1.650449038
vn 0.8944271207 -2.738394156e-17 -0.4472137094
v -1.426696181 -0.007563001476 3.078794718
vn -0.8944261074 2.73840673e-17 0.4472157657
v 1.249562979 -0.007563001476 1.650449038
vn -0.4472133219 -5.476787651e-17 -0.8944272995
v -1.502332926 -0.007563001476 0.5043127537
vn 0.4472135305 5.47678732e-17 0.8944272399
v -1.502332926 -0.007563001476 0.3621377349
vn 0.8944272399 -2.738392998e-17 -0.4472135305
v 1.249562979 -0.007563001476 1.777380109
vn -0.8944271207 2.738394156e-17 0.4472137094
v -0.708646059 -0.007563001476 3.078794718
vn 0.4472135305 5.47678732e-17 0.8944272399
v -0.708646059 -0.007563001476 2.926656723
vn 0.8944272399 -2.738392998e-17 -0.4472135305
v -1.644507766 -0.007563001476 0.3621377349
vn -0.4472135305 -5.47678732e-17 -0.8944272399
v -0.8607840538 -0.007563001476 2.926656723
vn -0.4472135305 -5.47678732e-17 -0.8944272399
v -1.644507766 -0.007563001476 0.5043127537
vn -0.8944272399 2.738392998e-17 0.4472135305
v 1.141242027 -0.007563001476 1.77737987
vn 0.4472133219 5.476787651e-17 0.8944272995
v 1.141242027 -0.007563001476 1.650449038
vn 0.8944271207 -2.738394156e-17 -0.4472137094
v -0.8607840538 -0.007563001476 3.078794718
vn -0.8944272399 2.738392998e-17 0.4472135305
v 1.014310956 -0.007563001476 1.650449038
vn -0.4472133219 -5.476787651e-17 -0.8944272995
v -1.693713903 -0.007563001476 0.5043127537
vn 0.4472108185 5.476795592e-17 0.8944285512
v -1.693713903 -0.007563001476 0.3621377349
vn 0.894425869 -2.738409542e-17 -0.4472162127
v 1.014310956 -0.007563001476 1.77737987
vn -0.8944271207 2.738394156e-17 0.4472137094
v -0.8985901475 -0.007563001476 3.078794718
vn 0.4472111464 5.476794599e-17 0.894428432
v -0.8985901475 -0.007563001476 2.926656723
vn 0.8944260478 -2.738407722e-17 -0.4472159147
v -1.835889935 -0.007563001476 0.3621376753
vn -0.4472108185 -5.476795592e-17 -0.8944285512
v -1.050729156 -0.007563001476 2.926656723
vn -0.4472111464 -5.476794599e-17 -0.894428432
v -1.835889935 -0.007563001476 0.5043126941
vn -0.894425869 2.738409542e-17 0.4472162127
v 0.9006909728 -0.007563001476 1.77737987
vn 0.4472136497 5.476786989e-17 0.8944271803
v 0.9006909728 -0.007563001476 1.650449038
vn 0.8944272995 -2.738392171e-17 -0.4472133815
v -1.050729156 -0.007563001476 3.078794718
vn -0.8944260478 2.738407722e-17 0.4472159147
v 0.7737600207 -0.007563001476 1.650449038
vn -0.4472136497 -5.476786989e-17 -0.8944271803
v -1.884138823 -0.007563001476 0.5043126941
vn 0.4472132027 5.476788313e-17 0.8944273591
v -1.884138823 -0.007563001476 0.3621376753
vn 0.8944270611 -2.738394818e-17 -0.4472137988
v 0.7737600207 -0.007563001476 1.77737987
vn -0.8944272995 2.738392171e-17 0.4472133815
v -1.084612966 -0.007563001476 3.078794718
vn 0.4472135305 5.47678732e-17 0.8944272399
v -1.084612966 -0.007563001476 2.926656723
vn 0.8944272399 -2.738392998e-17 -0.4472135305
v -2.026313782 -0.007563001476 0.3621376753
vn -0.4472132027 -5.476788313e-17 -0.8944273591
v -1.23675108 -0.007563001476 2.926656723
vn -0.4472135305 -5.47678732e-17 -0.8944272399
v -2.026313782 -0.007563001476 0.5043126941
vn -0.8944270611 2.738394818e-17 0.4472137988
v 0.6616050005 -0.007563001476 1.77737987
vn 0.4472135007 5.47678732e-17 0.8944272399
v 0.6616050005 -0.007563001476 1.650449038
vn 0.8944272399 -2.738392998e-17 -0.4472135305
v -1.23675108 -0.007563001476 3.078794718
vn -0.8944272399 2.738392998e-17 0.4472135305
v 0.5346740484 -0.007563001476 1.650448799
vn -0.4472135007 -5.47678732e-17 -0.8944272399
v 0.5346739888 -0.007563001476 1.77737987
vn -0.8944272399 2.738392998e-17 0.4472135305
v -1.274557114 -0.007563001476 3.265618801
vn 0.4472112656 5.476794269e-17 0.8944283724
v -1.274557114 -0.007563001476 3.113480806
vn 0.8944261074 -2.73840673e-17 -0.4472157657
v -1.426696181 -0.007563001476 3.113480806
vn -0.4472112656 -5.476794269e-17 -0.8944283724
v 0.4223789871 -0.007563001476 1.77737987
vn 0.4472135603 5.476786989e-17 0.8944271803
v 0.4223790169 -0.007563001476 1.650448799
vn 0.8944272399 -2.738392668e-17 -0.4472134411
v -1.426696181 -0.007563001476 3.265618801
vn -0.8944261074 2.73840673e-17 0.4472157657
v 0.295448035 -0.007563001476 1.650448799
vn -0.4472135603 -5.476786989e-17 -0.8944271803
v 0.2954480052 -0.007563001476 1.77737987
vn -0.8944272399 2.738392668e-17 0.4472134411
v -0.7086461782 -0.007563001476 3.265618801
vn 0.4472135305 5.47678732e-17 0.8944272399
v -0.708646059 -0.007563001476 3.113480806
vn 0.8944272399 -2.738392998e-17 -0.4472135305
v -0.8607840538 -0.007563001476 3.113480806
vn -0.4472135305 -5.47678732e-17 -0.8944272399
v 0.187127009 -0.007563001476 1.77737987
vn 0.4472135305 5.47678732e-17 0.8944272399
v 0.1871270239 -0.007563001476 1.650448799
vn 0.8944272399 -2.738392833e-17 -0.4472135007
v -0.8607841134 -0.007563001476 3.265618801
vn -0.8944272399 2.738392998e-17 0.4472135305
v 0.06019602716 -0.007563001476 1.650448799
vn -0.4472135305 -5.47678732e-17 -0.8944272399
v 0.06019601971 -0.007563001476 1.77737987
vn -0.8944272399 2.738392833e-17 0.4472135007
v -0.8985902071 -0.007563001476 3.265618801
vn 0.4472111464 5.476794599e-17 0.894428432
v -0.8985901475 -0.007563001476 3.113480806
vn 0.8944260478 -2.738407722e-17 -0.4472159147
v -1.050729156 -0.007563001476 3.113480806
vn -0.4472111464 -5.476794599e-17 -0.894428432
v -0.05342398211 -0.007563001476 1.77737987
vn 0.4472106993 5.476795923e-17 0.8944286108
v -0.05342397094 -0.007563001476 1.650448799
vn 0.8944258094 -2.738410204e-17 -0.4472163022
v -1.050729156 -0.007563001476 3.265618801
vn -0.8944260478 2.738407722e-17 0.4472159147
v -0.1803559661 -0.007563001476 1.650448799
vn -0.4472106993 -5.476795923e-17 -0.8944286108
v -0.180355981 -0.007563001476 1.77737987
vn -0.8944258094 2.738410204e-17 0.4472163022
v -1.084613085 -0.007563001476 3.265618801
vn 0.4472135305 5.47678732e-17 0.8944272399
v -1.084612966 -0.007563001476 3.113480806
vn 0.8944272399 -2.738392998e-17 -0.4472135305
v -1.23675108 -0.007563001476 3.113480806
vn -0.4472135305 -5.47678732e-17 -0.8944272399
v -0.441475004 -0.007563001476 1.777379751
vn 0.4472135603 5.476786989e-17 0.8944271803
v -0.4414749742 -0.007563001476 1.650448799
vn 0.8944272399 -2.738392668e-17 -0.4472134411
v -1.23675108 -0.007563001476 3.265618801
vn -0.8944272399 2.738392998e-17 0.4472135305
v -0.5684059858 -0.007563001476 1.650448799
vn -0.4472135603 -5.476786989e-17 -0.8944271803
v -1.811176777 1.11181464e-09 0.275626719
vn 8.254669837e-09 0.9955322146 -0.0944224149
v -1.811176777 0.007856999524 0.275626719
vn 9.865711581e-10 0.9999363422 -0.01128505915
v -1.105728865 0.007856999524 0.2756267786
vn 9.865711581e-10 0.9999363422 -0.01128505915
v -1.105728865 1.11181464e-09 0.2756267786
vn 9.761940589e-09 0.9937460423 -0.1116635799
v -0.5684059858 -0.007563001476 1.777379751
vn -0.8944272399 2.738392668e-17 0.4472134411
v -1.274557114 -0.007563001476 3.455922842
vn 0.4472112656 5.476794269e-17 0.8944283724
v -1.274557114 -0.007563001476 3.303784847
vn 0.8944261074 -2.73840673e-17 -0.4472157657
v -1.426696181 -0.007563001476 3.303784847
vn -0.4472112656 -5.476794269e-17 -0.8944283724
v 1.805433989 1.111814751e-09 1.337648034
vn -1.11605587e-08 0.9918177724 0.1276619136
v 1.805433989 0.007856999524 1.337648034
vn -1.877137334e-09 0.9997694492 0.02147194743
v -1.105728984 0.007856999524 1.337647796
vn -1.877137334e-09 0.9997694492 0.02147194743
v -1.105728984 1.111814751e-09 1.337647796
vn -4.22638502e-09 0.9988307357 0.04834420979
v -0.4455049932 -0.007563001476 2.156844854
vn 0.4472136199 5.476786989e-17 0.8944271803
v -0.4455049932 -0.007563001476 2.029913902
vn 0.8944272995 -2.738392337e-17 -0.4472134113
v -1.426696181 -0.007563001476 3.455922842
vn -0.8944261074 2.73840673e-17 0.4472157657
v -0.5724359751 -0.007563001476 2.029913902
vn -0.4472136199 -5.476786989e-17 -0.8944271803
v 2.208589077 0.07672899961 2.322403908
vn 0.9679936767 0.2509732544 0.0008264904027
v 2.208589077 -0.007563001476 2.322403908
vn 0.950047493 1.911094595e-17 0.3121054471
v 2.208589077 -0.007563001476 2.293081045
vn 0.5571135283 -5.084956165e-17 -0.8304363489
v 2.208589077 0.07672899961 2.293081045
vn 0.4823857844 0.5002756715 -0.7190467119
v -0.5724359751 -0.007563001476 2.156844854
vn -0.8944272995 2.738392337e-17 0.4472134113
v -0.7086461782 -0.007563001476 3.455922842
vn 0.4472135305 5.47678732e-17 0.8944272399
v -0.7086461782 -0.007563001476 3.303784847
vn 0.8944272399 -2.738392998e-17 -0.4472135305
v 2.164880037 0.07672899961 2.293081045
vn 8.317530131e-08 0.3079130352 -0.9514145255
v 2.164880037 -0.007563001476 2.293081045
vn 8.742277657e-08 -6.123234263e-17 -1
v 1.894912004 -0.007563001476 2.293081045
vn -0.05422830954 -6.11422395e-17 -0.9985285401
v 1.894912004 0.07672899961 2.293081045
vn -0.2009861916 0.3218565583 -0.9252096415
v -0.8607841134 -0.007563001476 3.303784847
vn -0.4472135305 -5.47678732e-17 -0.8944272399
v 1.894911885 -0.007563001476 2.967948914
vn -1 -5.35310124e-24 -8.742277657e-08
v 1.894911885 -0.007563001476 2.982610226
vn -0.1079775915 6.087433224e-17 0.9941533208
v -0.445505023 -0.007563001476 2.314689636
vn 0.4472136199 5.476786989e-17 0.8944271803
v -0.445505023 -0.007563001476 2.187758923
vn 0.8944272995 -2.738392337e-17 -0.4472134113
v -0.8607841134 -0.007563001476 3.455922842
vn -0.8944272399 2.738392998e-17 0.4472135305
v -0.5724360347 -0.007563001476 2.187758923
vn -0.4472136199 -5.476786989e-17 -0.8944271803
v -0.5724360347 -0.007563001476 2.314689636
vn -0.8944272995 2.738392337e-17 0.4472134113
v -0.8985902071 -0.007563001476 3.455922842
vn 0.4472111464 5.476794599e-17 0.894428432
v -0.8985902071 -0.007563001476 3.303784847
vn 0.8944260478 -2.738407722e-17 -0.4472159147
v -1.050729156 -0.007563001476 3.303784847
vn -0.4472111464 -5.476794599e-17 -0.894428432
v -0.445505023 -0.007563001476 2.469973803
vn 0.4472136199 5.476786989e-17 0.8944271803
v -0.445505023 -0.007563001476 2.34304285
vn 0.8944272995 -2.738392337e-17 -0.4472134113
v -1.050729156 -0.007563001476 3.455922842
vn -0.8944260478 2.738407722e-17 0.4472159147
v -0.5724360347 -0.007563001476 2.34304285
vn -0.4472136199 -5.476786989e-17 -0.8944271803
v -0.5724360347 -0.007563001476 2.469973803
vn -0.8944272995 2.738392337e-17 0.4472134113
v -1.084613085 -0.007563001476 3.455922842
vn 0.4472135305 5.47678732e-17 0.8944272399
v -1.084613085 -0.007563001476 3.303784847
vn 0.8944272399 -2.738392998e-17 -0.4472135305
v -1.23675108 -0.007563001476 3.303784847
vn -0.4472135305 -5.47678732e-17 -0.8944272399
v -0.4455050528 -0.007563001476 2.626317739
vn 0.4472136199 5.476786989e-17 0.8944271803
v -0.445505023 -0.007563001476 2.499386787
vn 0.8944272995 -2.738392337e-17 -0.4472134113
v -1.23675108 -0.007563001476 3.455922842
vn -0.8944272399 2.738392998e-17 0.4472135305
v -0.5724360347 -0.007563001476 2.499386787
vn -0.4472136199 -5.476786989e-17 -0.8944271803
v -0.5724360347 -0.007563001476 2.626317739
vn -0.8944272995 2.738392337e-17 0.4472134113
v -1.526769996 -0.007563001476 2.505609989
vn 0.4472135305 5.47678732e-17 0.8944272399
v -1.526769996 -0.007563001476 2.353471994
vn 0.8944272399 -2.738392998e-17 -0.4472135305
v -1.67890799 -0.007563001476 2.353471518
vn -0.4472135305 -5.47678732e-17 -0.8944272399
v -0.4455050528 -0.007563001476 2.786551714
vn 0.4472136199 5.476786989e-17 0.8944271803
v -0.4455050528 -0.007563001476 2.659620762
vn 0.8944272995 -2.738392337e-17 -0.4472134113
v -1.67890799 -0.007563001476 2.505609512
vn -0.8944272399 2.738392998e-17 0.4472135305
v -0.5724360347 -0.007563001476 2.659620762
vn -0.4472136199 -5.476786989e-17 -0.8944271803
v -0.5724360347 -0.007563001476 2.786551714
vn -0.8944272995 2.738392337e-17 0.4472134113
v -1.526769996 -0.007563001476 2.697012901
vn 0.4472136497 5.476786989e-17 0.8944271803
v -1.526769996 -0.007563001476 2.544874668
vn 0.8944272995 -2.738392171e-17 -0.4472133815
v -1.67890799 -0.007563001476 2.544874668
vn -0.4472136497 -5.476786989e-17 -0.8944271803
v -0.4455050528 -0.007563001476 2.944396973
vn 0.4472134113 5.476787651e-17 0.8944272995
v -0.4455050528 -0.007563001476 2.817466021
vn 0.8944271803 -2.73839366e-17 -0.4472136199
v -1.67890799 -0.007563001476 2.697012663
vn -0.8944272995 2.738392171e-17 0.4472133815
v -0.5724360347 -0.007563001476 2.817466021
vn -0.4472134113 -5.476787651e-17 -0.8944272995
v -0.5724360347 -0.007563001476 2.944396973
vn -0.8944271803 2.73839366e-17 0.4472136199
v -1.527686119 -0.007563001476 2.88585186
vn 0.4472135305 5.47678732e-17 0.8944272399
v -1.527686 -0.007563001476 2.733713627
vn 0.8944272399 -2.738392998e-17 -0.4472135305
v -1.679823995 -0.007563001476 2.733713627
vn -0.4472135305 -5.47678732e-17 -0.8944272399
v -0.4455050826 -0.007563001476 3.099680901
vn 0.447213769 5.476786328e-17 0.8944271207
v -0.4455050528 -0.007563001476 2.97274971
vn 0.8944273591 -2.738391675e-17 -0.4472132921
v -1.679824114 -0.007563001476 2.88585186
vn -0.8944272399 2.738392998e-17 0.4472135305
v -0.5724360347 -0.007563001476 2.97274971
vn -0.447213769 -5.476786328e-17 -0.8944271207
v -0.5724360943 -0.007563001476 3.099680901
vn -0.8944273591 2.738391675e-17 0.4472132921
v -1.526770115 -0.007563001476 3.078794718
vn 0.4472135305 5.47678732e-17 0.8944272399
v -1.526770115 -0.007563001476 2.926656723
vn 0.8944272399 -2.738392998e-17 -0.4472135305
v -1.67890811 -0.007563001476 2.926656723
vn -0.4472135305 -5.47678732e-17 -0.8944272399
v -0.4455050826 -0.007563001476 3.256024599
vn 0.4472134113 5.476787651e-17 0.8944272995
v -0.4455050826 -0.007563001476 3.129093885
vn 0.8944271803 -2.73839366e-17 -0.4472136199
v -1.67890811 -0.007563001476 3.078794718
vn -0.8944272399 2.738392998e-17 0.4472135305
v -0.5724360943 -0.007563001476 3.129093885
vn -0.4472134113 -5.476787651e-17 -0.8944272995
v -0.5724360943 -0.007563001476 3.256024599
vn -0.8944271803 2.73839366e-17 0.4472136199
v -1.526770115 -0.007563001476 3.265618801
vn 0.4472135305 5.47678732e-17 0.8944272399
v -1.526770115 -0.007563001476 3.113480806
vn 0.8944272399 -2.738392998e-17 -0.4472135305
v -1.67890811 -0.007563001476 3.113480806
vn -0.4472135305 -5.47678732e-17 -0.8944272399
v 1.294167161 -0.007563001476 0.9747229815
vn 0.4472108185 5.476795592e-17 0.8944285512
v 1.294167161 -0.007563001476 0.8325480819
vn 0.894425869 -2.738409542e-17 -0.4472162127
v -1.67890811 -0.007563001476 3.265618801
vn -0.8944272399 2.738392998e-17 0.4472135305
v 1.151991129 -0.007563001476 0.8325480223
vn -0.4472108185 -5.476795592e-17 -0.8944285512
v 1.151991129 -0.007563001476 0.9747229218
vn -0.894425869 2.738409542e-17 0.4472162127
v -1.526770115 -0.007563001476 3.455922842
vn 0.4472135305 5.47678732e-17 0.8944272399
v -1.526770115 -0.007563001476 3.303784847
vn 0.8944272399 -2.738392998e-17 -0.4472135305
v -1.67890811 -0.007563001476 3.303784847
vn -0.4472135305 -5.47678732e-17 -0.8944272399
v 1.102786064 -0.007563001476 0.9747229218
vn 0.4472109675 5.47679493e-17 0.8944284916
v 1.102786064 -0.007563001476 0.8325480223
vn 0.8944259286 -2.738408715e-17 -0.4472160637
v -1.67890811 -0.007563001476 3.455922604
vn -0.8944272399 2.738392998e-17 0.4472135305
v 0.9606100321 -0.007563001476 0.8325480223
vn -0.4472109675 -5.47679493e-17 -0.8944284916
v 0.9606100321 -0.007563001476 0.9747229218
vn -0.8944259286 2.738408715e-17 0.4472160637
v -1.71359396 -0.007563001476 2.505609512
vn 0.4472135305 5.47678732e-17 0.8944272399
v -1.71359396 -0.007563001476 2.353471518
vn 0.8944272399 -2.738392998e-17 -0.4472135305
v -1.865731955 -0.007563001476 2.353471518
vn -0.4472135305 -5.47678732e-17 -0.8944272399
v 0.9123610854 -0.007563001476 0.9747229218
vn 0.4472133815 5.476787651e-17 0.8944272995
v 0.9123610854 -0.007563001476 0.8325480223
vn 0.8944271803 -2.738393826e-17 -0.4472136497
v -1.865731955 -0.007563001476 2.505609512
vn -0.8944272399 2.738392998e-17 0.4472135305
v 0.7701860666 -0.007563001476 0.8325480223
vn -0.4472133815 -5.476787651e-17 -0.8944272995
v 0.7701860666 -0.007563001476 0.9747229218
vn -0.8944271803 2.738393826e-17 0.4472136497
v -1.71359396 -0.007563001476 2.697012663
vn 0.4472136497 5.476786989e-17 0.8944271803
v -1.71359396 -0.007563001476 2.544874668
vn 0.8944272995 -2.738392171e-17 -0.4472133815
v -1.865731955 -0.007563001476 2.544874668
vn -0.4472136497 -5.476786989e-17 -0.8944271803
v 1.294167161 -0.007563001476 0.7365510464
vn 0.4472135305 5.47678732e-17 0.8944272399
v 1.294167161 -0.007563001476 0.5943750739
vn 0.8944272399 -2.738392998e-17 -0.4472135305
v -1.865731955 -0.007563001476 2.697012663
vn -0.8944272995 2.738392171e-17 0.4472133815
v 1.151991129 -0.007563001476 0.5943750143
vn -0.4472135305 -5.47678732e-17 -0.8944272399
v 1.151991129 -0.007563001476 0.7365509868
vn -0.8944272399 2.738392998e-17 0.4472135305
v -1.714510083 -0.007563001476 2.88585186
vn 0.4472135305 5.47678732e-17 0.8944272399
v -1.714509964 -0.007563001476 2.733713627
vn 0.8944272399 -2.738392998e-17 -0.4472135305
v -1.866647959 -0.007563001476 2.733713627
vn -0.4472135305 -5.47678732e-17 -0.8944272399
v 1.102786064 -0.007563001476 0.7365509868
vn 0.4472136497 5.476786989e-17 0.8944271803
v 1.102786064 -0.007563001476 0.5943750143
vn 0.8944272995 -2.738392171e-17 -0.4472133815
v -1.866648197 -0.007563001476 2.88585186
vn -0.8944272399 2.738392998e-17 0.4472135305
v 0.9606101513 -0.007563001476 0.5943750143
vn -0.4472136497 -5.476786989e-17 -0.8944271803
v 0.9606101513 -0.007563001476 0.7365509868
vn -0.8944272995 2.738392171e-17 0.4472133815
v -1.713594079 -0.007563001476 3.078794718
vn 0.4472135305 5.47678732e-17 0.8944272399
v -1.713594079 -0.007563001476 2.926656723
vn 0.8944272399 -2.738392998e-17 -0.4472135305
v -1.865732074 -0.007563001476 2.926656723
vn -0.4472135305 -5.47678732e-17 -0.8944272399
v 0.912361145 -0.007563001476 0.7365509868
vn 0.4472160637 5.476779379e-17 0.8944259286
v 0.912361145 -0.007563001476 0.5943750143
vn 0.8944284916 -2.738377447e-17 -0.4472109675
v -1.865732074 -0.007563001476 3.078794718
vn -0.8944272399 2.738392998e-17 0.4472135305
v 0.7701861262 -0.007563001476 0.5943750143
vn -0.4472160637 -5.476779379e-17 -0.8944259286
v 0.7701861262 -0.007563001476 0.7365509868
vn -0.8944284916 2.738377447e-17 0.4472109675
v -1.713594079 -0.007563001476 3.113480806
vn 0.8944272399 -2.738392998e-17 -0.4472135305
v 1.805434227 0.007856999524 0.9718130231
vn 0 1 -6.123234263e-17
v -1.105728984 0.007856999524 0.9718128443
vn 0 1 -6.123234263e-17
v 0.3683650494 0.01879500411 1.219663858
vn 0.2770749331 0.7849506736 -0.5541497469
v 0.3310290575 0.01879500411 1.219663858
vn -0.7555803657 0.5351381302 -0.3777902722
v 0.3310290575 0.01879500411 1.25699985
vn -0.2770749331 0.7849506736 0.5541497469
v 0.3683650494 0.01879500411 1.25699985
vn 0.7555803657 0.5351381302 0.3777902722
v 0.3683650494 -0.007563001476 1.25699985
vn 0.4472135305 5.47678732e-17 0.8944272399
v 0.3683650494 -0.007563001476 1.219663858
vn 0.8944272399 -2.738392998e-17 -0.4472135305
v 0.3310290575 -0.007563001476 1.219663858
vn -0.4472135305 -5.47678732e-17 -0.8944272399
v 0.3310290575 -0.007563001476 1.25699985
vn -0.8944272399 2.738392998e-17 0.4472135305
v 0.368365109 0.01879500411 0.5157749653
vn 0.2770773768 0.7849575877 -0.55413872
v 0.3310291171 0.01879500411 0.5157749653
vn -0.7555834651 0.5351403356 -0.3777809739
v 0.3310291171 0.01879500411 0.5531119108
vn -0.2770773768 0.7849575877 0.55413872
v 0.368365109 0.01879500411 0.5531119108
vn 0.7555834651 0.5351403356 0.3777809739
v 0.368365109 -0.007563001476 0.5531119108
vn 0.4472237825 5.476755887e-17 0.8944221139
v 0.368365109 -0.007563001476 0.5157749653
vn 0.8944323659 -2.738330133e-17 -0.4472032487
v 0.3310291171 -0.007563001476 0.5157749653
vn -0.4472237825 -5.476755887e-17 -0.8944221139
v 0.3310291171 -0.007563001476 0.5531119108
vn -0.8944323659 2.738330133e-17 0.4472032487
v 2.135936022 1.111814751e-09 1.337648034
vn 0.02004495449 0.9991428852 0.03621796891
v 2.135936022 0.007856999524 1.337648034
vn 0.04748127237 0.9986418486 0.02144773491
v 2.135936022 0.007856999524 0.9718130827
vn 0.02926053479 0.9995718002 2.558037338e-09
v 2.135936022 0.007856999524 0.2756270468
vn 0.01188486721 0.9998657107 -0.01128426101
v 1.805434227 0.007856999524 0.2756270468
vn 9.865711581e-10 0.9999363422 -0.01128505915
v 1.919785261 -0.3363089859 0.1105790734
vn 8.602082602e-08 -0.1783694327 -0.9839636087
v 1.919785261 -0.03333799914 0.1105790734
vn 8.742256341e-08 0.002201190218 -0.9999975562
v 1.919785261 -0.002538000466 0.1479390562
vn 2.081702632e-08 0.9712359905 -0.238119036
v 1.919785261 -0.000640998187 0.1592929959
vn 1.081081802e-08 0.9923244715 -0.1236613467
v 1.919785261 1.11181464e-09 0.1711001098
vn 7.765682541e-10 0.9999605417 -0.008882905357
v 1.805434227 1.11181464e-09 0.2756270468
vn 3.700810547e-09 0.9991036057 -0.04233234003
v 1.919785261 -0.005617999006 0.1374760866
vn 3.171085439e-08 0.9318943024 -0.3627298772
v 1.919785261 -0.01481599919 0.1207790449
vn 5.749318177e-08 0.7533276677 -0.6576453447
v 1.919785261 -0.009763999842 0.1283050179
vn 4.388732577e-08 0.8648603559 -0.5020124912
v 1.919785261 -0.02057999931 0.1151861027
vn 7.172171479e-08 0.5717888474 -0.8204008341
v 1.919785261 -0.02683400176 0.1117421389
vn 8.345426039e-08 0.2978731394 -0.9546054602
v 2.135936022 1.11181464e-09 0.2756270468
vn 0.06596402824 0.9976991415 -0.01565762423
v -1.175762892 -0.3363089859 0.1105787903
vn 8.689224273e-08 -0.1100014076 -0.9939314127
v -2.135936022 1.111814751e-09 1.337647676
vn -0.04802605137 0.9986186028 0.02131683938
v -2.135936022 0.007856999524 1.337647676
vn -0.01209299173 0.9996963739 0.02147037536
v -1.811176777 0.007856999524 0.9718127251
vn 0 1 -6.123234263e-17
v 2.135936022 1.111814751e-09 0.9718130827
vn 0.04371298477 0.9990441203 3.821510663e-09
v -1.175762892 -0.03333799914 0.1105787903
vn 8.742139812e-08 0.00561553007 -0.9999842048
v -1.175762892 1.11181464e-09 0.1710998267
vn 3.386270708e-10 0.9999924898 -0.0038734423
v -1.175762892 -0.000640998187 0.1592927128
vn 8.540857799e-09 0.99521631 -0.0976960212
v -1.175762892 -0.002538000466 0.147938773
vn 1.840164288e-08 0.9775959849 -0.2104902565
v -1.175762892 -0.005617999006 0.1374758035
vn 2.904791074e-08 0.9431845546 -0.3322693706
v -1.175762892 -0.009763999842 0.1283047348
vn 4.089415029e-08 0.8838478327 -0.46777457
v -1.175762892 -0.01481599919 0.1207787618
vn 5.418336713e-08 0.7847712636 -0.6197854877
v -1.175762892 -0.02057999931 0.1151858196
vn 6.843565359e-08 0.6222574711 -0.782812655
v -1.175762892 -0.02683400176 0.1117418557
vn 8.119687323e-08 0.3706216514 -0.9287839532
v -1.811177015 1.111814751e-09 1.337647796
vn -4.993046865e-09 0.9983676672 0.05711379647
v -1.811177015 0.007856999524 1.337647796
vn -1.877137334e-09 0.9997694492 0.02147194743
v 1.884625077 0.1246230006 1.090864062
vn 0.4837968349 -0.5544516444 0.677143991
v 1.860041142 0.1246230006 1.104004979
vn 0.3322867751 -0.5623391867 0.7572054863
v 1.849809051 0.1360159963 1.19475913
vn 0.159107849 -0.64320755 0.748978436
v 1.833366275 0.1246230006 1.112096071
vn 0.1878262758 -0.5544579029 0.8107389808
v 1.805624962 0.1360159963 1.205172062
vn -0.05039630458 -0.6582040787 0.7511508465
v 1.761440992 0.1360159963 1.19475913
vn -0.1396249235 -0.6432095766 0.7528521419
v 1.716635942 0.1360159963 1.187471032
vn -0.3340150118 -0.6582029462 0.6746872067
v 1.679800153 0.1360159963 1.160942078
vn -0.4171017408 -0.643209815 0.6421115398
v 1.641194105 0.1360159963 1.137062073
vn -0.5667796135 -0.6582049727 0.4955069125
v 1.617315173 0.1360159963 1.098456979
vn -0.6310795546 -0.6432050467 0.433619529
v 1.590786099 0.1360159963 1.06162107
vn -0.7132565379 -0.6582062244 0.2408934534
v 1.58349812 0.1360159963 1.01681602
vn -0.7489798069 -0.6432056427 0.1591092348
v 1.57308507 0.1360159963 0.9726319909
vn -0.7511523366 -0.6582022905 -0.05039742589
v 1.58349812 0.1360159963 0.9284480214
vn -0.7528548837 -0.6432064772 -0.1396244466
v 1.590786099 0.1360159963 0.8836430311
vn -0.6746863127 -0.6582036614 -0.3340154886
v 1.617315173 0.1360159963 0.846807003
vn -0.6421180964 -0.6432073712 -0.4170954227
v 1.641194105 0.1360159963 0.808201015
vn -0.4955064356 -0.6582015753 -0.5667839646
v 1.679800153 0.1360159963 0.784322083
vn -0.4336175919 -0.6432061195 -0.631079793
v 1.716636181 0.1360159963 0.7577929497
vn -0.2408927083 -0.6582055688 -0.7132573724
v 1.761441112 0.1360159963 0.7505049706
vn -0.1591080278 -0.6432058215 -0.7489799261
v 1.805625081 0.1360159963 0.7400920987
vn 0.050396882 -0.6582018137 -0.7511528134
v 1.849809289 0.1360159963 0.7505049706
vn 0.1396237314 -0.643206954 -0.7528545856
v 1.8946141 0.1360159963 0.7577929497
vn 0.3340164721 -0.6582019925 -0.6746874452
v 1.931450129 0.1360159963 0.784322083
vn 0.4170997739 -0.6432079673 -0.6421146989
v 1.970055103 0.1360159963 0.808201015
vn 0.5667792559 -0.6582051516 -0.4955071211
v 1.993935108 0.1360159963 0.846807003
vn 0.6310763359 -0.6432086229 -0.4336189032
v 2.020463943 0.1360159963 0.8836430907
vn 0.7132569551 -0.6582060456 -0.2408927679
v 2.027752161 0.1360159963 0.928448081
vn 0.7489799261 -0.6432051659 -0.1591105908
v 2.038165092 0.1360159963 0.9726320505
vn 0.7511523366 -0.6582022905 0.05039808527
v 2.027752161 0.1360159963 1.016816139
vn 0.7528548241 -0.6432064176 0.1396250725
v 1.805625081 0.1246230006 1.114828944
vn 0.01722568646 -0.5623428226 0.8267247677
v 1.90617311 0.1246230006 1.073180079
vn 0.5967594385 -0.5623406768 0.5724081993
v 1.923857093 0.1246230006 1.051632047
vn 0.7060988545 -0.5544576049 0.4404556155
v 1.936997175 0.1246230006 1.027047992
vn 0.7703765631 -0.5623431802 0.3004831076
v 1.945090175 0.1246230006 1.000373006
vn 0.8209058046 -0.5544541478 0.1367271245
v 1.947822213 0.1246230006 0.9726319909
vn 0.8267258406 -0.5623415709 -0.01721586101
v 1.945090175 0.1246230006 0.9448910356
vn 0.8107395172 -0.5544540286 -0.1878353357
v 1.936998129 0.1246230006 0.9182159901
vn 0.7572032809 -0.5623365045 -0.3322962821
v 1.923857093 0.1246230006 0.8936319947
vn 0.6771413684 -0.5544560552 -0.4837954938
v 1.90617311 0.1246230006 0.8720840812
vn 0.5724182725 -0.5623403788 -0.5967500806
v 1.884625077 0.1246230006 0.8543990254
vn 0.4404641688 -0.554451108 -0.7060986161
v 1.860041142 0.1246230006 0.8412590027
vn 0.3004671037 -0.5623416901 -0.7703838944
v 1.833366275 0.1246230006 0.8331670165
vn 0.1367180198 -0.5544523001 -0.8209085464
v 1.805625081 0.1246230006 0.8304350972
vn -0.01721604168 -0.5623418093 -0.8267256618
v 1.777884126 0.1246230006 0.8331670165
vn -0.1878352761 -0.5544542074 -0.8107394576
v 1.75120914 0.1246230006 0.8412590027
vn -0.332272768 -0.5623348355 -0.7572148442
v 1.72662425 0.1246230006 0.8543990254
vn -0.4837993979 -0.5544492602 -0.6771441102
v 1.705076098 0.1246230006 0.8720840812
vn -0.5967612863 -0.5623455048 -0.5724015236
v 1.687393069 0.1246230006 0.893631041
vn -0.7060962915 -0.5544524193 -0.4404662251
v 1.674252152 0.1246230006 0.9182149768
vn -0.7703868151 -0.5623361468 -0.3004699349
v 1.666160226 0.1246230006 0.9448910356
vn -0.8209087849 -0.5544517636 -0.1367188245
v 1.663428068 0.1246230006 0.9726319909
vn -0.8267260194 -0.5623412132 0.01721703447
v 1.666160226 0.1246230006 1.000373006
vn -0.8107391 -0.5544543266 0.1878363192
v 1.674252152 0.1246230006 1.027047992
vn -0.7572037578 -0.5623371005 0.3322942555
v 1.687393069 0.1246230006 1.051632047
vn -0.6771492958 -0.5544588566 0.4837811589
v 1.705076098 0.1246230006 1.073180079
vn -0.5724140406 -0.5623375177 0.5967568159
v 1.72662425 0.1246230006 1.090864062
vn -0.4404622912 -0.5544487238 0.706101656
v 1.75120914 0.1246230006 1.104004979
vn -0.3004553318 -0.5623424649 0.7703879476
v 1.777884126 0.1246230006 1.112096071
vn -0.1367281973 -0.5544549823 0.8209050298
v 1.805625081 -0.0178219974 1.114828944
vn -0.03282178566 6.001586435e-17 0.9994612336
v 1.777884126 -0.0178219974 1.112096071
vn -0.2271595597 5.608113823e-17 0.9738575816
v 1.75120914 -0.0178219974 1.104004979
vn -0.4127874672 5.340521557e-17 0.9108273983
v 1.72662425 -0.0178219974 1.090864062
vn -0.5825520754 5.450310261e-17 0.8127933741
v 1.705076098 -0.0178219974 1.073180079
vn -0.7299398184 4.658700731e-17 0.6835113764
v 1.687393069 -0.0178219974 1.051632047
vn -0.8492516875 3.232995719e-17 0.527988255
v 1.674252152 -0.0178219974 1.027047992
vn -0.9359347224 2.156441328e-17 0.3521735966
v 1.666160226 -0.0178219974 1.000373006
vn -0.9866588712 9.968699323e-18 0.1628012061
v 1.663428068 -0.0178219974 0.9726319909
vn -0.9994615912 -2.009052756e-18 -0.03281032294
v 1.666160226 -0.0178219974 0.9448910356
vn -0.9738559723 -1.390991881e-17 -0.2271662205
v 1.674252152 -0.0178219974 0.9182149768
vn -0.910821259 -2.527676678e-17 -0.4128009081
v 1.687393069 -0.0178219974 0.893631041
vn -0.8127916455 -3.093735231e-17 -0.5825544596
v 1.705076098 -0.0178219974 0.8720840812
vn -0.6835361719 -3.996082739e-17 -0.7299166322
v 1.72662425 -0.0178219974 0.8543990254
vn -0.5279783607 -4.72680946e-17 -0.8492578268
v 1.75120914 -0.0178219974 0.8412590027
vn -0.3521595597 -5.25757751e-17 -0.9359399676
v 1.777884126 -0.0178219974 0.8331670165
vn -0.162798658 -5.923197506e-17 -0.9866592884
v 1.805625081 -0.0178219974 0.8304350972
vn 0.03280886635 -6.119938114e-17 -0.9994616508
v 1.833366275 -0.0178219974 0.8331670165
vn 0.2271700799 -6.081490759e-17 -0.9738550782
v 1.860041142 -0.0178219974 0.8412590027
vn 0.4127869904 -5.103818861e-17 -0.9108275771
v 1.884625077 -0.0178219974 0.8543990254
vn 0.582567215 -4.503474003e-17 -0.812782526
v 1.90617311 -0.0178219974 0.8720840812
vn 0.7299337387 -4.185340008e-17 -0.6835178733
v 1.923857093 -0.0178219974 0.8936319947
vn 0.8492450714 -3.23306057e-17 -0.5279988647
v 1.936998129 -0.0178219974 0.9182159901
vn 0.9359342456 -2.156448938e-17 -0.3521748483
v 1.945090175 -0.0178219974 0.9448910356
vn 0.986659348 -9.968528097e-18 -0.1627984196
v 1.947822213 -0.0178219974 0.9726319909
vn 0.9994616508 2.008965075e-18 0.0328088887
v 1.945090175 -0.0178219974 1.000373006
vn 0.9738500118 1.154451313e-17 0.2271919847
v 1.936997175 -0.0178219974 1.027047992
vn 0.9108224511 1.817573059e-17 0.4127983749
v 1.923857093 -0.0178219974 1.051632047
vn 0.8127943277 3.567096616e-17 0.5825507641
v 1.90617311 -0.0178219974 1.073180079
vn 0.6835235953 4.46952254e-17 0.7299284339
v 1.884625077 -0.0178219974 1.090864062
vn 0.5279981494 4.253345174e-17 0.8492455482
v 1.833366275 -0.0178219974 1.112096071
vn 0.1628114283 6.278227396e-17 0.9866572022
v 1.860041142 -0.0178219974 1.104004979
vn 0.3521531224 5.494288146e-17 0.9359424114
v 2.129617691 1.111814862e-09 3.52330184
vn 0.01616258919 0.9974085093 0.07010692358
v 2.129617929 1.111814751e-09 1.559435964
vn 0.02747961506 0.9991781116 -0.02979891375
v 2.129617929 0.00868999958 1.559435964
vn 0.001020125812 0.9999896884 -0.004424899817
v 2.129617691 0.00868999958 3.52330184
vn 0.00408046972 0.9999818802 0.004424865823
v 1.894912004 -0.007563001476 2.322403908
vn -1 -5.35310124e-24 -8.742277657e-08
v 1.894912004 0.07672899961 2.322403908
vn -0.5047029853 0.8632930517 -4.412253674e-08
v 1.894911885 -0.007563001476 2.953287125
vn -1 -5.35310124e-24 -8.742277657e-08
v 1.894911885 0.07672899961 2.953287125
vn -0.1594289243 0.9872093797 -1.393772031e-08
v 2.208588839 0.07672899961 2.982610226
vn 0.7403621078 0.3839097619 0.551794529
v 2.208588839 -0.007563001476 2.982610226
vn 0.3180194199 5.805341474e-17 0.9480841756
v 2.208588839 -0.007563001476 2.953287125
vn 0.986911118 -9.874652196e-18 -0.1612653136
v 2.208588839 0.07672899961 2.953287125
vn 0.6270290613 0.3251416087 -0.707896471
v 2.208539009 0.07672899961 2.322403908
vn -8.742277657e-08 6.123234263e-17 1
v 2.199006081 0.04230000451 2.322403908
vn 0.999633193 0.006152907386 0.02637501433
v 2.199006081 -0.007563001476 2.322403908
vn 0.9991691709 2.495500304e-18 0.04075461254
v 2.164880037 0.07672899961 2.322403908
vn 0 1 -6.123234263e-17
v 2.164879799 0.07672899961 2.953287125
vn 0 1 -6.123234263e-17
v 2.164879799 0.07672899961 2.953287125
vn 0.0739294365 0.9704247713 -0.229804799
v 2.199006081 0.04230000451 2.953287125
vn 0.9992370605 0.02068579569 -0.03312667832
v 2.199006081 -0.007563001476 2.953287125
vn 0.9997913241 -1.250948032e-18 -0.02042953297
v 2.164879799 -0.007563001476 2.982610226
vn -8.742277657e-08 6.123234263e-17 1
v 2.208539009 0.07672899961 2.953287125
vn 0 0 0
v 2.164880037 0.07672899961 2.322403908
vn 0.0757394731 0.9941843748 0.07655670494
v 2.171538115 0.07606700063 2.322403908
vn 0.2290771157 0.9734080434 -0.0006980634644
v 2.177939892 0.07410799712 2.322403908
vn 0.4157602489 0.9094700813 -0.00276275794
v 2.183840036 0.07092700154 2.322403908
vn 0.5859543085 0.810321033 -0.006109866314
v 2.189011097 0.0666449964 2.322403908
vn 0.7329036593 0.6802498698 -0.01060034987
v 2.193254948 0.06142799556 2.322403908
vn 0.8511948586 0.5246042013 -0.0160543099
v 2.196408987 0.0554760024 2.322403908
vn 0.9367217422 0.3493659198 -0.02226777561
v 2.198350906 0.04901700094 2.322403908
vn 0.9864826202 0.1612781286 -0.02900775895
v 2.198350668 0.04901700094 2.953287125
vn 0.9743054509 0.2252297401 0.0006931838579
v 2.196408749 0.0554760024 2.953287125
vn 0.912166059 0.4098115265 0.002748948056
v 2.193254709 0.06142799556 2.953287125
vn 0.815187335 0.5791653395 0.006093481556
v 2.189011097 0.0666449964 2.953287125
vn 0.6867262721 0.7268387675 0.01060509589
v 2.183839798 0.07092700154 2.953287125
vn 0.5312539339 0.8470593095 0.01611944288
v 2.177939653 0.07410799712 2.953287125
vn 0.3547615111 0.9346880317 0.02241852134
v 2.171538115 0.07606700063 2.953287125
vn 0.1641671062 0.9859988689 0.02924765274
v 0.562793076 0.01879500411 1.219663858
vn 0.2770749331 0.7849506736 -0.5541497469
v 0.5254570842 0.01879500411 1.219663858
vn -0.7555803657 0.5351381302 -0.3777902722
v 0.5254570842 0.01879500411 1.25699985
vn -0.2770749331 0.7849506736 0.5541497469
v 0.562793076 0.01879500411 1.25699985
vn 0.7555803657 0.5351381302 0.3777902722
v 0.562793076 -0.007563001476 1.25699985
vn 0.4472135305 5.47678732e-17 0.8944272399
v 0.562793076 -0.007563001476 1.219663858
vn 0.8944272399 -2.738392998e-17 -0.4472135305
v 0.5254570842 -0.007563001476 1.219663858
vn -0.4472135305 -5.47678732e-17 -0.8944272399
v 0.5254570842 -0.007563001476 1.25699985
vn -0.8944272399 2.738392998e-17 0.4472135305
v 0.1855190694 0.01879500411 1.220745921
vn 0.2770772278 0.7849572301 -0.5541393161
v 0.1481830776 0.01879500411 1.220745921
vn -0.7555832863 0.5351402164 -0.3777814507
v 0.1481830776 0.01879500411 1.258082986
vn -0.2770772278 0.7849572301 0.5541393161
v 0.1855190694 0.01879500411 1.258082986
vn 0.7555832863 0.5351402164 0.3777814507
v 0.1855190694 -0.007563001476 1.258082986
vn 0.4472232163 5.476757542e-17 0.8944223523
v 0.1855190694 -0.007563001476 1.220745921
vn 0.8944320679 -2.738333441e-17 -0.4472037852
v 0.1481830776 -0.007563001476 1.220745921
vn -0.4472232163 -5.476757542e-17 -0.8944223523
v 0.1481830776 -0.007563001476 1.258082986
vn -0.8944320679 2.738333441e-17 0.4472037852
v 0.3683650494 0.01879500411 0.9878869653
vn 0.2770771086 0.7849568725 -0.5541398525
v 0.3310290575 0.01879500411 0.9878869653
vn -0.7555831075 0.5351400971 -0.3777819872
v 0.3310290575 0.01879500411 1.025223851
vn -0.2770771086 0.7849568725 0.5541398525
v 0.3683650494 0.01879500411 1.025223851
vn 0.7555831075 0.5351400971 0.3777819872
v 0.3683650494 -0.007563001476 1.025223851
vn 0.4472226501 5.476759196e-17 0.8944226503
v 0.3683650494 -0.007563001476 0.9878869653
vn 0.8944317698 -2.738337081e-17 -0.4472043812
v 0.3310290575 -0.007563001476 0.9878869653
vn -0.4472226501 -5.476759196e-17 -0.8944226503
v 0.3310290575 -0.007563001476 1.025223851
vn -0.8944317698 2.738337081e-17 0.4472043812
v 0.562793076 0.01879500411 0.9878870249
vn 0.2770771086 0.7849568725 -0.5541398525
v 0.5254570842 0.01879500411 0.9878870249
vn -0.7555831075 0.5351400971 -0.3777819872
v 0.5254570842 0.01879500411 1.02522397
vn -0.2770771086 0.7849568725 0.5541398525
v 0.562793076 0.01879500411 1.02522397
vn 0.7555831075 0.5351400971 0.3777819872
v 0.562793076 -0.007563001476 1.02522397
vn 0.4472226501 5.476759196e-17 0.8944226503
v 0.562793076 -0.007563001476 0.9878870249
vn 0.8944317698 -2.738337081e-17 -0.4472043812
v 0.5254570842 -0.007563001476 0.9878870249
vn -0.4472226501 -5.476759196e-17 -0.8944226503
v 0.5254570842 -0.007563001476 1.02522397
vn -0.8944317698 2.738337081e-17 0.4472043812
v 0.1855190843 0.01879500411 0.9889698029
vn 0.2770749331 0.7849506736 -0.5541497469
v 0.1481830925 0.01879500411 0.9889698029
vn -0.7555803657 0.5351381302 -0.3777902722
v 0.1481830925 0.01879500411 1.026305914
vn -0.2770749331 0.7849506736 0.5541497469
v 0.1855190843 0.01879500411 1.026305914
vn 0.7555803657 0.5351381302 0.3777902722
v 0.1855190843 -0.007563001476 1.026305914
vn 0.4472135305 5.47678732e-17 0.8944272399
v 0.1855190843 -0.007563001476 0.9889698029
vn 0.8944272399 -2.738392998e-17 -0.4472135305
v 0.1481830925 -0.007563001476 0.9889698029
vn -0.4472135305 -5.47678732e-17 -0.8944272399
v 0.1481830925 -0.007563001476 1.026305914
vn -0.8944272399 2.738392998e-17 0.4472135305
v 0.3683650792 0.01879500411 0.7506859303
vn 0.2770749331 0.7849506736 -0.5541497469
v 0.3310290873 0.01879500411 0.7506859303
vn -0.7555803657 0.5351381302 -0.3777902722
v 0.3310290873 0.01879500411 0.7880219221
vn -0.2770749331 0.7849506736 0.5541497469
v 0.3683650792 0.01879500411 0.7880219221
vn 0.7555803657 0.5351381302 0.3777902722
v 0.3683650792 -0.007563001476 0.7880219221
vn 0.4472135305 5.47678732e-17 0.8944272399
v 0.3683650792 -0.007563001476 0.7506859303
vn 0.8944272399 -2.738392998e-17 -0.4472135305
v 0.3310290873 -0.007563001476 0.7506859303
vn -0.4472135305 -5.47678732e-17 -0.8944272399
v 0.3310290873 -0.007563001476 0.7880219221
vn -0.8944272399 2.738392998e-17 0.4472135305
v 0.5627931356 0.01879500411 0.7506859899
vn 0.2770749331 0.7849506736 -0.5541497469
v 0.5254571438 0.01879500411 0.7506859899
vn -0.7555803657 0.5351381302 -0.3777902722
v 0.5254571438 0.01879500411 0.7880219817
vn -0.2770749331 0.7849506736 0.5541497469
v 0.5627931356 0.01879500411 0.7880219817
vn 0.7555803657 0.5351381302 0.3777902722
v 0.5627931356 -0.007563001476 0.7880219817
vn 0.4472135305 5.47678732e-17 0.8944272399
v 0.5627931356 -0.007563001476 0.7506859899
vn 0.8944272399 -2.738392998e-17 -0.4472135305
v 0.5254571438 -0.007563001476 0.7506859899
vn -0.4472135305 -5.47678732e-17 -0.8944272399
v 0.5254571438 -0.007563001476 0.7880219817
vn -0.8944272399 2.738392998e-17 0.4472135305
v 0.1855191141 0.01879500411 0.7517679334
vn 0.2770771086 0.7849568725 -0.5541398525
v 0.1481831074 0.01879500411 0.7517679334
vn -0.7555831075 0.5351400971 -0.3777819872
v 0.1481831074 0.01879500411 0.7891048789
vn -0.2770771086 0.7849568725 0.5541398525
v 0.1855191141 0.01879500411 0.7891048789
vn 0.7555831075 0.5351400971 0.3777819872
v 0.1855191141 -0.007563001476 0.7891048789
vn 0.4472226501 5.476759196e-17 0.8944226503
v 0.1855191141 -0.007563001476 0.7517679334
vn 0.8944317698 -2.738337081e-17 -0.4472043812
v 0.1481831074 -0.007563001476 0.7517679334
vn -0.4472226501 -5.476759196e-17 -0.8944226503
v 0.1481831074 -0.007563001476 0.7891048789
vn -0.8944317698 2.738337081e-17 0.4472043812
v 0.5627931952 0.01879500411 0.5147939324
vn 0.2770749331 0.7849506736 -0.5541497469
v 0.5254571438 0.01879500411 0.5147939324
vn -0.7555803657 0.5351381302 -0.3777902722
v 0.5254571438 0.01879500411 0.5521298647
vn -0.2770749331 0.7849506736 0.5541497469
v 0.5627931952 0.01879500411 0.5521298647
vn 0.7555803657 0.5351381302 0.3777902722
v 0.5627931952 -0.007563001476 0.5521298647
vn 0.4472135305 5.47678732e-17 0.8944272399
v 0.5627931952 -0.007563001476 0.5147939324
vn 0.8944272399 -2.738392998e-17 -0.4472135305
v 0.5254571438 -0.007563001476 0.5147939324
vn -0.4472135305 -5.47678732e-17 -0.8944272399
v 0.5254571438 -0.007563001476 0.5521298647
vn -0.8944272399 2.738392998e-17 0.4472135305
v 0.185519129 0.01879500411 0.5158768892
vn 0.2770749331 0.7849506736 -0.5541497469
v 0.1481831223 0.01879500411 0.5158768892
vn -0.7555803657 0.5351381302 -0.3777902722
v 0.1481831223 0.01879500411 0.5532128811
vn -0.2770749331 0.7849506736 0.5541497469
v 0.185519129 0.01879500411 0.5532128811
vn 0.7555803657 0.5351381302 0.3777902722
v 0.185519129 -0.007563001476 0.5532128811
vn 0.4472135305 5.47678732e-17 0.8944272399
v 0.185519129 -0.007563001476 0.5158768892
vn 0.8944272399 -2.738392998e-17 -0.4472135305
v 0.1481831223 -0.007563001476 0.5158768892
vn -0.4472135305 -5.47678732e-17 -0.8944272399
v 0.1481831223 -0.007563001476 0.5532128811
vn -0.8944272399 2.738392998e-17 0.4472135305
v 1.045578122 0.01879500411 0.5157750249
vn 0.2770773768 0.7849575877 -0.55413872
v 1.00824213 0.01879500411 0.5157750249
vn -0.7555834651 0.5351403356 -0.3777809739
v 1.00824213 0.01879500411 0.5531119704
vn -0.2770773768 0.7849575877 0.55413872
v 1.045578122 0.01879500411 0.5531119704
vn 0.7555834651 0.5351403356 0.3777809739
v 1.045578122 -0.007563001476 0.5531119704
vn 0.4472237825 5.476755887e-17 0.8944221139
v 1.045578122 -0.007563001476 0.5157750249
vn 0.8944323659 -2.738330133e-17 -0.4472032487
v 1.00824213 -0.007563001476 0.5157750249
vn -0.4472237825 -5.476755887e-17 -0.8944221139
v 1.00824213 -0.007563001476 0.5531119704
vn -0.8944323659 2.738330133e-17 0.4472032487
v 1.045578122 0.01879500411 0.9878870249
vn 0.2770771086 0.7849568725 -0.5541398525
v 1.008242011 0.01879500411 0.9878870249
vn -0.7555831075 0.5351400971 -0.3777819872
v 1.008242011 0.01879500411 1.02522397
vn -0.2770771086 0.7849568725 0.5541398525
v 1.045578122 0.01879500411 1.02522397
vn 0.7555831075 0.5351400971 0.3777819872
v 1.045578122 -0.007563001476 1.02522397
vn 0.4472226501 5.476759196e-17 0.8944226503
v 1.045578122 -0.007563001476 0.9878870249
vn 0.8944317698 -2.738337081e-17 -0.4472043812
v 1.008242011 -0.007563001476 0.9878870249
vn -0.4472226501 -5.476759196e-17 -0.8944226503
v 1.008242011 -0.007563001476 1.02522397
vn -0.8944317698 2.738337081e-17 0.4472043812
v 1.240007162 0.01879500411 0.9878870845
vn 0.2770771086 0.7849568725 -0.5541398525
v 1.20267117 0.01879500411 0.9878870845
vn -0.7555831075 0.5351400971 -0.3777819872
v 1.20267117 0.01879500411 1.02522397
vn -0.2770771086 0.7849568725 0.5541398525
v 1.240007162 0.01879500411 1.02522397
vn 0.7555831075 0.5351400971 0.3777819872
v 1.240007162 -0.007563001476 1.02522397
vn 0.4472226501 5.476759196e-17 0.8944226503
v 1.240007162 -0.007563001476 0.9878870845
vn 0.8944317698 -2.738337081e-17 -0.4472043812
v 1.20267117 -0.007563001476 0.9878870845
vn -0.4472226501 -5.476759196e-17 -0.8944226503
v 1.20267117 -0.007563001476 1.02522397
vn -0.8944317698 2.738337081e-17 0.4472043812
v 0.8627331257 0.01879500411 0.9889699221
vn 0.2770749331 0.7849506736 -0.5541497469
v 0.8253970742 0.01879500411 0.9889699221
vn -0.7555803657 0.5351381302 -0.3777902722
v 0.8253970742 0.01879500411 1.026305914
vn -0.2770749331 0.7849506736 0.5541497469
v 0.8627331257 0.01879500411 1.026305914
vn 0.7555803657 0.5351381302 0.3777902722
v 0.8627331257 -0.007563001476 1.026305914
vn 0.4472135305 5.47678732e-17 0.8944272399
v 0.8627331257 -0.007563001476 0.9889699221
vn 0.8944272399 -2.738392998e-17 -0.4472135305
v 0.8253970742 -0.007563001476 0.9889699221
vn -0.4472135305 -5.47678732e-17 -0.8944272399
v 0.8253970742 -0.007563001476 1.026305914
vn -0.8944272399 2.738392998e-17 0.4472135305
v 1.045578122 0.01879500411 0.7506859899
vn 0.2770749331 0.7849506736 -0.5541497469
v 1.00824213 0.01879500411 0.7506859899
vn -0.7555803657 0.5351381302 -0.3777902722
v 1.008242011 0.01879500411 0.7880219817
vn -0.2770749331 0.7849506736 0.5541497469
v 1.045578122 0.01879500411 0.7880219817
vn 0.7555803657 0.5351381302 0.3777902722
v 1.045578122 -0.007563001476 0.7880219817
vn 0.4472135305 5.47678732e-17 0.8944272399
v 1.045578122 -0.007563001476 0.7506859899
vn 0.8944272399 -2.738392998e-17 -0.4472135305
v 1.00824213 -0.007563001476 0.7506859899
vn -0.4472135305 -5.47678732e-17 -0.8944272399
v 1.008242011 -0.007563001476 0.7880219817
vn -0.8944272399 2.738392998e-17 0.4472135305
v 1.240007162 0.01879500411 0.7506860495
vn 0.2770749331 0.7849506736 -0.5541497469
v 1.20267117 0.01879500411 0.7506860495
vn -0.7555803657 0.5351381302 -0.3777902722
v 1.20267117 0.01879500411 0.7880220413
vn -0.2770749331 0.7849506736 0.5541497469
v 1.240007162 0.01879500411 0.7880220413
vn 0.7555803657 0.5351381302 0.3777902722
v 1.240007162 -0.007563001476 0.7880220413
vn 0.4472135305 5.47678732e-17 0.8944272399
v 1.240007162 -0.007563001476 0.7506860495
vn 0.8944272399 -2.738392998e-17 -0.4472135305
v 1.20267117 -0.007563001476 0.7506860495
vn -0.4472135305 -5.47678732e-17 -0.8944272399
v 1.20267117 -0.007563001476 0.7880220413
vn -0.8944272399 2.738392998e-17 0.4472135305
v 0.8627331853 0.01879500411 0.751767993
vn 0.2770771086 0.7849568725 -0.5541398525
v 0.8253971338 0.01879500411 0.751767993
vn -0.7555831075 0.5351400971 -0.3777819872
v 0.8253970742 0.01879500411 0.7891049385
vn -0.2770771086 0.7849568725 0.5541398525
v 0.8627331257 0.01879500411 0.7891049385
vn 0.7555831075 0.5351400971 0.3777819872
v 0.8627331257 -0.007563001476 0.7891049385
vn 0.4472226501 5.476759196e-17 0.8944226503
v 0.8627331853 -0.007563001476 0.751767993
vn 0.8944317698 -2.738337081e-17 -0.4472043812
v 0.8253971338 -0.007563001476 0.751767993
vn -0.4472226501 -5.476759196e-17 -0.8944226503
v 0.8253970742 -0.007563001476 0.7891049385
vn -0.8944317698 2.738337081e-17 0.4472043812
v 1.240007162 0.01879500411 0.514793992
vn 0.2770749331 0.7849506736 -0.5541497469
v 1.20267117 0.01879500411 0.514793992
vn -0.7555803657 0.5351381302 -0.3777902722
v 1.20267117 0.01879500411 0.5521299243
vn -0.2770749331 0.7849506736 0.5541497469
v 1.240007162 0.01879500411 0.5521299243
vn 0.7555803657 0.5351381302 0.3777902722
v 1.240007162 -0.007563001476 0.5521299243
vn 0.4472135305 5.47678732e-17 0.8944272399
v 1.240007162 -0.007563001476 0.514793992
vn 0.8944272399 -2.738392998e-17 -0.4472135305
v 1.20267117 -0.007563001476 0.514793992
vn -0.4472135305 -5.47678732e-17 -0.8944272399
v 1.20267117 -0.007563001476 0.5521299243
vn -0.8944272399 2.738392998e-17 0.4472135305
v 0.8627331853 0.01879500411 0.5158769488
vn 0.2770749331 0.7849506736 -0.5541497469
v 0.8253971338 0.01879500411 0.5158769488
vn -0.7555803657 0.5351381302 -0.3777902722
v 0.8253971338 0.01879500411 0.5532130003
vn -0.2770749331 0.7849506736 0.5541497469
v 0.8627331853 0.01879500411 0.5532130003
vn 0.7555803657 0.5351381302 0.3777902722
v 0.8627331853 -0.007563001476 0.5532130003
vn 0.4472135305 5.47678732e-17 0.8944272399
v 0.8627331853 -0.007563001476 0.5158769488
vn 0.8944272399 -2.738392998e-17 -0.4472135305
v 0.8253971338 -0.007563001476 0.5158769488
vn -0.4472135305 -5.47678732e-17 -0.8944272399
v 0.8253971338 -0.007563001476 0.5532130003
vn -0.8944272399 2.738392998e-17 0.4472135305
v -0.3156378567 0.01879500411 0.5157749057
vn 0.2770773768 0.7849575877 -0.55413872
v -0.3529738486 0.01879500411 0.5157749057
vn -0.7555834651 0.5351403356 -0.3777809739
v -0.3529738486 0.01879500411 0.5531119108
vn -0.2770773768 0.7849575877 0.55413872
v -0.3156378567 0.01879500411 0.5531119108
vn 0.7555834651 0.5351403356 0.3777809739
v -0.3156378567 -0.007563001476 0.5531119108
vn 0.4472237825 5.476755887e-17 0.8944221139
v -0.3156378567 -0.007563001476 0.5157749057
vn 0.8944323659 -2.738330133e-17 -0.4472032487
v -0.3529738486 -0.007563001476 0.5157749057
vn -0.4472237825 -5.476755887e-17 -0.8944221139
v -0.3529738486 -0.007563001476 0.5531119108
vn -0.8944323659 2.738330133e-17 0.4472032487
v -0.1212088689 0.01879500411 0.5147939324
vn 0.2770748734 0.7849506736 -0.5541497469
v -0.1585448831 0.01879500411 0.5147939324
vn -0.7555803061 0.5351381898 -0.3777903318
v -0.1585448831 0.01879500411 0.5521298051
vn -0.2770748734 0.7849506736 0.5541497469
v -0.1212088838 0.01879500411 0.5521298051
vn 0.7555803061 0.5351381898 0.3777903318
v -0.1212088838 -0.007563001476 0.5521298051
vn 0.4472134411 5.47678732e-17 0.8944272399
v -0.1212088689 -0.007563001476 0.5147939324
vn 0.8944271803 -2.738393495e-17 -0.4472135901
v -0.1585448831 -0.007563001476 0.5147939324
vn -0.4472134411 -5.47678732e-17 -0.8944272399
v -0.1585448831 -0.007563001476 0.5521298051
vn -0.8944271803 2.738393495e-17 0.4472135901
v -0.4984828532 0.01879500411 0.5158768296
vn 0.2770749331 0.7849506736 -0.5541497469
v -0.5358188748 0.01879500411 0.5158768296
vn -0.7555803657 0.5351381302 -0.3777902722
v -0.5358188748 0.01879500411 0.5532128215
vn -0.2770749331 0.7849506736 0.5541497469
v -0.4984828532 0.01879500411 0.5532128215
vn 0.7555803657 0.5351381302 0.3777902722
v -0.4984828532 -0.007563001476 0.5532128215
vn 0.4472135305 5.47678732e-17 0.8944272399
v -0.4984828532 -0.007563001476 0.5158768296
vn 0.8944272399 -2.738392998e-17 -0.4472135305
v -0.5358188748 -0.007563001476 0.5158768296
vn -0.4472135305 -5.47678732e-17 -0.8944272399
v -0.5358188748 -0.007563001476 0.5532128215
vn -0.8944272399 2.738392998e-17 0.4472135305
v -1.058309913 0.01879500411 0.5157747865
vn 0.2770773768 0.7849575877 -0.55413872
v -1.095645905 0.01879500411 0.5157747865
vn -0.7555834651 0.5351403356 -0.3777809739
v -1.095645905 0.01879500411 0.5531118512
vn -0.2770773768 0.7849575877 0.55413872
v -1.058309913 0.01879500411 0.5531118512
vn 0.7555834651 0.5351403356 0.3777809739
v -1.058309913 -0.007563001476 0.5531118512
vn 0.4472237825 5.476755887e-17 0.8944221139
v -1.058309913 -0.007563001476 0.5157747865
vn 0.8944323659 -2.738330133e-17 -0.4472032487
v -1.095645905 -0.007563001476 0.5157747865
vn -0.4472237825 -5.476755887e-17 -0.8944221139
v -1.095645905 -0.007563001476 0.5531118512
vn -0.8944323659 2.738330133e-17 0.4472032487
v -0.8638808131 0.01879500411 0.5147938132
vn 0.2770749331 0.7849506736 -0.5541497469
v -0.9012168646 0.01879500411 0.5147938132
vn -0.7555803657 0.5351381302 -0.3777902722
v -0.9012168646 0.01879500411 0.5521297455
vn -0.2770749331 0.7849506736 0.5541497469
v -0.8638808131 0.01879500411 0.5521297455
vn 0.7555803657 0.5351381302 0.3777902722
v -0.8638808131 -0.007563001476 0.5521297455
vn 0.4472135305 5.47678732e-17 0.8944272399
v -0.8638808131 -0.007563001476 0.5147938132
vn 0.8944272399 -2.738392998e-17 -0.4472135305
v -0.9012168646 -0.007563001476 0.5147938132
vn -0.4472135305 -5.47678732e-17 -0.8944272399
v -0.9012168646 -0.007563001476 0.5521297455
vn -0.8944272399 2.738392998e-17 0.4472135305
v -1.241154909 0.01879500411 0.51587677
vn 0.2770749331 0.7849506736 -0.5541497469
v -1.278490782 0.01879500411 0.51587677
vn -0.7555803657 0.5351381302 -0.3777902722
v -1.278490782 0.01879500411 0.5532127619
vn -0.2770749331 0.7849506736 0.5541497469
v -1.241154909 0.01879500411 0.5532127619
vn 0.7555803657 0.5351381302 0.3777902722
v -1.241154909 -0.007563001476 0.5532127619
vn 0.4472135305 5.47678732e-17 0.8944272399
v -1.241154909 -0.007563001476 0.51587677
vn 0.8944272399 -2.738392998e-17 -0.4472135305
v -1.278490782 -0.007563001476 0.51587677
vn -0.4472135305 -5.47678732e-17 -0.8944272399
v -1.278490782 -0.007563001476 0.5532127619
vn -0.8944272399 2.738392998e-17 0.4472135305
v -1.74899292 0.01879500411 0.5157747865
vn 0.2770773768 0.7849575877 -0.55413872
v -1.786328912 0.01879500411 0.5157747865
vn -0.7555834651 0.5351403356 -0.3777809739
v -1.786328912 0.01879500411 0.5531117916
vn -0.2770773768 0.7849575877 0.55413872
v -1.74899292 0.01879500411 0.5531117916
vn 0.7555834651 0.5351403356 0.3777809739
v -1.74899292 -0.007563001476 0.5531117916
vn 0.4472237825 5.476755887e-17 0.8944221139
v -1.74899292 -0.007563001476 0.5157747865
vn 0.8944323659 -2.738330133e-17 -0.4472032487
v -1.786328912 -0.007563001476 0.5157747865
vn -0.4472237825 -5.476755887e-17 -0.8944221139
v -1.786328912 -0.007563001476 0.5531117916
vn -0.8944323659 2.738330133e-17 0.4472032487
v -1.554563761 0.01879500411 0.5147937536
vn 0.2770749331 0.7849506736 -0.5541497469
v -1.591899872 0.01879500411 0.5147937536
vn -0.7555803657 0.5351381302 -0.3777902722
v -1.591899872 0.01879500411 0.5521296859
vn -0.2770749331 0.7849506736 0.5541497469
v -1.554563761 0.01879500411 0.5521296859
vn 0.7555803657 0.5351381302 0.3777902722
v -1.554563761 -0.007563001476 0.5521296859
vn 0.4472135305 5.47678732e-17 0.8944272399
v -1.554563761 -0.007563001476 0.5147937536
vn 0.8944272399 -2.738392998e-17 -0.4472135305
v -1.591899872 -0.007563001476 0.5147937536
vn -0.4472135305 -5.47678732e-17 -0.8944272399
v -1.591899872 -0.007563001476 0.5521296859
vn -0.8944272399 2.738392998e-17 0.4472135305
v -1.931837797 0.01879500411 0.5158767104
vn 0.2770749331 0.7849506736 -0.5541497469
v -1.969173908 0.01879500411 0.5158767104
vn -0.7555803657 0.5351381302 -0.3777902722
v -1.969173908 0.01879500411 0.5532127619
vn -0.2770749331 0.7849506736 0.5541497469
v -1.931837797 0.01879500411 0.5532127619
vn 0.7555803657 0.5351381302 0.3777902722
v -1.931837797 -0.007563001476 0.5532127619
vn 0.4472135305 5.47678732e-17 0.8944272399
v -1.931837797 -0.007563001476 0.5158767104
vn 0.8944272399 -2.738392998e-17 -0.4472135305
v -1.969173908 -0.007563001476 0.5158767104
vn -0.4472135305 -5.47678732e-17 -0.8944272399
v -1.969173908 -0.007563001476 0.5532127619
vn -0.8944272399 2.738392998e-17 0.4472135305
v -0.4862831533 0.01879500411 3.41120863
vn 0.2770773768 0.7849575877 -0.55413872
v -0.5236191154 0.01879500411 3.41120863
vn -0.7555834651 0.5351403356 -0.3777809739
v -0.5236191154 0.01879500411 3.448545933
vn -0.2770773768 0.7849575877 0.55413872
v -0.4862831533 0.01879500411 3.448545933
vn 0.7555834651 0.5351403356 0.3777809739
v -0.4862831533 -0.007563001476 3.448545933
vn 0.4472237825 5.476755887e-17 0.8944221139
v -0.4862831533 -0.007563001476 3.41120863
vn 0.8944323659 -2.738330133e-17 -0.4472032487
v -0.5236191154 -0.007563001476 3.41120863
vn -0.4472237825 -5.476755887e-17 -0.8944221139
v -0.5236191154 -0.007563001476 3.448545933
vn -0.8944323659 2.738330133e-17 0.4472032487
v -0.5478601456 0.01879500411 3.41120863
vn 0.2770773768 0.7849575877 -0.55413872
v -0.5851961374 0.01879500411 3.41120863
vn -0.7555834651 0.5351403356 -0.3777809739
v -0.5851961374 0.01879500411 3.448545933
vn -0.2770773768 0.7849575877 0.55413872
v -0.5478601456 0.01879500411 3.448545933
vn 0.7555834651 0.5351403356 0.3777809739
v -0.5478601456 -0.007563001476 3.448545933
vn 0.4472237825 5.476755887e-17 0.8944221139
v -0.5478601456 -0.007563001476 3.41120863
vn 0.8944323659 -2.738330133e-17 -0.4472032487
v -0.5851961374 -0.007563001476 3.41120863
vn -0.4472237825 -5.476755887e-17 -0.8944221139
v -0.5851961374 -0.007563001476 3.448545933
vn -0.8944323659 2.738330133e-17 0.4472032487
v -0.4243951142 0.01879500411 3.41120863
vn 0.2770773768 0.7849575877 -0.55413872
v -0.461731106 0.01879500411 3.41120863
vn -0.7555834651 0.5351403356 -0.3777809739
v -0.461731106 0.01879500411 3.448545933
vn -0.2770773768 0.7849575877 0.55413872
v -0.4243951142 0.01879500411 3.448545933
vn 0.7555834651 0.5351403356 0.3777809739
v -0.4243951142 -0.007563001476 3.448545933
vn 0.4472237825 5.476755887e-17 0.8944221139
v -0.4243951142 -0.007563001476 3.41120863
vn 0.8944323659 -2.738330133e-17 -0.4472032487
v -0.461731106 -0.007563001476 3.41120863
vn -0.4472237825 -5.476755887e-17 -0.8944221139
v -0.461731106 -0.007563001476 3.448545933
vn -0.8944323659 2.738330133e-17 0.4472032487
vt 0.3835099936 0.2563050091
vt 0.3974319994 0.2563050091
vt 0.3974319994 0.2721740007
vt 0.3835099936 0.2721740007
vt 0.3693119884 0.1053259969
vt 0.3832350075 0.1053259969
vt 0.3832350075 0.3140659928
vt 0.3693130016 0.3140659928
vt 0.04619999975 0.01863499917
vt 0.0458999984 0.01626699977
vt 0.1537510008 0.01311200019
vt 0.1537760049 0.01498499978
vt 0.3018850088 0.2007389963
vt 0.295581013 0.2007389963
vt 0.295581013 0.1330749989
vt 0.3018850088 0.1330749989
vt 0.2953320146 0.2007389963
vt 0.2639020085 0.2007389963
vt 0.2637319863 0.2007170022
vt 0.2635689974 0.2006530017
vt 0.263417989 0.2005479932
vt 0.2632859945 0.2004079968
vt 0.2631779909 0.2002370059
vt 0.2630969882 0.2000419945
vt 0.2630479932 0.199830994
vt 0.2630310059 0.1996109933
vt 0.2630310059 0.1342030019
vt 0.2630479932 0.1339830011
vt 0.2630969882 0.1337710023
vt 0.2631779909 0.1335760057
vt 0.2632859945 0.133405
vt 0.263417989 0.1332650036
vt 0.2635689974 0.1331609935
vt 0.2637319863 0.1330959946
vt 0.2639020085 0.1330749989
vt 0.2953320146 0.1330749989
vt 0.1730549932 0.2131749988
vt 0.1729779989 0.2115959972
vt 0.1736360043 0.2114689946
vt 0.1739979982 0.2127619982
vt 0.1742510051 0.2111209929
vt 0.1748529971 0.2121790051
vt 0.1748249978 0.210552007
vt 0.1756560057 0.2113949955
vt 0.1753609926 0.2097570002
vt 0.176432997 0.210393995
vt 0.1731870025 0.2107280046
vt 0.1735090017 0.2106409967
vt 0.1738519967 0.2103510052
vt 0.1741929948 0.2098799944
vt 0.1745049953 0.209216997
vt 0.1731909961 0.2104620039
vt 0.173251003 0.2102259994
vt 0.1734119952 0.209859997
vt 0.1736290008 0.2094109952
vt 0.1738059968 0.2088350058
vt 0.1725530028 0.2105270028
vt 0.1726170033 0.2099850029
vt 0.1727990061 0.2094549984
vt 0.1730590016 0.2089660019
vt 0.1733040065 0.2086039931
vt 0.180637002 0.2039979994
vt 0.1792179942 0.2059600055
vt 0.1773329973 0.2053260058
vt 0.178452 0.203057006
vt 0.175485 0.2048750073
vt 0.1762789935 0.2023860067
vt 0.1737499982 0.2046449929
vt 0.174112007 0.2019380033
vt 0.1721249968 0.2046460062
vt 0.1719760001 0.2016949952
vt 0.1781319976 0.2076819986
vt 0.1765220016 0.2072239965
vt 0.1750269979 0.206863001
vt 0.1737309992 0.2066659927
vt 0.172589004 0.2066999972
vt 0.177233994 0.2091619968
vt 0.1758980006 0.208682999
vt 0.1747560054 0.2082619965
vt 0.1738270074 0.2079769969
vt 0.1730320007 0.2079419941
vt 0.1636119932 0.2026509941
vt 0.1657190025 0.2021269947
vt 0.1674969941 0.2060369998
vt 0.1659259945 0.2068510056
vt 0.1696020067 0.2084030062
vt 0.1686059982 0.2093089968
vt 0.1713979989 0.2095559984
vt 0.1709720045 0.2103710026
vt 0.1677809954 0.2017939985
vt 0.1690330058 0.2053579986
vt 0.1705770046 0.2076359987
vt 0.1718800068 0.2088479996
vt 0.1698630005 0.2016479969
vt 0.1705749929 0.2048889995
vt 0.1715639979 0.207043007
vt 0.1723929942 0.2082809955
vt 0.1540499926 0.0516580008
vt 0.1559810042 0.04686100036
vt 0.1578070074 0.04763599858
vt 0.1563030034 0.05197599903
vt 0.1595489979 0.048241999
vt 0.1584880054 0.0521389991
vt 0.1612560004 0.04865700006
vt 0.160660997 0.05214599892
vt 0.1629420072 0.04887299985
vt 0.1628289968 0.05200299993
vt 0.1586890072 0.04370399937
vt 0.1599839926 0.04467799887
vt 0.161183998 0.0455170013
vt 0.1623480022 0.04618100077
vt 0.1635210067 0.04658700153
vt 0.1614309996 0.0420299992
vt 0.162112996 0.04304999858
vt 0.162759006 0.04395800084
vt 0.1633850038 0.04469100013
vt 0.1641400009 0.0451500006
vt 0.1636389941 0.04146499932
vt 0.1638099998 0.04233499989
vt 0.1640370041 0.04314500093
vt 0.164320007 0.04385399818
vt 0.1645720005 0.0443629995
vt 0.1712770015 0.04985599965
vt 0.1692290008 0.05066899955
vt 0.1683660001 0.04837600142
vt 0.1702139974 0.04795899987
vt 0.1678519994 0.04642400146
vt 0.1694920063 0.04622700065
vt 0.1675399989 0.04485800117
vt 0.1689810008 0.04468400031
vt 0.1673160046 0.04362599924
vt 0.1685899943 0.04334999993
vt 0.1671269983 0.0512740016
vt 0.1664790064 0.04870700091
vt 0.1662400067 0.04659799859
vt 0.1662099957 0.04504799843
vt 0.1661950052 0.04391799867
vt 0.164982006 0.05171199888
vt 0.1646649987 0.04888100177
vt 0.1648019999 0.04668600112
vt 0.1650899947 0.04520399868
vt 0.1652510017 0.044174999
vt 0.1668419987 0.03983300179
vt 0.1674010009 0.04048100114
vt 0.1665530056 0.04122800007
vt 0.1662179977 0.04080500081
vt 0.1658580005 0.04171299934
vt 0.1657589972 0.04129299894
vt 0.1650079936 0.04200699925
vt 0.1650239974 0.04141100124
vt 0.1678539962 0.04126400128
vt 0.1668500006 0.04183899984
vt 0.1659770012 0.04230799899
vt 0.1650740057 0.04268800095
vt 0.1682370007 0.04221399873
vt 0.1670999974 0.04264099896
vt 0.1661030054 0.04304200038
vt 0.165199995 0.04339300096
vt 0.04646199942 0.002443999983
vt 0.04657499865 0.004027999938
vt 0.04400400072 0.004408000037
vt 0.04383999854 0.00294200005
vt 0.04170500115 0.005202000029
vt 0.04142199829 0.003799000056
vt 0.03964199871 0.006328999996
vt 0.03911799937 0.005032000132
vt 0.03777499869 0.007774999831
vt 0.03688700125 0.006682999898
vt 0.04655399919 0.005721000023
vt 0.04410399869 0.005996000022
vt 0.04193099961 0.006690000184
vt 0.04009199888 0.007643000223
vt 0.03851800039 0.008853999898
vt 0.04641399905 0.007571999915
vt 0.04411099851 0.007706999779
vt 0.04209500179 0.00820299983
vt 0.04047299922 0.008878000081
vt 0.03915400058 0.009819000028
vt 0.04620200023 0.009575000033
vt 0.04403600097 0.009510999545
vt 0.04212800041 0.009763999842
vt 0.04062400013 0.0101610003
vt 0.03961800039 0.01052800007
vt 0.02965700068 0.01889299974
vt 0.0310180001 0.01476300042
vt 0.03272600099 0.01524899993
vt 0.03160399944 0.01920000091
vt 0.03442199901 0.01567200013
vt 0.03355500102 0.01938799955
vt 0.03613200039 0.01599700004
vt 0.03556400165 0.0194729995
vt 0.03787000105 0.01620299928
vt 0.037641 0.01947199926
vt 0.03278499842 0.01146499999
vt 0.03428599983 0.01205800008
vt 0.0357189998 0.01267400011
vt 0.03709099814 0.01322500035
vt 0.03846500069 0.01358400006
vt 0.0347709991 0.008813000284
vt 0.03600500152 0.009619000368
vt 0.03710699826 0.01046700031
vt 0.03807700053 0.01123300008
vt 0.03911599889 0.01170099992
vt 0.04409899935 0.01899199933
vt 0.04381100088 0.01625699922
vt 0.04379300028 0.01372699998
vt 0.04585999995 0.01394999959
vt 0.04390500113 0.01148900017
vt 0.04598800093 0.01170700043
vt 0.04194099829 0.01923600025
vt 0.0416899994 0.01628400013
vt 0.04175800085 0.01366399974
vt 0.04196900129 0.01152599975
vt 0.0397679992 0.01939900033
vt 0.03969899938 0.01627900079
vt 0.03998599946 0.01367400028
vt 0.04039200023 0.01170200016
vt 0.04037800059 0.1715539992
vt 0.03783499822 0.1705449969
vt 0.03830499947 0.1691009998
vt 0.04079400003 0.1699700058
vt 0.03868100047 0.1675309986
vt 0.04108700156 0.1682450026
vt 0.0389650017 0.165812999
vt 0.04127600044 0.166327998
vt 0.03916800022 0.1639609933
vt 0.04139799997 0.1642290056
vt 0.03558899835 0.1692489982
vt 0.03612599894 0.1678940058
vt 0.03660200164 0.1664569974
vt 0.03700499982 0.1649730057
vt 0.03727300093 0.163402006
vt 0.03353099898 0.1676380038
vt 0.03424999863 0.166426003
vt 0.03490899876 0.1652069986
vt 0.0354779996 0.1640409976
vt 0.03581799939 0.1627770066
vt 0.03161000088 0.1656689942
vt 0.03262899816 0.1647199988
vt 0.03352800012 0.1637739986
vt 0.03429999948 0.1629099995
vt 0.0348620005 0.1622679979
vt 0.04261700064 0.1547559947
vt 0.04203800112 0.1572040021
vt 0.03984599933 0.1569360048
vt 0.0404670015 0.154174
vt 0.03769100085 0.1566729993
vt 0.03827200085 0.1537099928
vt 0.0356829986 0.1564719975
vt 0.03607299924 0.153331995
vt 0.03383100033 0.1563660055
vt 0.03392700106 0.1530539989
vt 0.04170100018 0.1596260071
vt 0.03950800002 0.1595759988
vt 0.03743299842 0.159374997
vt 0.03565200046 0.1591479927
vt 0.03411300108 0.159059003
vt 0.04151400179 0.161984995
vt 0.03931900114 0.161917001
vt 0.03736200184 0.1615930051
vt 0.03579999879 0.1611959934
vt 0.03452000022 0.1610269994
vt 0.02594199963 0.1529289931
vt 0.02788499929 0.1527869999
vt 0.02860699967 0.156825006
vt 0.02689900063 0.1570799947
vt 0.02978000045 0.1600839943
vt 0.02826200053 0.1604720056
vt 0.03114799969 0.1626619995
vt 0.02985499986 0.1632940024
vt 0.02983099967 0.1527689993
vt 0.03033200093 0.1565710008
vt 0.03127099946 0.1596489996
vt 0.03235499933 0.1619859934
vt 0.03184099868 0.1528609991
vt 0.03207499906 0.1564069986
vt 0.03269999847 0.1592600048
vt 0.03342299908 0.1613560021
vt 0.9754059911 0.9899479747
vt 0.9707430005 0.9898880124
vt 0.9707430005 0.7226579785
vt 0.9754059911 0.7227180004
vt 0.1536920071 0.009366000071
vt 0.1537220031 0.01123800036
vt 0.1536599994 0.007493999787
vt 0.153629005 0.005623000208
vt 0.1535979956 0.003747999901
vt 0.1535679996 0.001869000029
vt 0.1535390019 0
vt 0.3693130016 0.3190889955
vt 0.3832350075 0.3190889955
vt 0.3832339942 0.4193890095
vt 0.3693119884 0.4193890095
vt 0.1719889939 0.06157400087
vt 0.1699309945 0.06225400046
vt 0.1678230017 0.06276199967
vt 0.1656759977 0.06313300133
vt 0.1635250002 0.06338299811
vt 0.1613599956 0.06351199746
vt 0.1591950059 0.06351599842
vt 0.1570190042 0.06339100003
vt 0.1547770053 0.06313700229
vt 0.2024939954 0.05923600122
vt 0.202937007 0.05338099971
vt 0.2201330066 0.05623099953
vt 0.2188979983 0.0641650036
vt 0.2033350021 0.04756100103
vt 0.2036419958 0.04178699851
vt 0.2218569964 0.04026500136
vt 0.2211190015 0.04826200008
vt 0.2038290054 0.03606899828
vt 0.2223459929 0.03224299848
vt 0.2038650066 0.03040600009
vt 0.2225880027 0.02420200035
vt 0.2037290037 0.02479699999
vt 0.2225809991 0.01614399999
vt 0.2034039944 0.01923600025
vt 0.2223230004 0.008071999997
vt 0.2028820068 0.0137210004
vt 0.2218199968 0
vt 0.3835099936 0.3154860139
vt 0.3974319994 0.3154869974
vt 0.3974319994 0.3356069922
vt 0.3835099936 0.3356069922
vt 0.3693119884 0.1046210006
vt 0.3832350075 0.1046210006
vt 0.3693119884 0.1039279997
vt 0.3832350075 0.1039279997
vt 0.3693119884 0.1032550037
vt 0.3832350075 0.1032550037
vt 0.3693119884 0.1026090011
vt 0.3832350075 0.1026090011
vt 0.3693119884 0.1019940004
vt 0.3832350075 0.1019940004
vt 0.3693119884 0.1014090031
vt 0.3832350075 0.1014090031
vt 0.3693119884 0.1008490026
vt 0.3832350075 0.1008490026
vt 0.3693119884 0.1003020033
vt 0.3832350075 0.1003020033
vt 0.3974319994 0.2728779912
vt 0.3835099936 0.2728779912
vt 0.3974319994 0.2735719979
vt 0.3835099936 0.2735719979
vt 0.3974319994 0.2742449939
vt 0.3835099936 0.2742449939
vt 0.3974319994 0.2748909891
vt 0.3835099936 0.2748909891
vt 0.3974319994 0.2755059898
vt 0.3835099936 0.2755059898
vt 0.3974319994 0.2760899961
vt 0.3835099936 0.2760899961
vt 0.3974319994 0.276650995
vt 0.3835099936 0.276650995
vt 0.3974319994 0.2771979868
vt 0.3835099936 0.2771979868
vt 0.3835090101 0.06343399733
vt 0.3835090101 0.06272999942
vt 0.3974319994 0.06272999942
vt 0.3974319994 0.06343399733
vt 0.3835090101 0.06203600019
vt 0.3974319994 0.06203600019
vt 0.3835090101 0.06136300042
vt 0.3974319994 0.06136300042
vt 0.3835090101 0.06071700156
vt 0.3974319994 0.06071700156
vt 0.3835090101 0.06010200083
vt 0.3974319994 0.06010200083
vt 0.3835090101 0.05951799825
vt 0.3974319994 0.05951799825
vt 0.3835090101 0.05895699933
vt 0.3974319994 0.05895699933
vt 0.3835090101 0.05841000006
vt 0.3974319994 0.05841000006
vt 0.3832350075 0.3147700131
vt 0.3693130016 0.3147700131
vt 0.3832350075 0.3154630065
vt 0.3693130016 0.3154630065
vt 0.3832350075 0.316136986
vt 0.3693130016 0.316136986
vt 0.3832350075 0.3167819977
vt 0.3693130016 0.3167819977
vt 0.3832350075 0.3173969984
vt 0.3693130016 0.3173969984
vt 0.3832350075 0.3179819882
vt 0.3693130016 0.3179819882
vt 0.3832350075 0.3185429871
vt 0.3693130016 0.3185429871
vt 0.1537760049 0.177880004
vt 0.1533959955 0.1798110008
vt 0.3835090101 0.02012100071
vt 0.3974319994 0.02012100071
vt 0.1510549933 0.1913750023
vt 0.1506589949 0.1933079958
vt 0.1514489949 0.189447999
vt 0.1518419981 0.1875240058
vt 0.1522340029 0.1855989993
vt 0.1526239961 0.183671996
vt 0.1530119926 0.181742996
vt 0.204482004 0.2529369891
vt 0.2034039944 0.258269012
vt 0.2053640038 0.2475489974
vt 0.2060640007 0.2420970052
vt 0.2065919936 0.2365760058
vt 0.2069649994 0.2309859991
vt 0.2072079927 0.2253209949
vt 0.2073539943 0.2195879966
vt 0.3693119884 0
vt 0.3832350075 0
vt 0.2074510008 0.2137899995
vt 0.3563239872 0.1147430018
vt 0.3566229939 0.114813
vt 0.3569099903 0.1150169969
vt 0.3571749926 0.1153500006
vt 0.3574070036 0.1157979965
vt 0.3575980067 0.116342999
vt 0.3577390015 0.1169650033
vt 0.3578270078 0.1176410019
vt 0.3578560054 0.1183430031
vt 0.3578560054 0.134491995
vt 0.3578560054 0.2767420113
vt 0.3578560054 0.3112129867
vt 0.3578560054 0.3270820081
vt 0.3578270078 0.3277840018
vt 0.3577390015 0.3284600079
vt 0.3575980067 0.3290820122
vt 0.3574070036 0.3296270072
vt 0.3571749926 0.3300749958
vt 0.3569099903 0.3304080069
vt 0.3566229939 0.3306120038
vt 0.3563239872 0.3306820095
vt 0.3424020112 0.3306820095
vt 0.3424020112 0.1147430018
vt 0.3977069855 0.2159380019
vt 0.397706002 0
vt 0.4116289914 0
vt 0.4119279981 6.900000153e-05
vt 0.4122149944 0.0002739999909
vt 0.4124799967 0.0006070000236
vt 0.4127120078 0.001053999993
vt 0.4129030108 0.00159999996
vt 0.4130440056 0.002221999923
vt 0.4131309986 0.00289699994
vt 0.4131610096 0.003599999938
vt 0.4131610096 0.2123389989
vt 0.4131309986 0.2130409926
vt 0.4130440056 0.2137160003
vt 0.4129030108 0.2143380046
vt 0.4127120078 0.214883998
vt 0.4124799967 0.2153310031
vt 0.4122149944 0.2156639993
vt 0.4119279981 0.2158689946
vt 0.4116289914 0.2159380019
vt 0.9596070051 0.6531559825
vt 0.9571419954 0.6531310081
vt 0.9571419954 0.5605369806
vt 0.9596070051 0.5605620146
vt 0.5689949989 0.197796002
vt 0.6037200093 0.197796002
vt 0.6037200093 0.2325209975
vt 0.5689949989 0.2325209975
vt 0.7125229836 0.2934809923
vt 0.7472479939 0.2934809923
vt 0.7472479939 0.3282060027
vt 0.7125229836 0.3282060027
vt 0.6646810174 0.197796002
vt 0.6994060278 0.197796002
vt 0.6994060278 0.2325209975
vt 0.6646810174 0.2325209975
vt 0.6168379784 0.3413240016
vt 0.6515629888 0.3413240016
vt 0.6515629888 0.3760490119
vt 0.6168379784 0.3760490119
vt 0.5213569999 0.006016000174
vt 0.5560820103 0.006016000174
vt 0.5560820103 0.04074100032
vt 0.5213569999 0.04074100032
vt 0.7603660226 0.197796002
vt 0.7950909734 0.197796002
vt 0.7950909734 0.2325209975
vt 0.7603660226 0.2325209975
vt 0.6646810174 0.1021109968
vt 0.6994060278 0.1021109968
vt 0.6994060278 0.1368360072
vt 0.6646810174 0.1368360072
vt 0.7127280235 0.05426799878
vt 0.7474529743 0.05426799878
vt 0.7474529743 0.088992998
vt 0.7127280235 0.088992998
vt 0.6170430183 0.05426799878
vt 0.6517680287 0.05426799878
vt 0.6517670155 0.088992998
vt 0.6170430183 0.088992998
vt 0.6168379784 0.1021109968
vt 0.6515629888 0.1021109968
vt 0.6515629888 0.1368360072
vt 0.6168379784 0.1368360072
vt 0.5211529732 0.2456389964
vt 0.5558779836 0.2456389964
vt 0.5558779836 0.2803640068
vt 0.5211529732 0.2803640068
vt 0.5211529732 0.3413240016
vt 0.5558779836 0.3413240016
vt 0.5558779836 0.3760490119
vt 0.5211529732 0.3760490119
vt 0.5689949989 0.1021109968
vt 0.6037200093 0.1021109968
vt 0.6037200093 0.1368360072
vt 0.5689949989 0.1368360072
vt 0.7603660226 0.3413240016
vt 0.7950909734 0.3413240016
vt 0.7950909734 0.3760490119
vt 0.7603660226 0.3760490119
vt 0.6170430183 0.006016000174
vt 0.6517680287 0.006016000174
vt 0.6517680287 0.04074100032
vt 0.6170430183 0.04074100032
vt 0.7603660226 0.2456389964
vt 0.7950909734 0.2456389964
vt 0.7950909734 0.2803640068
vt 0.7603660226 0.2803640068
vt 0.5211529732 0.1499529928
vt 0.5558779836 0.1499540061
vt 0.5558779836 0.1846790016
vt 0.5211529732 0.1846790016
vt 0.6646810174 0.2456389964
vt 0.6994060278 0.2456389964
vt 0.6994060278 0.2803640068
vt 0.6646810174 0.2803640068
vt 0.6168379784 0.1499529928
vt 0.6515629888 0.1499529928
vt 0.6515629888 0.1846780032
vt 0.6168379784 0.1846780032
vt 0.7603660226 0.1499529928
vt 0.7950909734 0.1499529928
vt 0.7950909734 0.1846780032
vt 0.7603660226 0.1846780032
vt 0.5691999793 0.006016000174
vt 0.6039249897 0.006016000174
vt 0.6039249897 0.04074100032
vt 0.5691999793 0.04074100032
vt 0.7603660226 0.2934809923
vt 0.7950909734 0.2934809923
vt 0.7950909734 0.3282060027
vt 0.7603660226 0.3282060027
vt 0.7125229836 0.197796002
vt 0.7472479939 0.197796002
vt 0.7472479939 0.2325209975
vt 0.7125229836 0.2325209975
vt 0.4733099937 0.3891670108
vt 0.5080350041 0.3891670108
vt 0.5080350041 0.4238919914
vt 0.4733099937 0.4238919914
vt 0.4228299856 0.3459689915
vt 0.457554996 0.3459689915
vt 0.457554996 0.3806940019
vt 0.4228299856 0.3806940019
vt 0.7127280235 0.006016000174
vt 0.7474529743 0.006016000174
vt 0.7474529743 0.04074100032
vt 0.7127280235 0.04074100032
vt 0.7605699897 0.006016000174
vt 0.7952950001 0.006016000174
vt 0.7952950001 0.04074100032
vt 0.7605699897 0.04074100032
vt 0.7125229836 0.3413240016
vt 0.7472479939 0.3413240016
vt 0.7472479939 0.3760490119
vt 0.7125229836 0.3760490119
vt 0.6646810174 0.3413240016
vt 0.6994050145 0.3413240016
vt 0.6994050145 0.3760490119
vt 0.6646810174 0.3760490119
vt 0.4228299856 0.2981260121
vt 0.457554996 0.2981260121
vt 0.457554996 0.3328509927
vt 0.4228299856 0.3328509927
vt 0.6648849845 0.006016000174
vt 0.6996099949 0.006016000174
vt 0.6996099949 0.04074100032
vt 0.6648849845 0.04074100032
vt 0.6168379784 0.197796002
vt 0.6515629888 0.197796002
vt 0.6515629888 0.2325209975
vt 0.6168379784 0.2325209975
vt 0.4228299856 0.2024410069
vt 0.457554996 0.2024410069
vt 0.457554996 0.2371660024
vt 0.4228299856 0.2371660024
vt 0.4733099937 0.1499529928
vt 0.5080350041 0.1499529928
vt 0.5080350041 0.1846780032
vt 0.4733099937 0.1846780032
vt 0.5689949989 0.1499529928
vt 0.6037200093 0.1499529928
vt 0.6037200093 0.1846780032
vt 0.5689949989 0.1846780032
vt 0.6168379784 0.2456389964
vt 0.6515629888 0.2456389964
vt 0.6515629888 0.2803640068
vt 0.6168379784 0.2803640068
vt 0.4733099937 0.197796002
vt 0.5080350041 0.197796002
vt 0.5080350041 0.2325209975
vt 0.4733099937 0.2325209975
vt 0.6168379784 0.2934809923
vt 0.6515629888 0.2934809923
vt 0.6515629888 0.3282060027
vt 0.6168379784 0.3282060027
vt 0.7605699897 0.05426799878
vt 0.7952950001 0.05426799878
vt 0.7952950001 0.088992998
vt 0.7605699897 0.088992998
vt 0.7125229836 0.2456389964
vt 0.7472479939 0.2456389964
vt 0.7472479939 0.2803640068
vt 0.7125229836 0.2803640068
vt 0.7125229836 0.1021109968
vt 0.7472479939 0.1021109968
vt 0.7472479939 0.1368360072
vt 0.7125229836 0.1368360072
vt 0.4733099937 0.1021109968
vt 0.5080350041 0.1021109968
vt 0.5080350041 0.1368360072
vt 0.4733099937 0.1368360072
vt 0.5211529732 0.1021109968
vt 0.5558779836 0.1021109968
vt 0.5558779836 0.1368360072
vt 0.5211529732 0.1368360072
vt 0.6646810174 0.1499529928
vt 0.6994060278 0.1499529928
vt 0.6994060278 0.1846780032
vt 0.6646810174 0.1846780032
vt 0.4733099937 0.2456389964
vt 0.5080350041 0.2456389964
vt 0.5080350041 0.2803640068
vt 0.4733099937 0.2803640068
vt 0.5689949989 0.3413240016
vt 0.6037200093 0.3413240016
vt 0.6037200093 0.3760490119
vt 0.5689949989 0.3760490119
vt 0.5213569999 0.05426799878
vt 0.5560820103 0.05426799878
vt 0.5560820103 0.088992998
vt 0.5213569999 0.088992998
vt 0.5211529732 0.2934809923
vt 0.5558779836 0.2934809923
vt 0.5558779836 0.3282060027
vt 0.5211529732 0.3282060027
vt 0.4733099937 0.2934809923
vt 0.5080350041 0.2934809923
vt 0.5080350041 0.3282060027
vt 0.4733099937 0.3282060027
vt 0.4733099937 0.3413240016
vt 0.5080350041 0.3413240016
vt 0.5080350041 0.3760490119
vt 0.4733099937 0.3760490119
vt 0.4228299856 0.1545979977
vt 0.457554996 0.1545979977
vt 0.457554996 0.1893229932
vt 0.4228299856 0.1893229932
vt 0.6646810174 0.2934809923
vt 0.6994060278 0.2934809923
vt 0.6994060278 0.3282060027
vt 0.6646810174 0.3282060027
vt 0.6648849845 0.05426799878
vt 0.6996099949 0.05426799878
vt 0.6996099949 0.088992998
vt 0.6648849845 0.088992998
vt 0.7603660226 0.1021109968
vt 0.7950909734 0.1021109968
vt 0.7950909734 0.1368360072
vt 0.7603660226 0.1368360072
vt 0.5689949989 0.2934809923
vt 0.6037200093 0.2934809923
vt 0.6037200093 0.3282060027
vt 0.5689949989 0.3282060027
vt 0.5689949989 0.2456389964
vt 0.6037200093 0.2456389964
vt 0.6037200093 0.2803640068
vt 0.5689949989 0.2803640068
vt 0.4228299856 0.2502839863
vt 0.4575560093 0.2502839863
vt 0.4575560093 0.2850089967
vt 0.4228299856 0.2850089967
vt 0.7125229836 0.1499529928
vt 0.7472479939 0.1499529928
vt 0.7472479939 0.1846780032
vt 0.7125229836 0.1846780032
vt 0.4228309989 0.1067560017
vt 0.4575560093 0.1067560017
vt 0.457554996 0.1414809972
vt 0.4228299856 0.1414809972
vt 0.5211529732 0.197796002
vt 0.5558779836 0.197796002
vt 0.5558779836 0.2325209975
vt 0.5211529732 0.2325209975
vt 0.5691999793 0.05426799878
vt 0.6039249897 0.05426799878
vt 0.6039249897 0.088992998
vt 0.5691999793 0.088992998
vt 0.4228299856 0.006016000174
vt 0.4601930082 0.006016000174
vt 0.4601930082 0.04337799922
vt 0.4228299856 0.04337799922
vt 0.4733099937 0.4825780094
vt 0.5022820234 0.4825780094
vt 0.5022820234 0.511548996
vt 0.4733099937 0.511548996
vt 0.8995500207 0.006016000174
vt 0.9285219908 0.006016000174
vt 0.9285219908 0.03498800099
vt 0.8995500207 0.03498800099
vt 0.9283170104 0.3109459877
vt 0.8993449807 0.3109459877
vt 0.899345994 0.2819739878
vt 0.9283170104 0.2819739878
vt 0.899345994 0.197796002
vt 0.9283170104 0.197796002
vt 0.9283170104 0.2267680019
vt 0.899345994 0.2267670035
vt 0.6602060199 0.4803040028
vt 0.68917799 0.4803040028
vt 0.68917799 0.5092750192
vt 0.6602060199 0.5092750192
vt 0.899345994 0.2398850024
vt 0.9283170104 0.2398850024
vt 0.9283170104 0.2688570023
vt 0.899345994 0.2688570023
vt 0.8995500207 0.05158500001
vt 0.9285219908 0.05158500001
vt 0.9285219908 0.08055599779
vt 0.8995500207 0.08055599779
vt 0.899345994 0.3240630031
vt 0.9283170104 0.3240630031
vt 0.9283170104 0.3530350029
vt 0.899345994 0.3530350029
vt 0.899345994 0.1476790011
vt 0.9283170104 0.1476790011
vt 0.9283170104 0.176651001
vt 0.899345994 0.176651001
vt 0.8970720172 0.4803040028
vt 0.926042974 0.4803040028
vt 0.926042974 0.5092750192
vt 0.8970720172 0.5092750192
vt 0.8515030146 0.4803040028
vt 0.8804739714 0.4803040028
vt 0.8804739714 0.5092750192
vt 0.8515030146 0.5092750192
vt 0.7125229836 0.4803040028
vt 0.7414950132 0.4803040028
vt 0.7414950132 0.5092750192
vt 0.7125229836 0.5092750192
vt 0.7580919862 0.4803040028
vt 0.7870630026 0.4803040028
vt 0.7870630026 0.5092750192
vt 0.7580919862 0.5092750192
vt 0.6145640016 0.4803040028
vt 0.643535018 0.4803040028
vt 0.643535018 0.5092750192
vt 0.6145640016 0.5092750192
vt 0.8058210015 0.4803040028
vt 0.8347929716 0.4803040028
vt 0.8347929716 0.5092750192
vt 0.8058210015 0.5092750192
vt 0.5632420182 0.4803040028
vt 0.5922139883 0.4803040028
vt 0.5922139883 0.5092750192
vt 0.5632420182 0.5092750192
vt 0.899345994 0.1021109968
vt 0.9283170104 0.1021109968
vt 0.9283170104 0.1310819983
vt 0.899345994 0.1310819983
vt 0.5211529732 0.4803040028
vt 0.5501239896 0.4803040028
vt 0.5501239896 0.5092750192
vt 0.5211529732 0.5092750192
vt 0.6145640016 0.4347350001
vt 0.6470149755 0.4347350001
vt 0.6470149755 0.4671860039
vt 0.6145640016 0.4671860039
vt 0.8537769914 0.2456389964
vt 0.886228025 0.2456389964
vt 0.886228025 0.2780900002
vt 0.8537769914 0.2780900002
vt 0.8537769914 0.1021109968
vt 0.886228025 0.1021109968
vt 0.886228025 0.1345620006
vt 0.8537769914 0.1345620006
vt 0.8059340119 0.3891670108
vt 0.8383849859 0.3891670108
vt 0.8383849859 0.4216170013
vt 0.8059340119 0.4216170013
vt 0.5689949989 0.3891670108
vt 0.6014459729 0.3891670108
vt 0.6014459729 0.4216180146
vt 0.5689949989 0.4216170013
vt 0.6168379784 0.3891670108
vt 0.649289012 0.3891670108
vt 0.649289012 0.4216170013
vt 0.6168379784 0.4216170013
vt 0.7603660226 0.3891670108
vt 0.7928169966 0.3891670108
vt 0.7928169966 0.4216170013
vt 0.7603660226 0.4216170013
vt 0.4757890105 0.006016000174
vt 0.5082399845 0.006016000174
vt 0.5082399845 0.03846700117
vt 0.4757890105 0.03846700117
vt 0.8515030146 0.3891670108
vt 0.8839539886 0.3891670108
vt 0.8839539886 0.4216170013
vt 0.8515030146 0.4216170013
vt 0.4228309989 0.4393799901
vt 0.4552820027 0.4393799901
vt 0.4552820027 0.4718309939
vt 0.4228309989 0.4718309939
vt 0.4733099937 0.4370090067
vt 0.5057610273 0.4370090067
vt 0.5057610273 0.4694600105
vt 0.4733099937 0.4694600105
vt 0.8537769914 0.2912069857
vt 0.886228025 0.2912069857
vt 0.886228025 0.3236579895
vt 0.8537769914 0.3236579895
vt 0.5211529732 0.3891670108
vt 0.5536040068 0.3891670108
vt 0.5536040068 0.4216180146
vt 0.5211529732 0.4216180146
vt 0.8082079887 0.1021109968
vt 0.8406590223 0.1021109968
vt 0.8406590223 0.1345620006
vt 0.8082079887 0.1345620006
vt 0.7125229836 0.3891670108
vt 0.7449740171 0.3891670108
vt 0.7449740171 0.4216180146
vt 0.7125229836 0.4216180146
vt 0.5211529732 0.4347350001
vt 0.5536040068 0.4347350001
vt 0.5536040068 0.4671860039
vt 0.5211529732 0.4671860039
vt 0.4228299856 0.3938120008
vt 0.4552809894 0.3938120008
vt 0.4552809894 0.4262619913
vt 0.4228299856 0.4262619913
vt 0.8084130287 0.05385899916
vt 0.8408640027 0.05385899916
vt 0.8408640027 0.08630999923
vt 0.8084130287 0.08630999923
vt 0.8537769914 0.3413240016
vt 0.886228025 0.3413240016
vt 0.886228025 0.3737750053
vt 0.8537769914 0.3737750053
vt 0.8539810181 0.05385899916
vt 0.8864319921 0.05385899916
vt 0.8864319921 0.08630999923
vt 0.8539810181 0.08630999923
vt 0.8970720172 0.4347350001
vt 0.9295219779 0.4347350001
vt 0.9295219779 0.4671860039
vt 0.8970720172 0.4671860039
vt 0.8082079887 0.2934809923
vt 0.8406590223 0.2934809923
vt 0.8406590223 0.3259319961
vt 0.8082079887 0.3259319961
vt 0.8082079887 0.1499529928
vt 0.8406590223 0.1499529928
vt 0.8406590223 0.182404995
vt 0.808209002 0.182404995
vt 0.6646810174 0.3891670108
vt 0.6971319914 0.3891670108
vt 0.6971319914 0.4216170013
vt 0.6646810174 0.4216170013
vt 0.8082079887 0.197796002
vt 0.8406590223 0.197796002
vt 0.8406590223 0.2302470058
vt 0.8082079887 0.2302470058
vt 0.8515030146 0.4347350001
vt 0.8839539886 0.4347350001
vt 0.8839539886 0.4671860039
vt 0.8515030146 0.4671860039
vt 0.8537769914 0.197796002
vt 0.886228025 0.197796002
vt 0.886228025 0.2302470058
vt 0.8537769914 0.2302470058
vt 0.7580919862 0.4347350001
vt 0.7905430198 0.4347350001
vt 0.7905430198 0.4671860039
vt 0.7580919862 0.4671860039
vt 0.7125229836 0.4347350001
vt 0.7449740171 0.4347350001
vt 0.7449740171 0.4671860039
vt 0.7125229836 0.4671860039
vt 0.6646810174 0.4347350001
vt 0.6971319914 0.4347350001
vt 0.6971319914 0.4671860039
vt 0.6646810174 0.4671860039
vt 0.8036599755 0.4347350001
vt 0.8361110091 0.4347350001
vt 0.8361110091 0.4671860039
vt 0.8036599755 0.4671860039
vt 0.8537769914 0.1499540061
vt 0.886228025 0.1499540061
vt 0.886228025 0.182404995
vt 0.8537769914 0.182404995
vt 0.4757890105 0.05406299978
vt 0.5082399845 0.05406299978
vt 0.5082399845 0.08651400357
vt 0.4757890105 0.08651400357
vt 0.8539810181 0.006016000174
vt 0.8864319921 0.006016000174
vt 0.8864319921 0.03846700117
vt 0.8539810181 0.03846700117
vt 0.8082079887 0.2456389964
vt 0.8406590223 0.2456389964
vt 0.8406590223 0.2780900002
vt 0.8082079887 0.2780900002
vt 0.8082079887 0.3413240016
vt 0.8406590223 0.3413240016
vt 0.8406590223 0.3737750053
vt 0.8082079887 0.3737750053
vt 0.5689949989 0.4347350001
vt 0.6014459729 0.4347350001
vt 0.6014459729 0.4671860039
vt 0.5689949989 0.4671860039
vt 0.8970720172 0.3891670108
vt 0.9295219779 0.3891670108
vt 0.9295219779 0.4216170013
vt 0.8970720172 0.4216170013
vt 0.8084130287 0.006016000174
vt 0.8408640027 0.006016000174
vt 0.8408640027 0.03846700117
vt 0.8084130287 0.03846700117
vt 0.2574119866 0.2309750021
vt 0.2577739954 0.2182240039
vt 0.2581090033 0.2185609937
vt 0.2580859959 0.2309789956
vt 0.7543500066 0.4216170013
vt 0.7543500066 0.3891670108
vt 0.609736979 0.1499529928
vt 0.609736979 0.1846780032
vt 0.7603660226 0.3831500113
vt 0.7928169966 0.3831500113
vt 0.6037200093 0.1906950027
vt 0.5689949989 0.1906950027
vt 0.7988330126 0.3891670108
vt 0.7988330126 0.4216170013
vt 0.610822022 0.2803640068
vt 0.610822022 0.2456389964
vt 0.7928169966 0.4276340008
vt 0.7603660226 0.4276340008
vt 0.6168379784 0.2396229953
vt 0.6515629888 0.2396229953
vt 0.4672940075 0.03846700117
vt 0.4697729945 0.006016000174
vt 0.6575790048 0.2456389964
vt 0.6575790048 0.2803640068
vt 0.4757890105 0
vt 0.5082399845 0
vt 0.6515629888 0.286379993
vt 0.6168379784 0.286379993
vt 0.5142560005 0.006016000174
vt 0.5142560005 0.03846700117
vt 0.4672940075 0.2325209975
vt 0.4672940075 0.197796002
vt 0.5082399845 0.04448299855
vt 0.4757890105 0.04696200043
vt 0.4733099937 0.1917800009
vt 0.5080350041 0.1917800009
vt 0.8454869986 0.4216170013
vt 0.8454869986 0.3891670108
vt 0.5140510201 0.197796002
vt 0.5140510201 0.2325209975
vt 0.8515030146 0.3831500113
vt 0.8839539886 0.3831500113
vt 0.5080350041 0.2385369986
vt 0.4733099937 0.2385369986
vt 0.8899700046 0.3891670108
vt 0.8899700046 0.4216170013
vt 0.610822022 0.3282060027
vt 0.610822022 0.2934809923
vt 0.8839539886 0.4276340008
vt 0.8515030146 0.4276340008
vt 0.6168379784 0.2874650061
vt 0.6515629888 0.2874650061
vt 0.4168139994 0.4718309939
vt 0.4168139994 0.4393799901
vt 0.6575790048 0.2934809923
vt 0.6575790048 0.3282060027
vt 0.4228309989 0.4333640039
vt 0.4552820027 0.4333640039
vt 0.6515629888 0.3342219889
vt 0.6168379784 0.3342219889
vt 0.4612979889 0.4393799901
vt 0.4612979889 0.4718309939
vt 0.7545539737 0.088992998
vt 0.7545539737 0.05426799878
vt 0.4552820027 0.4778470099
vt 0.4228309989 0.4778470099
vt 0.7605699897 0.0482520014
vt 0.7952950001 0.0482520014
vt 0.4672940075 0.4694600105
vt 0.4672940075 0.4370090067
vt 0.8013120294 0.05426799878
vt 0.8013120294 0.088992998
vt 0.4733099937 0.4309929907
vt 0.5057610273 0.4309929907
vt 0.7952950001 0.09500899911
vt 0.7605699897 0.09500899911
vt 0.5117769837 0.4370090067
vt 0.5117769837 0.4694600105
vt 0.7065070271 0.2803640068
vt 0.7065070271 0.2456389964
vt 0.5057610273 0.4754759967
vt 0.4733099937 0.4754759967
vt 0.7125229836 0.2396229953
vt 0.7472479939 0.2396229953
vt 0.8477609754 0.3236579895
vt 0.8477609754 0.2912069857
vt 0.75326401 0.2456389964
vt 0.75326401 0.2803640068
vt 0.8537769914 0.2851909995
vt 0.886228025 0.2851909995
vt 0.7472479939 0.286379993
vt 0.7125229836 0.286379993
vt 0.8922439814 0.2912069857
vt 0.8922439814 0.3236579895
vt 0.7065070271 0.1368360072
vt 0.7065070271 0.1021109968
vt 0.886228025 0.3296740055
vt 0.8537769914 0.3296740055
vt 0.7125229836 0.09609500319
vt 0.7472479939 0.09609500319
vt 0.5151370168 0.4216180146
vt 0.5151370168 0.3891670108
vt 0.75326401 0.1021109968
vt 0.75326401 0.1368360072
vt 0.5211529732 0.3831500113
vt 0.5536040068 0.3831500113
vt 0.7472479939 0.1428519934
vt 0.7125229836 0.1428519934
vt 0.5596200228 0.3891670108
vt 0.5596200228 0.4216180146
vt 0.4672940075 0.1368360072
vt 0.4672940075 0.1021109968
vt 0.5536040068 0.4276340008
vt 0.5211529732 0.4276340008
vt 0.4733099937 0.09609500319
vt 0.5080350041 0.09609500319
vt 0.8021919727 0.1345620006
vt 0.8021919727 0.1021109968
vt 0.5140510201 0.1021109968
vt 0.5140510201 0.1368360072
vt 0.8082079887 0.09609500319
vt 0.8406590223 0.09609500319
vt 0.5080350041 0.1428519934
vt 0.4733099937 0.1428519934
vt 0.846675992 0.1021109968
vt 0.846675992 0.1345620006
vt 0.5151370168 0.1368360072
vt 0.5151370168 0.1021109968
vt 0.8406590223 0.1405780017
vt 0.8082079887 0.1405780017
vt 0.5211529732 0.09609500319
vt 0.5558779836 0.09609500319
vt 0.7065070271 0.4216180146
vt 0.7065070271 0.3891670108
vt 0.5618939996 0.1021109968
vt 0.5618939996 0.1368360072
vt 0.7125229836 0.3831500113
vt 0.7449740171 0.3831500113
vt 0.5558779836 0.1428519934
vt 0.5211529732 0.1428519934
vt 0.7509899735 0.3891670108
vt 0.7509899735 0.4216180146
vt 0.6586650014 0.1846780032
vt 0.6586650014 0.1499529928
vt 0.7449740171 0.4276340008
vt 0.7125229836 0.4276340008
vt 0.6646810174 0.1439370066
vt 0.6994060278 0.1439370066
vt 0.5151370168 0.4671860039
vt 0.5151370168 0.4347350001
vt 0.7054219842 0.1499529928
vt 0.7054219842 0.1846780032
vt 0.5211529732 0.4287190139
vt 0.5536040068 0.4287190139
vt 0.6994060278 0.1906950027
vt 0.6646810174 0.1906950027
vt 0.5596200228 0.4347350001
vt 0.5596200228 0.4671860039
vt 0.4672940075 0.2803640068
vt 0.4672940075 0.2456389964
vt 0.5536040068 0.4732019901
vt 0.5211529732 0.4732019901
vt 0.4733099937 0.2396229953
vt 0.5080350041 0.2396229953
vt 0.4168139994 0.4262619913
vt 0.4168139994 0.3938120008
vt 0.5140510201 0.2456389964
vt 0.5140510201 0.2803640068
vt 0.4228299856 0.3877950013
vt 0.4552809894 0.3877950013
vt 0.5080350041 0.286379993
vt 0.4733099937 0.286379993
vt 0.4612979889 0.3938120008
vt 0.4612979889 0.4262619913
vt 0.5629789829 0.3760490119
vt 0.5629789829 0.3413240016
vt 0.4552809894 0.4322789907
vt 0.4228299856 0.4322789907
vt 0.5689949989 0.3353079855
vt 0.6037200093 0.3353079855
vt 0.8023970127 0.08630999923
vt 0.8023970127 0.05385899916
vt 0.609736979 0.3413240016
vt 0.609736979 0.3760490119
vt 0.8084130287 0.04784300178
vt 0.8408640027 0.04784300178
vt 0.6037210226 0.3820649981
vt 0.5689949989 0.3820649981
vt 0.8468800187 0.05385899916
vt 0.8468800187 0.08630999923
vt 0.5153409839 0.088992998
vt 0.5153409839 0.05426799878
vt 0.8408640027 0.09232600033
vt 0.8084130287 0.09232600033
vt 0.5213569999 0.0482520014
vt 0.5560820103 0.0482520014
vt 0.8477609754 0.3737750053
vt 0.8477609754 0.3413240016
vt 0.5620989799 0.05426799878
vt 0.5620989799 0.088992998
vt 0.8537769914 0.3353079855
vt 0.886228025 0.3353079855
vt 0.5560820103 0.09500899911
vt 0.5213569999 0.09500899911
vt 0.8922439814 0.3413240016
vt 0.8922439814 0.3737750053
vt 0.5151370168 0.3282060027
vt 0.5151370168 0.2934809923
vt 0.886228025 0.3797909915
vt 0.8537769914 0.3797909915
vt 0.5211529732 0.2874650061
vt 0.5558779836 0.2874650061
vt 0.8479650021 0.08630999923
vt 0.8479650021 0.05385899916
vt 0.5618939996 0.2934809923
vt 0.5618939996 0.3282060027
vt 0.8539810181 0.04784300178
vt 0.8864319921 0.04784300178
vt 0.5558779836 0.3342230022
vt 0.5211529732 0.3342230022
vt 0.8924490213 0.05385899916
vt 0.8924490213 0.08630999923
vt 0.4672940075 0.3282060027
vt 0.4672940075 0.2934809923
vt 0.8864319921 0.09232600033
vt 0.8539810181 0.09232600033
vt 0.4733099937 0.2874650061
vt 0.5080350041 0.2874650061
vt 0.8910549879 0.4671860039
vt 0.8910549879 0.4347350001
vt 0.5140510201 0.2934809923
vt 0.5140510201 0.3282060027
vt 0.8970720172 0.4287190139
vt 0.9295219779 0.4287190139
vt 0.5080350041 0.3342230022
vt 0.4733099937 0.3342230022
vt 0.9355390072 0.4347350001
vt 0.9355390072 0.4671860039
vt 0.4672940075 0.3760490119
vt 0.4672940075 0.3413240016
vt 0.9295219779 0.4732019901
vt 0.8970720172 0.4732019901
vt 0.4733099937 0.3353079855
vt 0.5080350041 0.3353079855
vt 0.8021919727 0.3259319961
vt 0.8021919727 0.2934809923
vt 0.5140510201 0.3413240016
vt 0.5140510201 0.3760490119
vt 0.8082079887 0.2874650061
vt 0.8406590223 0.2874650061
vt 0.5080350041 0.3820649981
vt 0.4733099937 0.3820649981
vt 0.8466749787 0.2934809923
vt 0.846675992 0.3259319961
vt 0.8011069894 0.1021109968
vt 0.8011069894 0.1368360072
vt 0.8406590223 0.3319489956
vt 0.8082079887 0.3319480121
vt 0.7950909734 0.1428519934
vt 0.7603660226 0.1428519934
vt 0.8021919727 0.182404995
vt 0.8021919727 0.1499529928
vt 0.7603660226 0.09609500319
vt 0.7950909734 0.09609500319
vt 0.8082079887 0.1439370066
vt 0.8406590223 0.1439370066
vt 0.7543500066 0.1368360072
vt 0.7543500066 0.1021109968
vt 0.846675992 0.1499529928
vt 0.846675992 0.182404995
vt 0.7056260109 0.05426799878
vt 0.7056260109 0.088992998
vt 0.8406590223 0.1884209961
vt 0.808209002 0.1884209961
vt 0.6996099949 0.09500899911
vt 0.6648849845 0.09500899911
vt 0.6586650014 0.4216170013
vt 0.6586650014 0.3891670108
vt 0.6648849845 0.0482520014
vt 0.6996099949 0.0482520014
vt 0.5629789829 0.2325209975
vt 0.5629789829 0.197796002
vt 0.6646810174 0.3831500113
vt 0.6971319914 0.3831500113
vt 0.6588690281 0.088992998
vt 0.6588690281 0.05426799878
vt 0.5689949989 0.1917800009
vt 0.6037200093 0.1917800009
vt 0.7031480074 0.3891670108
vt 0.7031480074 0.4216170013
vt 0.7054219842 0.2934809923
vt 0.7054219842 0.3282060027
vt 0.609736979 0.197796002
vt 0.609736979 0.2325209975
vt 0.6971319914 0.4276340008
vt 0.6646810174 0.4276340008
vt 0.6994060278 0.3342219889
vt 0.6646810174 0.3342219889
vt 0.6037200093 0.2385369986
vt 0.5689949989 0.2385369986
vt 0.8021919727 0.2302470058
vt 0.8021919727 0.197796002
vt 0.6646810174 0.2874650061
vt 0.6994060278 0.2874650061
vt 0.7065070271 0.3282060027
vt 0.7065070271 0.2934809923
vt 0.8082079887 0.1917800009
vt 0.8406590223 0.1917800009
vt 0.6586639881 0.3282060027
vt 0.6586639881 0.2934809923
vt 0.7125229836 0.2874650061
vt 0.7472479939 0.2874650061
vt 0.8466749787 0.197796002
vt 0.8466749787 0.2302470058
vt 0.4635719955 0.1545979977
vt 0.4635719955 0.1893229932
vt 0.75326401 0.2934809923
vt 0.75326401 0.3282060027
vt 0.8406590223 0.2362630069
vt 0.8082079887 0.2362630069
vt 0.457554996 0.1953399926
vt 0.4228299856 0.1953399926
vt 0.7472479939 0.3342230022
vt 0.7125229836 0.3342230022
vt 0.8454869986 0.4671860039
vt 0.8454869986 0.4347350001
vt 0.4228299856 0.1485819966
vt 0.457554996 0.1485819966
vt 0.6586650014 0.2325209975
vt 0.6586639881 0.197796002
vt 0.8515030146 0.4287190139
vt 0.8839539886 0.4287190139
vt 0.4168139994 0.1893229932
vt 0.4168139994 0.1545979977
vt 0.6646810174 0.1917800009
vt 0.6994060278 0.1917800009
vt 0.8899700046 0.4347350001
vt 0.8899700046 0.4671860039
vt 0.5629789829 0.3282060027
vt 0.5629789829 0.2934809923
vt 0.7054219842 0.197796002
vt 0.7054219842 0.2325209975
vt 0.8839539886 0.4732019901
vt 0.8515030146 0.4732019901
vt 0.5689949989 0.2874650061
vt 0.6037200093 0.2874650061
vt 0.6994060278 0.2385369986
vt 0.6646810174 0.2385369986
vt 0.8477609754 0.2302470058
vt 0.8477609754 0.197796002
vt 0.609736979 0.2934809923
vt 0.609736979 0.3282060027
vt 0.610822022 0.3760490119
vt 0.610822022 0.3413240016
vt 0.8537769914 0.1917800009
vt 0.886228025 0.1917800009
vt 0.6037200093 0.3342219889
vt 0.5689949989 0.3342219889
vt 0.6168379784 0.3353079855
vt 0.6515629888 0.3353079855
vt 0.8922439814 0.197796002
vt 0.8922439814 0.2302470058
vt 0.5629789829 0.2803640068
vt 0.5629789829 0.2456389964
vt 0.6575790048 0.3413240016
vt 0.6575790048 0.3760490119
vt 0.886228025 0.2362630069
vt 0.8537769914 0.2362630069
vt 0.5689949989 0.2396229953
vt 0.6037200093 0.2396229953
vt 0.6515629888 0.3820649981
vt 0.6168379784 0.3820649981
vt 0.7520760298 0.4671860039
vt 0.7520760298 0.4347350001
vt 0.609736979 0.2456389964
vt 0.609736979 0.2803640068
vt 0.5153409839 0.04074100032
vt 0.5153409839 0.006016000174
vt 0.7580919862 0.4287190139
vt 0.7905430198 0.4287190139
vt 0.6037200093 0.286379993
vt 0.5689949989 0.286379993
vt 0.5213569999 0
vt 0.5560820103 0
vt 0.7965589762 0.4347350001
vt 0.7965589762 0.4671860039
vt 0.4168139994 0.2850089967
vt 0.4168139994 0.2502839863
vt 0.5620989799 0.006016000174
vt 0.5620989799 0.04074100032
vt 0.7905430198 0.4732019901
vt 0.7580919862 0.4732019901
vt 0.4228299856 0.2442680001
vt 0.4575560093 0.2442680001
vt 0.5560820103 0.04675700143
vt 0.5213569999 0.04675700143
vt 0.7065070271 0.4671860039
vt 0.7065070271 0.4347350001
vt 0.4635719955 0.2502839863
vt 0.4635719955 0.2850089967
vt 0.7543500066 0.2325209975
vt 0.7543500066 0.197796002
vt 0.7125229836 0.4287190139
vt 0.7449740171 0.4287190139
vt 0.4575560093 0.2910250127
vt 0.4228299856 0.2910250127
vt 0.7603660226 0.1917800009
vt 0.7950909734 0.1917800009
vt 0.7509909868 0.4347350001
vt 0.7509909868 0.4671860039
vt 0.7065070271 0.1846780032
vt 0.7065070271 0.1499529928
vt 0.8011069894 0.197796002
vt 0.8011069894 0.2325209975
vt 0.7449740171 0.4732019901
vt 0.7125229836 0.4732019901
vt 0.7125229836 0.1439370066
vt 0.7472479939 0.1439370066
vt 0.7950909734 0.2385369986
vt 0.7603660226 0.2385369986
vt 0.6586639881 0.4671860039
vt 0.6586650014 0.4347350001
vt 0.75326401 0.1499529928
vt 0.75326401 0.1846780032
vt 0.6586650014 0.1368360072
vt 0.6586639881 0.1021109968
vt 0.6646810174 0.4287190139
vt 0.6971319914 0.4287190139
vt 0.7472479939 0.1906950027
vt 0.7125229836 0.1906950027
vt 0.6646810174 0.09609500319
vt 0.6994060278 0.09609500319
vt 0.7031480074 0.4347350001
vt 0.7031480074 0.4671860039
vt 0.4168139994 0.1414809972
vt 0.4168139994 0.1067560017
vt 0.7054219842 0.1021109968
vt 0.7054219842 0.1368360072
vt 0.6971319914 0.4732019901
vt 0.6646810174 0.4732019901
vt 0.4228309989 0.1007400006
vt 0.4575560093 0.1007400006
vt 0.6994060278 0.1428519934
vt 0.6646810174 0.1428519934
vt 0.7976440191 0.4671860039
vt 0.7976440191 0.4347350001
vt 0.4635719955 0.1067560017
vt 0.4635719955 0.1414809972
vt 0.7067120075 0.088992998
vt 0.7067120075 0.05426799878
vt 0.8036599755 0.4287190139
vt 0.8361110091 0.4287190139
vt 0.457554996 0.1474969983
vt 0.4228299856 0.1474969983
vt 0.7127280235 0.0482520014
vt 0.7474529743 0.0482520014
vt 0.8421270251 0.4347350001
vt 0.8421279788 0.4671860039
vt 0.5151370168 0.2325209975
vt 0.5151370168 0.197796002
vt 0.7534689903 0.05426799878
vt 0.7534689903 0.088992998
vt 0.8361110091 0.4732019901
vt 0.8036599755 0.4732019901
vt 0.5211529732 0.1917800009
vt 0.5558779836 0.1917800009
vt 0.7474529743 0.09500899911
vt 0.7127280235 0.09500899911
vt 0.8477609754 0.182404995
vt 0.8477609754 0.1499540061
vt 0.5618939996 0.197796002
vt 0.5618939996 0.2325209975
vt 0.6110259891 0.088992998
vt 0.6110259891 0.05426799878
vt 0.8537769914 0.1439370066
vt 0.886228025 0.1439370066
vt 0.5558779836 0.2385369986
vt 0.5211529732 0.2385369986
vt 0.6170430183 0.0482520014
vt 0.6517680287 0.0482520014
vt 0.8922439814 0.1499540061
vt 0.8922439814 0.182404995
vt 0.5631840229 0.088992998
vt 0.5631840229 0.05426799878
vt 0.6577839851 0.05426799878
vt 0.6577839851 0.088992998
vt 0.886228025 0.1884209961
vt 0.8537769914 0.1884209961
vt 0.5691999793 0.0482520014
vt 0.6039249897 0.0482520014
vt 0.6517670155 0.09500899911
vt 0.6170430183 0.09500899911
vt 0.4672940075 0.08651400357
vt 0.4697729945 0.05406299978
vt 0.6099410057 0.05426799878
vt 0.6099410057 0.088992998
vt 0.610822022 0.1368360072
vt 0.610822022 0.1021109968
vt 0.4757890105 0.04804699868
vt 0.5082399845 0.04804699868
vt 0.6039249897 0.09500899911
vt 0.5691999793 0.09500899911
vt 0.6168379784 0.09609500319
vt 0.6515629888 0.09609500319
vt 0.5142560005 0.05406299978
vt 0.5142560005 0.08651400357
vt 0.4168139994 0.04337799922
vt 0.4168139994 0.006016000174
vt 0.6575790048 0.1021109968
vt 0.6575790048 0.1368360072
vt 0.5082399845 0.09253100306
vt 0.4757890105 0.09500899911
vt 0.4228299856 0
vt 0.4601930082 0
vt 0.6515629888 0.1428519934
vt 0.6168379784 0.1428519934
vt 0.8479650021 0.03846700117
vt 0.8479650021 0.006016000174
vt 0.4662089944 0.006016000174
vt 0.4662089944 0.04337799922
vt 0.5151370168 0.2803640068
vt 0.5151370168 0.2456389964
vt 0.8539810181 0
vt 0.8864319921 0
vt 0.4601930082 0.0493949987
vt 0.4228299856 0.0493949987
vt 0.5211529732 0.2396229953
vt 0.5558779836 0.2396229953
vt 0.8924490213 0.006016000174
vt 0.8924490213 0.03846700117
vt 0.4672940075 0.511548996
vt 0.4672940075 0.4825780094
vt 0.5618939996 0.2456389964
vt 0.5618939996 0.2803640068
vt 0.8864319921 0.04448299855
vt 0.8539810181 0.04448299855
vt 0.4733099937 0.4765619934
vt 0.5022820234 0.4765619934
vt 0.5558779836 0.286379993
vt 0.5211529732 0.286379993
vt 0.8021919727 0.2780900002
vt 0.8021919727 0.2456389964
vt 0.5082979798 0.4825780094
vt 0.5082979798 0.511548996
vt 0.5151370168 0.3760490119
vt 0.5151370168 0.3413240016
vt 0.8082079887 0.2396229953
vt 0.8406590223 0.2396229953
vt 0.5022820234 0.517565012
vt 0.4733099937 0.517565012
vt 0.5211529732 0.3353079855
vt 0.5558779836 0.3353079855
vt 0.846675992 0.2456389964
vt 0.846675992 0.2780900002
vt 0.8935340047 0.03498800099
vt 0.8935340047 0.006016000174
vt 0.5618939996 0.3413240016
vt 0.5618939996 0.3760490119
vt 0.8406590223 0.2841059864
vt 0.8082079887 0.2841059864
vt 0.8995500207 0
vt 0.9285219908 0
vt 0.5558779836 0.3820649981
vt 0.5211529732 0.3820649981
vt 0.8021919727 0.3737750053
vt 0.8021919727 0.3413240016
vt 0.9345380068 0.006016000174
vt 0.9345380068 0.03498800099
vt 0.5629789829 0.1368360072
vt 0.5629789829 0.1021109968
vt 0.8082079887 0.3353079855
vt 0.8406590223 0.3353079855
vt 0.9285219908 0.04100399837
vt 0.8995500207 0.04100399837
vt 0.5689949989 0.09609500319
vt 0.6037200093 0.09609500319
vt 0.846675992 0.3413240016
vt 0.846675992 0.3737750053
vt 0.9343330264 0.2819739878
vt 0.9343330264 0.3109459877
vt 0.609736979 0.1021109968
vt 0.609736979 0.1368360072
vt 0.8406590223 0.3797909915
vt 0.8082079887 0.3797909915
vt 0.9283170104 0.3169620037
vt 0.8993449807 0.3169620037
vt 0.6037200093 0.1428519934
vt 0.5689949989 0.1428519934
vt 0.5629789829 0.4671860039
vt 0.5629789829 0.4347350001
vt 0.8933290243 0.3109459877
vt 0.8933290243 0.2819739878
vt 0.7543500066 0.3760490119
vt 0.7543500066 0.3413240016
vt 0.5689949989 0.4287190139
vt 0.6014459729 0.4287190139
vt 0.899345994 0.2759580016
vt 0.9283170104 0.2759580016
vt 0.7603660226 0.3353079855
vt 0.7950909734 0.3353079855
vt 0.6074630022 0.4347350001
vt 0.6074630022 0.4671860039
vt 0.8933290243 0.2267670035
vt 0.8933290243 0.197796002
vt 0.8011069894 0.3413240016
vt 0.8011069894 0.3760490119
vt 0.6014459729 0.4732019901
vt 0.5689949989 0.4732019901
vt 0.899345994 0.1917800009
vt 0.9283170104 0.1917800009
vt 0.7950909734 0.3820649981
vt 0.7603660226 0.3820649981
vt 0.8910549879 0.4216170013
vt 0.8910549879 0.3891670108
vt 0.9343330264 0.197796002
vt 0.9343330264 0.2267680019
vt 0.6110259891 0.04074100032
vt 0.6110259891 0.006016000174
vt 0.8970720172 0.3831500113
vt 0.9295219779 0.3831500113
vt 0.9283170104 0.232784003
vt 0.899345994 0.232784003
vt 0.6170430183 0
vt 0.6517680287 0
vt 0.9355390072 0.3891670108
vt 0.9355390072 0.4216170013
vt 0.6541900039 0.5092750192
vt 0.6541900039 0.4803040028
vt 0.6577839851 0.006016000174
vt 0.6577839851 0.04074100032
vt 0.9295219779 0.4276340008
vt 0.8970720172 0.4276340008
vt 0.6602060199 0.4742879868
vt 0.68917799 0.4742879868
vt 0.6517680287 0.04675700143
vt 0.6170430183 0.04675700143
vt 0.8023970127 0.03846700117
vt 0.8023970127 0.006016000174
vt 0.695194006 0.4803040028
vt 0.695194006 0.5092750192
vt 0.7543500066 0.2803640068
vt 0.7543500066 0.2456389964
vt 0.8084130287 0
vt 0.8408640027 0
vt 0.68917799 0.5152909756
vt 0.6602060199 0.5152909756
vt 0.7603660226 0.2396229953
vt 0.7950909734 0.2396229953
vt 0.8468800187 0.006016000174
vt 0.8468800187 0.03846700117
vt 0.8933290243 0.2688570023
vt 0.8933290243 0.2398850024
vt 0.8011069894 0.2456389964
vt 0.8011069894 0.2803640068
vt 0.8408640027 0.04448299855
vt 0.8084130287 0.04448299855
vt 0.899345994 0.2338690013
vt 0.9283170104 0.2338690013
vt 0.7950909734 0.286379993
vt 0.7603660226 0.286379993
vt 0.9343330264 0.2398850024
vt 0.9343330264 0.2688570023
vt 0.5151370168 0.1846790016
vt 0.5151370168 0.1499529928
vt 0.9283170104 0.2748729885
vt 0.899345994 0.2748729885
vt 0.5211529732 0.1439370066
vt 0.5558779836 0.1439370066
vt 0.8935340047 0.08055599779
vt 0.8935340047 0.05158500001
vt 0.5618939996 0.1499529928
vt 0.5618939996 0.1846790016
vt 0.8995500207 0.0455689989
vt 0.9285219908 0.0455689989
vt 0.5558779836 0.1906950027
vt 0.5211529732 0.1906950027
vt 0.9345380068 0.05158500001
vt 0.9345380068 0.08055599779
vt 0.6586650014 0.2803640068
vt 0.6586650014 0.2456389964
vt 0.9285219908 0.08657199889
vt 0.8995500207 0.08657199889
vt 0.6646810174 0.2396229953
vt 0.6994060278 0.2396229953
vt 0.8933290243 0.3530350029
vt 0.8933290243 0.3240630031
vt 0.7054219842 0.2456389964
vt 0.7054219842 0.2803640068
vt 0.899345994 0.3180469871
vt 0.9283170104 0.3180469871
vt 0.6994060278 0.286379993
vt 0.6646810174 0.286379993
vt 0.9343330264 0.3240630031
vt 0.9343330264 0.3530350029
vt 0.610822022 0.1846780032
vt 0.610822022 0.1499529928
vt 0.9283170104 0.3590509892
vt 0.899345994 0.3590509892
vt 0.6168379784 0.1439370066
vt 0.6515629888 0.1439370066
vt 0.8933290243 0.176651001
vt 0.8933290243 0.1476790011
vt 0.6575790048 0.1499529928
vt 0.6575790048 0.1846780032
vt 0.899345994 0.141663
vt 0.9283170104 0.141663
vt 0.6515629888 0.1906950027
vt 0.6168379784 0.1906950027
vt 0.9343330264 0.1476790011
vt 0.9343330264 0.176651001
vt 0.7543500066 0.1846780032
vt 0.7543500066 0.1499529928
vt 0.9283170104 0.1826670021
vt 0.899345994 0.1826670021
vt 0.7603660226 0.1439370066
vt 0.7950909734 0.1439370066
vt 0.8910549879 0.5092750192
vt 0.8910549879 0.4803040028
vt 0.8011069894 0.1499529928
vt 0.8011069894 0.1846780032
vt 0.8970720172 0.4742870033
vt 0.926042974 0.4742870033
vt 0.7950909734 0.1906950027
vt 0.7603660226 0.1906950027
vt 0.9141029716 0.5506240129
vt 0.9139479995 0.5605369806
vt 0.8201230168 0.5605369806
vt 0.8202769756 0.5506240129
vt 0.93205899 0.4803040028
vt 0.93205899 0.5092750192
vt 0.5631840229 0.04074100032
vt 0.5631840229 0.006016000174
vt 0.926042974 0.5152909756
vt 0.8970720172 0.5152909756
vt 0.5691999793 0
vt 0.6039249897 0
vt 0.4327780008 0.7117009759
vt 0.4329330027 0.7017880082
vt 0.8201220036 0.7017880082
vt 0.8199679852 0.7117009759
vt 0.8454869986 0.5092750192
vt 0.8454869986 0.4803040028
vt 0.6099410057 0.006016000174
vt 0.6099410057 0.04074100032
vt 0.8515030146 0.4742870033
vt 0.8804739714 0.4742870033
vt 0.6039249897 0.04675700143
vt 0.5691999793 0.04675700143
vt 0.2524909973 0.2246890068
vt 0.2524909973 0.2285619974
vt 0.2511439919 0.2285619974
vt 0.2511439919 0.2246890068
vt 0.8864910007 0.4803040028
vt 0.8864910007 0.5092750192
vt 0.7543500066 0.3282060027
vt 0.7543500066 0.2934809923
vt 0.2491350025 0.2246890068
vt 0.2491350025 0.2285619974
vt 0.2367299944 0.2285619974
vt 0.2367299944 0.2246890068
vt 0.8804739714 0.5152909756
vt 0.8515030146 0.5152909756
vt 0.7603660226 0.2874650061
vt 0.7950909734 0.2874650061
vt 0.2619749904 0.2178930044
vt 0.2619740069 0.2185660005
vt 0.7065070271 0.5092750192
vt 0.7065070271 0.4803040028
vt 0.8011069894 0.2934809923
vt 0.8011069894 0.3282060027
vt 0.7125229836 0.4742870033
vt 0.7414950132 0.4742870033
vt 0.7950909734 0.3342230022
vt 0.7603660226 0.3342230022
vt 0.7475110292 0.4803040028
vt 0.7475110292 0.5092750192
vt 0.7065070271 0.2325209975
vt 0.7065070271 0.197796002
vt 0.7414950132 0.5152909756
vt 0.7125229836 0.5152909756
vt 0.7125229836 0.1917800009
vt 0.7472479939 0.1917800009
vt 0.7520760298 0.5092750192
vt 0.7520760298 0.4803040028
vt 0.75326401 0.197796002
vt 0.75326401 0.2325209975
vt 0.7580919862 0.4742870033
vt 0.7870630026 0.4742870033
vt 0.7472479939 0.2385369986
vt 0.7125229836 0.2385369986
vt 0.7930799723 0.4803040028
vt 0.7930799723 0.5092750192
vt 0.4672940075 0.4238919914
vt 0.4672940075 0.3891670108
vt 0.7870630026 0.5152909756
vt 0.7580919862 0.5152909756
vt 0.4733099937 0.3831500113
vt 0.5080350041 0.3831500113
vt 0.6085479856 0.5092750192
vt 0.6085479856 0.4803040028
vt 0.5140510201 0.3891670108
vt 0.5140510201 0.4238919914
vt 0.6145640016 0.4742879868
vt 0.643535018 0.4742879868
vt 0.5080350041 0.4299080074
vt 0.4733099937 0.4299080074
vt 0.6495519876 0.4803040028
vt 0.6495519876 0.5092750192
vt 0.4168139994 0.3806940019
vt 0.4168139994 0.3459689915
vt 0.643535018 0.5152909756
vt 0.6145640016 0.5152909756
vt 0.4228299856 0.3399530053
vt 0.457554996 0.3399530053
vt 0.7998049855 0.5092750192
vt 0.7998049855 0.4803040028
vt 0.4635719955 0.3459689915
vt 0.4635719955 0.3806940019
vt 0.8058210015 0.4742870033
vt 0.8347929716 0.4742870033
vt 0.457554996 0.3867099881
vt 0.4228299856 0.3867099881
vt 0.8408089876 0.4803040028
vt 0.8408089876 0.5092750192
vt 0.7067120075 0.04074100032
vt 0.7067120075 0.006016000174
vt 0.8347929716 0.5152909756
vt 0.8058210015 0.5152909756
vt 0.7127280235 0
vt 0.7474529743 0
vt 0.5572260022 0.5092750192
vt 0.5572260022 0.4803040028
vt 0.7534689903 0.006016000174
vt 0.7534689903 0.04074100032
vt 0.5632420182 0.4742879868
vt 0.5922139883 0.4742879868
vt 0.7474529743 0.04675700143
vt 0.7127280235 0.04675700143
vt 0.5982300043 0.4803040028
vt 0.5982300043 0.5092750192
vt 0.7545539737 0.04074100032
vt 0.7545539737 0.006016000174
vt 0.5922139883 0.5152909756
vt 0.5632420182 0.5152909756
vt 0.7605699897 0
vt 0.7952950001 0
vt 0.8933290243 0.1310819983
vt 0.8933290243 0.1021109968
vt 0.8013120294 0.006016000174
vt 0.8013120294 0.04074100032
vt 0.899345994 0.09609500319
vt 0.9283170104 0.09609500319
vt 0.7952950001 0.04675700143
vt 0.7605699897 0.04675700143
vt 0.9343330264 0.1021109968
vt 0.9343330264 0.1310819983
vt 0.7065070271 0.3760490119
vt 0.7065070271 0.3413240016
vt 0.9283170104 0.1370979995
vt 0.899345994 0.1370979995
vt 0.7125229836 0.3353079855
vt 0.7472479939 0.3353079855
vt 0.5151370168 0.5092750192
vt 0.5151370168 0.4803040028
vt 0.75326401 0.3413240016
vt 0.75326401 0.3760490119
vt 0.5211529732 0.4742879868
vt 0.5501239896 0.4742879868
vt 0.7472479939 0.3820649981
vt 0.7125229836 0.3820649981
vt 0.5561410189 0.4803040028
vt 0.5561410189 0.5092750192
vt 0.6586639881 0.3760490119
vt 0.6586639881 0.3413240016
vt 0.5501239896 0.5152909756
vt 0.5211529732 0.5152909756
vt 0.6646810174 0.3353079855
vt 0.6994050145 0.3353079855
vt 0.6085479856 0.4671860039
vt 0.6085479856 0.4347350001
vt 0.7054219842 0.3413240016
vt 0.7054219842 0.3760490119
vt 0.6145640016 0.4287190139
vt 0.6470149755 0.4287190139
vt 0.6994050145 0.3820649981
vt 0.6646810174 0.3820649981
vt 0.6530309916 0.4347350001
vt 0.6530309916 0.4671860039
vt 0.4168139994 0.3328509927
vt 0.4168139994 0.2981260121
vt 0.6470149755 0.4732019901
vt 0.6145640016 0.4732019901
vt 0.4228299856 0.2921099961
vt 0.457554996 0.2921099961
vt 0.8477609754 0.2780900002
vt 0.8477609754 0.2456389964
vt 0.4635719955 0.2981260121
vt 0.4635719955 0.3328509927
vt 0.8537769914 0.2396229953
vt 0.886228025 0.2396229953
vt 0.457554996 0.3388679922
vt 0.4228299856 0.3388679922
vt 0.8922439814 0.2456389964
vt 0.8922439814 0.2780900002
vt 0.6588690281 0.04074100032
vt 0.6588690281 0.006016000174
vt 0.886228025 0.2841059864
vt 0.8537769914 0.2841059864
vt 0.6648849845 0
vt 0.6996099949 0
vt 0.8477609754 0.1345620006
vt 0.8477609754 0.1021109968
vt 0.7056260109 0.006016000174
vt 0.7056260109 0.04074100032
vt 0.8537769914 0.09609500319
vt 0.886228025 0.09609500319
vt 0.6996099949 0.04675700143
vt 0.6648849845 0.04675700143
vt 0.8922439814 0.1021109968
vt 0.8922439814 0.1345620006
vt 0.610822022 0.2325209975
vt 0.610822022 0.197796002
vt 0.886228025 0.1405780017
vt 0.8537769914 0.1405780017
vt 0.6168379784 0.1917800009
vt 0.6515629888 0.1917800009
vt 0.7999179959 0.4216170013
vt 0.7999179959 0.3891670108
vt 0.6575790048 0.197796002
vt 0.6575790048 0.2325209975
vt 0.8059340119 0.3831500113
vt 0.8383849859 0.3831500113
vt 0.6515629888 0.2385369986
vt 0.6168379784 0.2385369986
vt 0.8444020152 0.3891670108
vt 0.8444020152 0.4216170013
vt 0.4168139994 0.2371660024
vt 0.4168139994 0.2024410069
vt 0.8383849859 0.4276340008
vt 0.8059340119 0.4276340008
vt 0.4228299856 0.1964250058
vt 0.457554996 0.1964250058
vt 0.5629789829 0.4216170013
vt 0.5629789829 0.3891670108
vt 0.4635719955 0.2024410069
vt 0.4635719955 0.2371660024
vt 0.5689949989 0.3831500113
vt 0.6014459729 0.3831500113
vt 0.457554996 0.2431820035
vt 0.4228299856 0.2431820035
vt 0.6074630022 0.3891670108
vt 0.6074630022 0.4216180146
vt 0.4672940075 0.1846780032
vt 0.4672940075 0.1499529928
vt 0.6014459729 0.4276340008
vt 0.5689949989 0.4276340008
vt 0.4733099937 0.1439370066
vt 0.5080350041 0.1439370066
vt 0.610822022 0.4216170013
vt 0.610822022 0.3891670108
vt 0.5140510201 0.1499529928
vt 0.5140510201 0.1846780032
vt 0.6168379784 0.3831500113
vt 0.649289012 0.3831500113
vt 0.5080350041 0.1906950027
vt 0.4733099937 0.1906950027
vt 0.655305028 0.3891670108
vt 0.655305028 0.4216170013
vt 0.5629789829 0.1846780032
vt 0.5629789829 0.1499529928
vt 0.649289012 0.4276340008
vt 0.6168379784 0.4276340008
vt 0.5689949989 0.1439370066
vt 0.6037200093 0.1439370066
vt 0.4329330027 0.6531310081
vt 0.8201230168 0.6531310081
vt 0.3312129974 0.08239900321
vt 0.3381299973 0.08239900321
vt 0.3381299973 0.0893149972
vt 0.3312129974 0.0893149972
vt 0.3263309896 0.0893149972
vt 0.3263309896 0.08239900321
vt 0.3312129974 0.07751599699
vt 0.3381299973 0.07751599699
vt 0.3430129886 0.08239900321
vt 0.3430129886 0.0893149972
vt 0.3381299973 0.09419800341
vt 0.3312129974 0.09419800341
vt 0.2709619999 0.03893899918
vt 0.2640460134 0.03893899918
vt 0.2640460134 0.03202300146
vt 0.2709619999 0.03202300146
vt 0.2758449912 0.03202300146
vt 0.2758449912 0.03893899918
vt 0.2709619999 0.04382200167
vt 0.2640460134 0.04382200167
vt 0.2591629922 0.03893899918
vt 0.2591629922 0.03202300146
vt 0.2640460134 0.02714000084
vt 0.2709619999 0.02714000084
vt 0.3888210058 0.7117009759
vt 0.3889760077 0.7017880082
vt 0.3889760077 0.6531310081
vt 0.3889760077 0.5605369806
vt 0.4329330027 0.5605369806
vt 0.3974319994 0.07958400249
vt 0.3835090101 0.07958400249
vt 0.1755709946 0.1906950027
vt 0.1777389944 0.1912669986
vt 0.1799129993 0.1920720041
vt 0.2151409984 0.1054999977
vt 0.2195349932 0.1014899984
vt 0.2213360071 0.2069610059
vt 0.2179030031 0.1995899975
vt 0.4330880046 0.5506240129
vt 0.1734060049 0.1903160065
vt 0.1691509932 0.1900819987
vt 0.1712680012 0.1901140064
vt 0.1670619994 0.1902150065
vt 0.164989993 0.1905100048
vt 0.1849540025 0.2045229971
vt 0.1841170043 0.1943400055
vt 0.3138830066 0.2007389963
vt 0.3138830066 0.1330749989
vt 0.314052999 0.1330959946
vt 0.3142170012 0.1331609935
vt 0.3143669963 0.1332650036
vt 0.3144989908 0.133405
vt 0.3146080077 0.1335760057
vt 0.3146879971 0.1337710023
vt 0.3147380054 0.1339830011
vt 0.3147549927 0.1342030019
vt 0.3147549927 0.1391749978
vt 0.3147549927 0.1499760002
vt 0.3147549927 0.1945499927
vt 0.3147549927 0.1996109933
vt 0.3147380054 0.199830994
vt 0.3146879971 0.2000419945
vt 0.3146080077 0.2002370059
vt 0.3144989908 0.2004079968
vt 0.3143669963 0.2005479932
vt 0.3142170012 0.2006530017
vt 0.314052999 0.2007170022
vt 0.1628720015 0.1909690052
vt 0.3835090101 0
vt 0.3974319994 0
vt 0.2205010056 0.2740490139
vt 0.2193520069 0.2819649875
vt 0.2213979959 0.2661359906
vt 0.222044006 0.2582300007
vt 0.2225880027 0.2424540073
vt 0.2224400043 0.2503350079
vt 0.222488001 0.234589994
vt 0.2221390009 0.2267490029
vt 0.2215410024 0.2189349979
vt 0.9596070051 0.7018120289
vt 0.9571419954 0.7017880082
vt 0.9139479995 0.6531310081
vt 0.218216002 0.2102710009
vt 0.2067580074 0.2082909942
vt 0.1741449982 0.0729039982
vt 0.2003780007 0.07244399935
vt 0.386510998 0.5605120063
vt 0.386510998 0.6531059742
vt 0.3835099936 0.2218340039
vt 0.3974319994 0.2218340039
vt 0.1735350043 0.08702900261
vt 0.1714539975 0.08741900325
vt 0.1693339944 0.08771599829
vt 0.1671839952 0.08794099838
vt 0.1650349945 0.08810299635
vt 0.1628800035 0.08820000291
vt 0.1607290059 0.08822999895
vt 0.158574 0.08818700165
vt 0.9572970271 0.5506240129
vt 0.1563560069 0.08807200193
vt 0.2141630054 0.07220300287
vt 0.2190990001 0.07593099773
vt 0.2144709975 0.08269900084
vt 0.1767510027 0.1046449989
vt 0.1749659926 0.08291000128
vt 0.9139479995 0.7017880082
vt 0.9137930274 0.7117009759
vt 0.1496420056 0.3521229923
vt 0.1305309981 0.3521150053
vt 0.1473740041 0.3468059897
vt 0.1273880005 0.3432070017
vt 0.1461839974 0.3411490023
vt 0.1729220003 0.3673160076
vt 0.1713829935 0.3849070072
vt 0.1787019968 0.3672530055
vt 0.1807599962 0.3860479891
vt 0.1843580008 0.3660640121
vt 0.1896679997 0.3829039931
vt 0.1896740049 0.3637929857
vt 0.1987680048 0.3803710043
vt 0.1944440007 0.3605290055
vt 0.2057960033 0.3740580082
vt 0.1984879971 0.3563979864
vt 0.2132350057 0.3682340086
vt 0.2016460001 0.3515549898
vt 0.2173119932 0.3597109914
vt 0.2038020045 0.346190989
vt 0.2219559997 0.3514829874
vt 0.204866007 0.340508014
vt 0.2224610001 0.3420479894
vt 0.2048050016 0.3347269893
vt 0.2236029953 0.3326689899
vt 0.2036129981 0.3290700018
vt 0.2204589993 0.3237589896
vt 0.2013449967 0.3237529993
vt 0.2179239988 0.3146570027
vt 0.1980790049 0.3189820051
vt 0.2116090059 0.3076289892
vt 0.193948999 0.3149380088
vt 0.205783993 0.3001900017
vt 0.1891060024 0.3117800057
vt 0.1972610056 0.2961139977
vt 0.183743 0.3096249998
vt 0.1890320033 0.2914710045
vt 0.1780599952 0.3085600138
vt 0.1795980036 0.2909680009
vt 0.172280997 0.3086229861
vt 0.1702200025 0.2898269892
vt 0.1666239947 0.3098129928
vt 0.161311999 0.2929730117
vt 0.1613080055 0.3120830059
vt 0.1522119939 0.2955079973
vt 0.1565379947 0.3153479993
vt 0.145186007 0.3018229902
vt 0.1524969935 0.3194800019
vt 0.1377490014 0.3076480031
vt 0.1493390054 0.3243210018
vt 0.1336749941 0.316170007
vt 0.1471869946 0.329685986
vt 0.1290329993 0.3243969977
vt 0.1461230069 0.3353680074
vt 0.1285289973 0.3338289857
vt 0.2663869858 0.4752919972
vt 0.232366994 0.4752750099
vt 0.2332900017 0.4652619958
vt 0.2666099966 0.4719339907
vt 0.2361550033 0.4556330144
vt 0.2674889863 0.4686929882
vt 0.2408480048 0.4467630088
vt 0.2689880133 0.4656949937
vt 0.2471809983 0.4389939904
vt 0.2710500062 0.4630550146
vt 0.2549020052 0.4326219857
vt 0.2735959888 0.4608780146
vt 0.2637070119 0.4278829992
vt 0.2765299976 0.4592500031
vt 0.2732560039 0.4249480069
vt 0.2797420025 0.4582400024
vt 0.2831810117 0.4239110053
vt 0.2831090093 0.457893014
vt 0.29311499 0.4247910082
vt 0.2865000069 0.4582319856
vt 0.3027069867 0.4275520146
vt 0.2898199856 0.4590199888
vt 0.3115949929 0.4321129918
vt 0.2928870022 0.4604400098
vt 0.3194369972 0.4383180141
vt 0.295589 0.4624330103
vt 0.3259260058 0.4459379911
vt 0.2978290021 0.4649209976
vt 0.3308050036 0.4546880126
vt 0.2995289862 0.4678069949
vt 0.3338800073 0.4642339945
vt 0.3006210029 0.4709739983
vt 0.3350250125 0.4742070138
vt 0.3010640144 0.4742980003
vt 0.3341920078 0.4842199981
vt 0.3008419871 0.4776499867
vt 0.3314110041 0.4938850105
vt 0.299962014 0.4808999896
vt 0.3267860115 0.5028250217
vt 0.29845801 0.4839200079
vt 0.3204970062 0.5106920004
vt 0.296386987 0.486593008
vt 0.3127839863 0.5171800256
vt 0.293828994 0.4888150096
vt 0.3039459884 0.5220379829
vt 0.2908810079 0.4904989898
vt 0.2943260074 0.5250769854
vt 0.287658006 0.4915789962
vt 0.2842940092 0.5261780024
vt 0.2842830122 0.4920110106
vt 0.2742379904 0.5252990127
vt 0.2808859944 0.4917800128
vt 0.2645480037 0.5224710107
vt 0.2775990069 0.4908939898
vt 0.2555980086 0.5178059936
vt 0.2745490074 0.4893870056
vt 0.2477339953 0.5114830136
vt 0.2718519866 0.4873180091
vt 0.2412610054 0.5037479997
vt 0.2696120143 0.4847680032
vt 0.2668269873 0.4786359966
vt 0.233427003 0.4852850139
vt 0.2679159939 0.4818359911
vt 0.2364300042 0.4948999882
vt 0.9569870234 0.7117009759
vt 0.386510998 0.7017629743
vt 0.3891299963 0.5506240129
vt 0.04653400183 0.1498710066
vt 0.04975499958 0.02394500002
vt 0.1494629979 0.02136199921
vt 0.1495199949 0.1704680026
vt 0.3911739886 0.7226579785
vt 0.3911739886 0.9898880124
vt 0.9708989859 0.7125449777
vt 0.3913289905 0.7125449777
vt 0.386510998 0.722597003
vt 0.3865100145 0.9898269773
vt 0.3910180032 1
vt 0.9705870152 1
vt 0.2353820056 0.2285619974
vt 0.2353820056 0.2246890068
vt 0.2889730036 0.2182379961
vt 0.2926680148 0.2182379961
vt 0.2926680148 0.2458910048
vt 0.2889730036 0.2458910048
vt 0.2580980062 0.2329889983
vt 0.2619720101 0.2329760045
vt 0.2619760036 0.2343239933
vt 0.258103013 0.234337002
vt 0.2511129975 0.2233410031
vt 0.2506879866 0.2217639983
vt 0.2506670058 0.2194730043
vt 0.2511070073 0.2194689959
vt 0.2511439919 0.2233420014
vt 0.2367299944 0.2233420014
vt 0.2491350025 0.2233420014
vt 0.2771399915 0.2182379961
vt 0.2771399915 0.2458910048
vt 0.2567540109 0.232998997
vt 0.2567369938 0.230994001
vt 0.2567369938 0.2309699953
vt 0.272796005 0.2182510048
vt 0.272796005 0.245908007
vt 0.2706100047 0.245908007
vt 0.2706100047 0.2182510048
vt 0.2619650066 0.2309679985
vt 0.2528870106 0.2329950035
vt 0.2528879941 0.2325560004
vt 0.2551749945 0.2325579971
vt 0.2567529976 0.2329690009
vt 0.2766579986 0.2182299942
vt 0.2766579986 0.2458869964
vt 0.2494360059 0.2233120054
vt 0.2497259974 0.2232230008
vt 0.2499929965 0.2230779976
vt 0.2502270043 0.2228820026
vt 0.2504209876 0.2226430029
vt 0.2505660057 0.2223699987
vt 0.2506560087 0.2220730036
vt 0.2554840147 0.2325229943
vt 0.2557789981 0.2324299961
vt 0.2560510039 0.2322829962
vt 0.256287992 0.2320879996
vt 0.2564809918 0.2318529934
vt 0.2566229999 0.231584996
vt 0.2567099929 0.2312950045
vt 0.2732790112 0.2182479948
vt 0.2732790112 0.245904997
vt 0.2737610042 0.218245998
vt 0.2737610042 0.2459030002
vt 0.2742440104 0.2182430029
vt 0.2742440104 0.2459000051
vt 0.2747269869 0.2182410061
vt 0.2747269869 0.2458979934
vt 0.2752099931 0.2182379961
vt 0.2752090096 0.2458949983
vt 0.2756919861 0.218235001
vt 0.2756919861 0.2458920032
vt 0.2761749923 0.2182330042
vt 0.2761749923 0.2458900064
vt 0.2472539991 0.08239900321
vt 0.2541700006 0.08239900321
vt 0.2541700006 0.0893149972
vt 0.2472539991 0.0893149972
vt 0.2423709929 0.0893149972
vt 0.2423709929 0.08239900321
vt 0.2472539991 0.07751599699
vt 0.2541700006 0.07751599699
vt 0.2590529919 0.08239900321
vt 0.2590529919 0.0893149972
vt 0.2541700006 0.09419800341
vt 0.2472539991 0.09419800341
vt 0.2877539992 0.05573099852
vt 0.2808380127 0.05573099852
vt 0.2808380127 0.0488150008
vt 0.2877539992 0.0488150008
vt 0.2926369905 0.0488150008
vt 0.2926369905 0.05573099852
vt 0.2877539992 0.06061400101
vt 0.2808380127 0.06061400101
vt 0.2759549916 0.05573099852
vt 0.2759549916 0.0488150008
vt 0.2808380127 0.04393199831
vt 0.2877539992 0.04393199831
vt 0.2541700006 0.02214699984
vt 0.2472539991 0.02214699984
vt 0.2472539991 0.01523100026
vt 0.2541700006 0.01523100026
vt 0.2590529919 0.01523100026
vt 0.2590529919 0.02214699984
vt 0.2541700006 0.02703000046
vt 0.2472539991 0.02703000046
vt 0.2423709929 0.02214699984
vt 0.2423709929 0.01523100026
vt 0.2472539991 0.01034799963
vt 0.2541700006 0.01034799963
vt 0.3144220114 0.06560699642
vt 0.3213379979 0.06560699642
vt 0.3213379979 0.07252299786
vt 0.3144220114 0.07252299786
vt 0.3095389903 0.07252299786
vt 0.3095389903 0.06560699642
vt 0.3144220114 0.06072400138
vt 0.3213379979 0.06072400138
vt 0.3262209892 0.06560699642
vt 0.3262209892 0.07252299786
vt 0.3213379979 0.07740599662
vt 0.3144220114 0.07740599662
vt 0.2808380127 0.06560699642
vt 0.2877539992 0.06560699642
vt 0.2877539992 0.07252299786
vt 0.2808380127 0.07252299786
vt 0.2759549916 0.07252299786
vt 0.2759549916 0.06560699642
vt 0.2808380127 0.06072400138
vt 0.2877539992 0.06072400138
vt 0.2926369905 0.06560699642
vt 0.2926369905 0.07252299786
vt 0.2877539992 0.07740599662
vt 0.2808380127 0.07740599662
vt 0.297630012 0.0488150008
vt 0.3045459986 0.0488150008
vt 0.3045459986 0.05573099852
vt 0.297630012 0.05573099852
vt 0.2927469909 0.05573099852
vt 0.2927469909 0.0488150008
vt 0.297630012 0.04393199831
vt 0.3045459986 0.04393199831
vt 0.3094289899 0.0488150008
vt 0.3094289899 0.05573099852
vt 0.3045459986 0.06061400101
vt 0.297630012 0.06061400101
vt 0.297630012 0.01523100026
vt 0.3045459986 0.01523100026
vt 0.3045459986 0.02214699984
vt 0.297630012 0.02214699984
vt 0.2927469909 0.02214699984
vt 0.2927469909 0.01523100026
vt 0.297630012 0.01034799963
vt 0.3045459986 0.01034799963
vt 0.3094289899 0.01523100026
vt 0.3094289899 0.02214699984
vt 0.3045459986 0.02703000046
vt 0.297630012 0.02703000046
vt 0.2541700006 0.0488150008
vt 0.2541700006 0.05573099852
vt 0.2472539991 0.05573099852
vt 0.2472539991 0.0488150008
vt 0.2472539991 0.04393199831
vt 0.2541700006 0.04393199831
vt 0.2590529919 0.0488150008
vt 0.2590529919 0.05573099852
vt 0.2541700006 0.06061400101
vt 0.2472539991 0.06061400101
vt 0.2423709929 0.05573099852
vt 0.2423709929 0.0488150008
vt 0.2808380127 0.0893149972
vt 0.2808380127 0.08239900321
vt 0.2877539992 0.08239900321
vt 0.2877539992 0.0893149972
vt 0.2877539992 0.09419800341
vt 0.2808380127 0.09419800341
vt 0.2759549916 0.0893149972
vt 0.2759549916 0.08239900321
vt 0.2808380127 0.07751599699
vt 0.2877539992 0.07751599699
vt 0.2926369905 0.08239900321
vt 0.2926369905 0.0893149972
vt 0.3312129974 0.1061069965
vt 0.3312129974 0.09919100255
vt 0.3381299973 0.09919100255
vt 0.3381299973 0.1061069965
vt 0.3381299973 0.1109900028
vt 0.3312129974 0.1109900028
vt 0.3263309896 0.1061069965
vt 0.3263309896 0.09919100255
vt 0.3312129974 0.09430799633
vt 0.3381299973 0.09430799633
vt 0.3430129886 0.09919100255
vt 0.3430129886 0.1061069965
vt 0.2808380127 0.03202300146
vt 0.2877539992 0.03202300146
vt 0.2877539992 0.03893899918
vt 0.2808380127 0.03893899918
vt 0.2759549916 0.03893899918
vt 0.2759549916 0.03202300146
vt 0.2808380127 0.02714000084
vt 0.2877539992 0.02714000084
vt 0.2926369905 0.03202300146
vt 0.2926369905 0.03893899918
vt 0.2877539992 0.04382200167
vt 0.2808380127 0.04382200167
vt 0.2472539991 0.09918999672
vt 0.2541700006 0.09919100255
vt 0.2541700006 0.1061069965
vt 0.2472539991 0.1061069965
vt 0.2423709929 0.1061069965
vt 0.2423709929 0.09918999672
vt 0.2472539991 0.09430799633
vt 0.2541700006 0.09430799633
vt 0.2590529919 0.09918999672
vt 0.2590529919 0.1061069965
vt 0.2541700006 0.1109900028
vt 0.2472539991 0.1109889969
vt 0.2472539991 0.07252299786
vt 0.2472539991 0.06560699642
vt 0.2541700006 0.06560699642
vt 0.2541700006 0.07252299786
vt 0.2541700006 0.07740599662
vt 0.2472539991 0.07740599662
vt 0.2423709929 0.07252299786
vt 0.2423709929 0.06560699642
vt 0.2472539991 0.06072400138
vt 0.2541700006 0.06072400138
vt 0.2590529919 0.06560699642
vt 0.2590529919 0.07252299786
vt 0.3144220114 0.0488150008
vt 0.3213379979 0.0488150008
vt 0.3213379979 0.05573099852
vt 0.3144220114 0.05573099852
vt 0.3095389903 0.05573099852
vt 0.3095389903 0.0488150008
vt 0.3144220114 0.04393199831
vt 0.3213379979 0.04393199831
vt 0.3262209892 0.0488150008
vt 0.3262209892 0.05573099852
vt 0.3213379979 0.06061400101
vt 0.3144220114 0.06061400101
vt 0.297630012 0.08239900321
vt 0.3045459986 0.08239900321
vt 0.3045459986 0.0893149972
vt 0.297630012 0.0893149972
vt 0.2927469909 0.0893149972
vt 0.2927469909 0.08239900321
vt 0.297630012 0.07751599699
vt 0.3045459986 0.07751599699
vt 0.3094289899 0.08239900321
vt 0.3094289899 0.0893149972
vt 0.3045459986 0.09419800341
vt 0.297630012 0.09419800341
vt 0.3144220114 0.03202300146
vt 0.3213379979 0.03202300146
vt 0.3213379979 0.03893899918
vt 0.3144220114 0.03893899918
vt 0.3095389903 0.03893899918
vt 0.3095389903 0.03202300146
vt 0.3144220114 0.02714000084
vt 0.3213379979 0.02714000084
vt 0.3262209892 0.03202300146
vt 0.3262209892 0.03893899918
vt 0.3213379979 0.04382200167
vt 0.3144220114 0.04382200167
vt 0.297630012 0.03893899918
vt 0.297630012 0.03202300146
vt 0.3045459986 0.03202300146
vt 0.3045459986 0.03893899918
vt 0.3045459986 0.04382200167
vt 0.297630012 0.04382200167
vt 0.2927469909 0.03893899918
vt 0.2927469909 0.03202300146
vt 0.297630012 0.02714000084
vt 0.3045459986 0.02714000084
vt 0.3094289899 0.03202300146
vt 0.3094289899 0.03893899918
vt 0.297630012 0.06560699642
vt 0.3045459986 0.06560699642
vt 0.3045459986 0.07252299786
vt 0.297630012 0.07252299786
vt 0.2927469909 0.07252299786
vt 0.2927469909 0.06560699642
vt 0.297630012 0.06072400138
vt 0.3045459986 0.06072400138
vt 0.3094289899 0.06560699642
vt 0.3094289899 0.07252299786
vt 0.3045459986 0.07740599662
vt 0.297630012 0.07740599662
vt 0.3312129974 0.01523100026
vt 0.3381299973 0.01523100026
vt 0.3381299973 0.02214699984
vt 0.3312129974 0.02214699984
vt 0.3263309896 0.02214699984
vt 0.3263309896 0.01523100026
vt 0.3312129974 0.01034799963
vt 0.3381299973 0.01034799963
vt 0.3430129886 0.01523100026
vt 0.3430129886 0.02214699984
vt 0.3381299973 0.02703000046
vt 0.3312129974 0.02703000046
vt 0.2709619999 0.02214699984
vt 0.2640460134 0.02214699984
vt 0.2640460134 0.01523100026
vt 0.2709619999 0.01523100026
vt 0.2758449912 0.01523100026
vt 0.2758449912 0.02214699984
vt 0.2709619999 0.02703000046
vt 0.2640460134 0.02703000046
vt 0.2591629922 0.02214699984
vt 0.2591629922 0.01523100026
vt 0.2640460134 0.01034799963
vt 0.2709619999 0.01034799963
vt 0.3312129974 0.0488150008
vt 0.3381299973 0.0488150008
vt 0.3381299973 0.05573099852
vt 0.3312129974 0.05573099852
vt 0.3263309896 0.05573099852
vt 0.3263309896 0.0488150008
vt 0.3312129974 0.04393199831
vt 0.3381299973 0.04393199831
vt 0.3430129886 0.0488150008
vt 0.3430129886 0.05573099852
vt 0.3381299973 0.06061400101
vt 0.3312129974 0.06061400101
vt 0.3144220114 0.08239900321
vt 0.3213379979 0.08239900321
vt 0.3213379979 0.0893149972
vt 0.3144220114 0.0893149972
vt 0.3095389903 0.0893149972
vt 0.3095389903 0.08239900321
vt 0.3144220114 0.07751599699
vt 0.3213379979 0.07751599699
vt 0.3262209892 0.08239900321
vt 0.3262209892 0.0893149972
vt 0.3213379979 0.09419800341
vt 0.3144220114 0.09419800341
vt 0.2808380127 0.01523100026
vt 0.2877539992 0.01523100026
vt 0.2877539992 0.02214699984
vt 0.2808380127 0.02214699984
vt 0.2759549916 0.02214699984
vt 0.2759549916 0.01523100026
vt 0.2808380127 0.01034799963
vt 0.2877539992 0.01034799963
vt 0.2926369905 0.01523100026
vt 0.2926369905 0.02214699984
vt 0.2877539992 0.02703000046
vt 0.2808380127 0.02703000046
vt 0.3312129974 0.03202300146
vt 0.3381299973 0.03202300146
vt 0.3381299973 0.03893899918
vt 0.3312129974 0.03893899918
vt 0.3263309896 0.03893899918
vt 0.3263309896 0.03202300146
vt 0.3312129974 0.02714000084
vt 0.3381299973 0.02714000084
vt 0.3430129886 0.03202300146
vt 0.3430129886 0.03893899918
vt 0.3381299973 0.04382200167
vt 0.3312129974 0.04382200167
vt 0.2640460134 0.09919100255
vt 0.2709619999 0.09919100255
vt 0.2709619999 0.1061069965
vt 0.2640460134 0.1061069965
vt 0.2591629922 0.1061069965
vt 0.2591629922 0.09919100255
vt 0.2640460134 0.09430799633
vt 0.2709619999 0.09430799633
vt 0.2758449912 0.09919100255
vt 0.2758449912 0.1061069965
vt 0.2709619999 0.1109900028
vt 0.2640460134 0.1109900028
vt 0.2472539991 0.03202300146
vt 0.2541700006 0.03202300146
vt 0.2541700006 0.03893899918
vt 0.2472539991 0.03893899918
vt 0.2423709929 0.03893899918
vt 0.2423709929 0.03202300146
vt 0.2472539991 0.02714000084
vt 0.2541700006 0.02714000084
vt 0.2590529919 0.03202300146
vt 0.2590529919 0.03893899918
vt 0.2541700006 0.04382200167
vt 0.2472539991 0.04382200167
vt 0.3144220114 0.09919100255
vt 0.3213379979 0.09919100255
vt 0.3213379979 0.1061069965
vt 0.3144220114 0.1061069965
vt 0.3095389903 0.1061069965
vt 0.3095389903 0.09919100255
vt 0.3144220114 0.09430799633
vt 0.3213379979 0.09430799633
vt 0.3262209892 0.09919100255
vt 0.3262209892 0.1061069965
vt 0.3213379979 0.1109900028
vt 0.3144220114 0.1109900028
vt 0.3144220114 0.02214699984
vt 0.3144220114 0.01523100026
vt 0.3213379979 0.01523100026
vt 0.3213379979 0.02214699984
vt 0.3213379979 0.02703000046
vt 0.3144220114 0.02703000046
vt 0.3095389903 0.02214699984
vt 0.3095389903 0.01523100026
vt 0.3144220114 0.01034799963
vt 0.3213379979 0.01034799963
vt 0.3262209892 0.01523100026
vt 0.3262209892 0.02214699984
vt 0.297630012 0.09919100255
vt 0.3045459986 0.09919100255
vt 0.3045459986 0.1061069965
vt 0.297630012 0.1061069965
vt 0.2927469909 0.1061069965
vt 0.2927469909 0.09919100255
vt 0.297630012 0.09430799633
vt 0.3045459986 0.09430799633
vt 0.3094289899 0.09919100255
vt 0.3094289899 0.1061069965
vt 0.3045459986 0.1109900028
vt 0.297630012 0.1109900028
vt 0.3312129974 0.06560699642
vt 0.3381299973 0.06560699642
vt 0.3381299973 0.07252299786
vt 0.3312129974 0.07252299786
vt 0.3263309896 0.07252299786
vt 0.3263309896 0.06560699642
vt 0.3312129974 0.06072400138
vt 0.3381299973 0.06072400138
vt 0.3430129886 0.06560699642
vt 0.3430129886 0.07252299786
vt 0.3381299973 0.07740599662
vt 0.3312129974 0.07740599662
vt 0.2808380127 0.09919100255
vt 0.2877539992 0.09919100255
vt 0.2877539992 0.1061069965
vt 0.2808380127 0.1061069965
vt 0.2759549916 0.1061069965
vt 0.2759549916 0.09919100255
vt 0.2808380127 0.09430799633
vt 0.2877539992 0.09430799633
vt 0.2926369905 0.09919100255
vt 0.2926369905 0.1061069965
vt 0.2877539992 0.1109900028
vt 0.2808380127 0.1109900028
vt 0.2581110001 0.217216
vt 0.2619760036 0.2172210068
vt 0.256765008 0.2185579985
# mm_gid 0
g mmGroup0
usemtl Material.001
f 1/1/1 2/2/2 3/3/3 
f 1/1/1 3/3/3 4/4/4 
f 5/5/5 6/6/6 7/7/7 
f 5/5/5 7/7/7 8/8/8 
f 9/9/9 10/10/10 11/11/11 
f 9/9/9 11/11/11 12/12/12 
f 13/13/13 14/14/14 15/15/15 
f 13/13/13 15/15/15 16/16/16 
f 17/17/17 18/18/18 19/19/19 
f 17/17/17 19/19/19 20/20/20 
f 17/17/17 20/20/20 21/21/21 
f 17/17/17 21/21/21 22/22/22 
f 17/17/17 22/22/22 23/23/23 
f 17/17/17 23/23/23 24/24/24 
f 17/17/17 24/24/24 25/25/25 
f 17/17/17 25/25/25 7/26/7 
f 17/17/17 7/26/7 6/27/6 
f 17/17/17 6/27/6 26/28/26 
f 17/17/17 26/28/26 27/29/27 
f 17/17/17 27/29/27 28/30/28 
f 17/17/17 28/30/28 29/31/29 
f 17/17/17 29/31/29 30/32/30 
f 17/17/17 30/32/30 31/33/31 
f 17/17/17 31/33/31 32/34/32 
f 17/17/17 32/34/32 33/35/33 
f 17/17/17 33/35/33 34/36/34 
f 35/37/35 36/38/36 37/39/37 
f 35/37/35 37/39/37 38/40/38 
f 38/40/38 37/39/37 39/41/39 
f 38/40/38 39/41/39 40/42/40 
f 40/42/40 39/41/39 41/43/41 
f 40/42/40 41/43/41 42/44/42 
f 42/44/42 41/43/41 43/45/43 
f 42/44/42 43/45/43 44/46/44 
f 36/38/36 45/47/45 46/48/46 
f 36/38/36 46/48/46 37/39/37 
f 37/39/37 46/48/46 47/49/47 
f 37/39/37 47/49/47 39/41/39 
f 39/41/39 47/49/47 48/50/48 
f 39/41/39 48/50/48 41/43/41 
f 41/43/41 48/50/48 49/51/49 
f 41/43/41 49/51/49 43/45/43 
f 45/47/45 50/52/50 51/53/51 
f 45/47/45 51/53/51 46/48/46 
f 46/48/46 51/53/51 52/54/52 
f 46/48/46 52/54/52 47/49/47 
f 47/49/47 52/54/52 53/55/53 
f 47/49/47 53/55/53 48/50/48 
f 48/50/48 53/55/53 54/56/54 
f 48/50/48 54/56/54 49/51/49 
f 50/52/50 55/57/55 56/58/56 
f 50/52/50 56/58/56 51/53/51 
f 51/53/51 56/58/56 57/59/57 
f 51/53/51 57/59/57 52/54/52 
f 52/54/52 57/59/57 58/60/58 
f 52/54/52 58/60/58 53/55/53 
f 53/55/53 58/60/58 59/61/59 
f 53/55/53 59/61/59 54/56/54 
f 60/62/60 61/63/61 62/64/62 
f 60/62/60 62/64/62 63/65/63 
f 63/65/63 62/64/62 64/66/64 
f 63/65/63 64/66/64 65/67/65 
f 65/67/65 64/66/64 66/68/66 
f 65/67/65 66/68/66 67/69/67 
f 67/69/67 66/68/66 68/70/68 
f 67/69/67 68/70/68 69/71/69 
f 61/63/61 70/72/70 71/73/71 
f 61/63/61 71/73/71 62/64/62 
f 62/64/62 71/73/71 72/74/72 
f 62/64/62 72/74/72 64/66/64 
f 64/66/64 72/74/72 73/75/73 
f 64/66/64 73/75/73 66/68/66 
f 66/68/66 73/75/73 74/76/74 
f 66/68/66 74/76/74 68/70/68 
f 70/72/70 75/77/75 76/78/76 
f 70/72/70 76/78/76 71/73/71 
f 71/73/71 76/78/76 77/79/77 
f 71/73/71 77/79/77 72/74/72 
f 72/74/72 77/79/77 78/80/78 
f 72/74/72 78/80/78 73/75/73 
f 73/75/73 78/80/78 79/81/79 
f 73/75/73 79/81/79 74/76/74 
f 75/77/75 44/46/44 43/45/43 
f 75/77/75 43/45/43 76/78/76 
f 76/78/76 43/45/43 49/51/49 
f 76/78/76 49/51/49 77/79/77 
f 77/79/77 49/51/49 54/56/54 
f 77/79/77 54/56/54 78/80/78 
f 78/80/78 54/56/54 59/61/59 
f 78/80/78 59/61/59 79/81/79 
f 80/82/80 81/83/81 82/84/82 
f 80/82/80 82/84/82 83/85/83 
f 83/85/83 82/84/82 84/86/84 
f 83/85/83 84/86/84 85/87/85 
f 85/87/85 84/86/84 86/88/86 
f 85/87/85 86/88/86 87/89/87 
f 87/89/87 86/88/86 56/58/56 
f 87/89/87 56/58/56 55/57/55 
f 81/83/81 88/90/88 89/91/89 
f 81/83/81 89/91/89 82/84/82 
f 82/84/82 89/91/89 90/92/90 
f 82/84/82 90/92/90 84/86/84 
f 84/86/84 90/92/90 91/93/91 
f 84/86/84 91/93/91 86/88/86 
f 86/88/86 91/93/91 57/59/57 
f 86/88/86 57/59/57 56/58/56 
f 88/90/88 92/94/92 93/95/93 
f 88/90/88 93/95/93 89/91/89 
f 89/91/89 93/95/93 94/96/94 
f 89/91/89 94/96/94 90/92/90 
f 90/92/90 94/96/94 95/97/95 
f 90/92/90 95/97/95 91/93/91 
f 91/93/91 95/97/95 58/60/58 
f 91/93/91 58/60/58 57/59/57 
f 92/94/92 69/71/69 68/70/68 
f 92/94/92 68/70/68 93/95/93 
f 93/95/93 68/70/68 74/76/74 
f 93/95/93 74/76/74 94/96/94 
f 94/96/94 74/76/74 79/81/79 
f 94/96/94 79/81/79 95/97/95 
f 95/97/95 79/81/79 59/61/59 
f 95/97/95 59/61/59 58/60/58 
f 4/98/4 96/99/96 97/100/97 
f 4/98/4 97/100/97 98/101/98 
f 98/101/98 97/100/97 99/102/99 
f 98/101/98 99/102/99 100/103/100 
f 100/103/100 99/102/99 101/104/101 
f 100/103/100 101/104/101 102/105/102 
f 102/105/102 101/104/101 103/106/103 
f 102/105/102 103/106/103 104/107/104 
f 96/99/96 105/108/105 106/109/106 
f 96/99/96 106/109/106 97/100/97 
f 97/100/97 106/109/106 107/110/107 
f 97/100/97 107/110/107 99/102/99 
f 99/102/99 107/110/107 108/111/108 
f 99/102/99 108/111/108 101/104/101 
f 101/104/101 108/111/108 109/112/109 
f 101/104/101 109/112/109 103/106/103 
f 105/108/105 110/113/110 111/114/111 
f 105/108/105 111/114/111 106/109/106 
f 106/109/106 111/114/111 112/115/112 
f 106/109/106 112/115/112 107/110/107 
f 107/110/107 112/115/112 113/116/113 
f 107/110/107 113/116/113 108/111/108 
f 108/111/108 113/116/113 114/117/114 
f 108/111/108 114/117/114 109/112/109 
f 110/113/110 115/118/115 116/119/116 
f 110/113/110 116/119/116 111/114/111 
f 111/114/111 116/119/116 117/120/117 
f 111/114/111 117/120/117 112/115/112 
f 112/115/112 117/120/117 118/121/118 
f 112/115/112 118/121/118 113/116/113 
f 113/116/113 118/121/118 119/122/119 
f 113/116/113 119/122/119 114/117/114 
f 120/123/120 121/124/121 122/125/122 
f 120/123/120 122/125/122 123/126/123 
f 123/126/123 122/125/122 124/127/124 
f 123/126/123 124/127/124 125/128/125 
f 125/128/125 124/127/124 126/129/126 
f 125/128/125 126/129/126 127/130/127 
f 127/130/127 126/129/126 128/131/128 
f 127/130/127 128/131/128 129/132/129 
f 121/124/121 130/133/130 131/134/131 
f 121/124/121 131/134/131 122/125/122 
f 122/125/122 131/134/131 132/135/132 
f 122/125/122 132/135/132 124/127/124 
f 124/127/124 132/135/132 133/136/133 
f 124/127/124 133/136/133 126/129/126 
f 126/129/126 133/136/133 134/137/134 
f 126/129/126 134/137/134 128/131/128 
f 130/133/130 135/138/135 136/139/136 
f 130/133/130 136/139/136 131/134/131 
f 131/134/131 136/139/136 137/140/137 
f 131/134/131 137/140/137 132/135/132 
f 132/135/132 137/140/137 138/141/138 
f 132/135/132 138/141/138 133/136/133 
f 133/136/133 138/141/138 139/142/139 
f 133/136/133 139/142/139 134/137/134 
f 135/138/135 104/107/104 103/106/103 
f 135/138/135 103/106/103 136/139/136 
f 136/139/136 103/106/103 109/112/109 
f 136/139/136 109/112/109 137/140/137 
f 137/140/137 109/112/109 114/117/114 
f 137/140/137 114/117/114 138/141/138 
f 138/141/138 114/117/114 119/122/119 
f 138/141/138 119/122/119 139/142/139 
f 140/143/140 141/144/141 142/145/142 
f 140/143/140 142/145/142 143/146/143 
f 143/146/143 142/145/142 144/147/144 
f 143/146/143 144/147/144 145/148/145 
f 145/148/145 144/147/144 146/149/146 
f 145/148/145 146/149/146 147/150/147 
f 147/150/147 146/149/146 116/119/116 
f 147/150/147 116/119/116 115/118/115 
f 141/144/141 148/151/148 149/152/149 
f 141/144/141 149/152/149 142/145/142 
f 142/145/142 149/152/149 150/153/150 
f 142/145/142 150/153/150 144/147/144 
f 144/147/144 150/153/150 151/154/151 
f 144/147/144 151/154/151 146/149/146 
f 146/149/146 151/154/151 117/120/117 
f 146/149/146 117/120/117 116/119/116 
f 148/151/148 152/155/152 153/156/153 
f 148/151/148 153/156/153 149/152/149 
f 149/152/149 153/156/153 154/157/154 
f 149/152/149 154/157/154 150/153/150 
f 150/153/150 154/157/154 155/158/155 
f 150/153/150 155/158/155 151/154/151 
f 151/154/151 155/158/155 118/121/118 
f 151/154/151 118/121/118 117/120/117 
f 152/155/152 129/132/129 128/131/128 
f 152/155/152 128/131/128 153/156/153 
f 153/156/153 128/131/128 134/137/134 
f 153/156/153 134/137/134 154/157/154 
f 154/157/154 134/137/134 139/142/139 
f 154/157/154 139/142/139 155/158/155 
f 155/158/155 139/142/139 119/122/119 
f 155/158/155 119/122/119 118/121/118 
f 156/159/156 157/160/157 158/161/158 
f 156/159/156 158/161/158 159/162/159 
f 159/162/159 158/161/158 160/163/160 
f 159/162/159 160/163/160 161/164/161 
f 161/164/161 160/163/160 162/165/162 
f 161/164/161 162/165/162 163/166/163 
f 163/166/163 162/165/162 164/167/164 
f 163/166/163 164/167/164 165/168/165 
f 157/160/157 166/169/166 167/170/167 
f 157/160/157 167/170/167 158/161/158 
f 158/161/158 167/170/167 168/171/168 
f 158/161/158 168/171/168 160/163/160 
f 160/163/160 168/171/168 169/172/169 
f 160/163/160 169/172/169 162/165/162 
f 162/165/162 169/172/169 170/173/170 
f 162/165/162 170/173/170 164/167/164 
f 166/169/166 171/174/171 172/175/172 
f 166/169/166 172/175/172 167/170/167 
f 167/170/167 172/175/172 173/176/173 
f 167/170/167 173/176/173 168/171/168 
f 168/171/168 173/176/173 174/177/174 
f 168/171/168 174/177/174 169/172/169 
f 169/172/169 174/177/174 175/178/175 
f 169/172/169 175/178/175 170/173/170 
f 171/174/171 176/179/176 177/180/177 
f 171/174/171 177/180/177 172/175/172 
f 172/175/172 177/180/177 178/181/178 
f 172/175/172 178/181/178 173/176/173 
f 173/176/173 178/181/178 179/182/179 
f 173/176/173 179/182/179 174/177/174 
f 174/177/174 179/182/179 180/183/180 
f 174/177/174 180/183/180 175/178/175 
f 8/184/8 181/185/181 182/186/182 
f 8/184/8 182/186/182 183/187/183 
f 183/187/183 182/186/182 184/188/184 
f 183/187/183 184/188/184 185/189/185 
f 185/189/185 184/188/184 186/190/186 
f 185/189/185 186/190/186 187/191/187 
f 187/191/187 186/190/186 188/192/188 
f 187/191/187 188/192/188 189/193/189 
f 181/185/181 190/194/190 191/195/191 
f 181/185/181 191/195/191 182/186/182 
f 182/186/182 191/195/191 192/196/192 
f 182/186/182 192/196/192 184/188/184 
f 184/188/184 192/196/192 193/197/193 
f 184/188/184 193/197/193 186/190/186 
f 186/190/186 193/197/193 194/198/194 
f 186/190/186 194/198/194 188/192/188 
f 190/194/190 195/199/195 196/200/196 
f 190/194/190 196/200/196 191/195/191 
f 191/195/191 196/200/196 197/201/197 
f 191/195/191 197/201/197 192/196/192 
f 192/196/192 197/201/197 198/202/198 
f 192/196/192 198/202/198 193/197/193 
f 193/197/193 198/202/198 199/203/199 
f 193/197/193 199/203/199 194/198/194 
f 195/199/195 165/168/165 164/167/164 
f 195/199/195 164/167/164 196/200/196 
f 196/200/196 164/167/164 170/173/170 
f 196/200/196 170/173/170 197/201/197 
f 197/201/197 170/173/170 175/178/175 
f 197/201/197 175/178/175 198/202/198 
f 198/202/198 175/178/175 180/183/180 
f 198/202/198 180/183/180 199/203/199 
f 9/9/9 200/204/200 201/205/201 
f 9/9/9 201/205/201 10/10/10 
f 10/10/10 201/205/201 202/206/202 
f 10/10/10 202/206/202 203/207/203 
f 203/207/203 202/206/202 204/208/204 
f 203/207/203 204/208/204 205/209/205 
f 205/209/205 204/208/204 177/180/177 
f 205/209/205 177/180/177 176/179/176 
f 200/204/200 206/210/206 207/211/207 
f 200/204/200 207/211/207 201/205/201 
f 201/205/201 207/211/207 208/212/208 
f 201/205/201 208/212/208 202/206/202 
f 202/206/202 208/212/208 209/213/209 
f 202/206/202 209/213/209 204/208/204 
f 204/208/204 209/213/209 178/181/178 
f 204/208/204 178/181/178 177/180/177 
f 206/210/206 210/214/210 211/215/211 
f 206/210/206 211/215/211 207/211/207 
f 207/211/207 211/215/211 212/216/212 
f 207/211/207 212/216/212 208/212/208 
f 208/212/208 212/216/212 213/217/213 
f 208/212/208 213/217/213 209/213/209 
f 209/213/209 213/217/213 179/182/179 
f 209/213/209 179/182/179 178/181/178 
f 210/214/210 189/193/189 188/192/188 
f 210/214/210 188/192/188 211/215/211 
f 211/215/211 188/192/188 194/198/194 
f 211/215/211 194/198/194 212/216/212 
f 212/216/212 194/198/194 199/203/199 
f 212/216/212 199/203/199 213/217/213 
f 213/217/213 199/203/199 180/183/180 
f 213/217/213 180/183/180 179/182/179 
f 214/218/214 215/219/215 216/220/216 
f 214/218/214 216/220/216 217/221/217 
f 217/221/217 216/220/216 218/222/218 
f 217/221/217 218/222/218 219/223/219 
f 219/223/219 218/222/218 220/224/220 
f 219/223/219 220/224/220 221/225/221 
f 221/225/221 220/224/220 222/226/222 
f 221/225/221 222/226/222 223/227/223 
f 215/219/215 224/228/224 225/229/225 
f 215/219/215 225/229/225 216/220/216 
f 216/220/216 225/229/225 226/230/226 
f 216/220/216 226/230/226 218/222/218 
f 218/222/218 226/230/226 227/231/227 
f 218/222/218 227/231/227 220/224/220 
f 220/224/220 227/231/227 228/232/228 
f 220/224/220 228/232/228 222/226/222 
f 224/228/224 229/233/229 230/234/230 
f 224/228/224 230/234/230 225/229/225 
f 225/229/225 230/234/230 231/235/231 
f 225/229/225 231/235/231 226/230/226 
f 226/230/226 231/235/231 232/236/232 
f 226/230/226 232/236/232 227/231/227 
f 227/231/227 232/236/232 233/237/233 
f 227/231/227 233/237/233 228/232/228 
f 229/233/229 234/238/234 235/239/235 
f 229/233/229 235/239/235 230/234/230 
f 230/234/230 235/239/235 236/240/236 
f 230/234/230 236/240/236 231/235/231 
f 231/235/231 236/240/236 237/241/237 
f 231/235/231 237/241/237 232/236/232 
f 232/236/232 237/241/237 238/242/238 
f 232/236/232 238/242/238 233/237/233 
f 239/243/239 240/244/240 241/245/241 
f 239/243/239 241/245/241 242/246/242 
f 242/246/242 241/245/241 243/247/243 
f 242/246/242 243/247/243 244/248/244 
f 244/248/244 243/247/243 245/249/245 
f 244/248/244 245/249/245 246/250/246 
f 246/250/246 245/249/245 247/251/247 
f 246/250/246 247/251/247 248/252/248 
f 240/244/240 249/253/249 250/254/250 
f 240/244/240 250/254/250 241/245/241 
f 241/245/241 250/254/250 251/255/251 
f 241/245/241 251/255/251 243/247/243 
f 243/247/243 251/255/251 252/256/252 
f 243/247/243 252/256/252 245/249/245 
f 245/249/245 252/256/252 253/257/253 
f 245/249/245 253/257/253 247/251/247 
f 249/253/249 254/258/254 255/259/255 
f 249/253/249 255/259/255 250/254/250 
f 250/254/250 255/259/255 256/260/256 
f 250/254/250 256/260/256 251/255/251 
f 251/255/251 256/260/256 257/261/257 
f 251/255/251 257/261/257 252/256/252 
f 252/256/252 257/261/257 258/262/258 
f 252/256/252 258/262/258 253/257/253 
f 254/258/254 223/227/223 222/226/222 
f 254/258/254 222/226/222 255/259/255 
f 255/259/255 222/226/222 228/232/228 
f 255/259/255 228/232/228 256/260/256 
f 256/260/256 228/232/228 233/237/233 
f 256/260/256 233/237/233 257/261/257 
f 257/261/257 233/237/233 238/242/238 
f 257/261/257 238/242/238 258/262/258 
f 5/263/5 259/264/259 260/265/260 
f 5/263/5 260/265/260 261/266/261 
f 261/266/261 260/265/260 262/267/262 
f 261/266/261 262/267/262 263/268/263 
f 263/268/263 262/267/262 264/269/264 
f 263/268/263 264/269/264 265/270/265 
f 265/270/265 264/269/264 235/239/235 
f 265/270/265 235/239/235 234/238/234 
f 259/264/259 266/271/266 267/272/267 
f 259/264/259 267/272/267 260/265/260 
f 260/265/260 267/272/267 268/273/268 
f 260/265/260 268/273/268 262/267/262 
f 262/267/262 268/273/268 269/274/269 
f 262/267/262 269/274/269 264/269/264 
f 264/269/264 269/274/269 236/240/236 
f 264/269/264 236/240/236 235/239/235 
f 266/271/266 270/275/270 271/276/271 
f 266/271/266 271/276/271 267/272/267 
f 267/272/267 271/276/271 272/277/272 
f 267/272/267 272/277/272 268/273/268 
f 268/273/268 272/277/272 273/278/273 
f 268/273/268 273/278/273 269/274/269 
f 269/274/269 273/278/273 237/241/237 
f 269/274/269 237/241/237 236/240/236 
f 270/275/270 248/252/248 247/251/247 
f 270/275/270 247/251/247 271/276/271 
f 271/276/271 247/251/247 253/257/253 
f 271/276/271 253/257/253 272/277/272 
f 272/277/272 253/257/253 258/262/258 
f 272/277/272 258/262/258 273/278/273 
f 273/278/273 258/262/258 238/242/238 
f 273/278/273 238/242/238 237/241/237 
f 274/279/274 275/280/275 276/281/276 
f 274/279/274 276/281/276 277/282/277 
f 203/207/203 205/209/205 278/283/278 
f 203/207/203 278/283/278 279/284/279 
f 205/209/205 176/179/176 280/285/280 
f 205/209/205 280/285/280 278/283/278 
f 176/179/176 171/174/171 281/286/281 
f 176/179/176 281/286/281 280/285/280 
f 171/174/171 166/169/166 282/287/282 
f 171/174/171 282/287/282 281/286/281 
f 166/169/166 157/160/157 283/288/283 
f 166/169/166 283/288/283 282/287/282 
f 157/160/157 156/159/156 284/289/284 
f 157/160/157 284/289/284 283/288/283 
f 156/290/156 18/291/18 17/292/17 
f 156/290/156 17/292/17 284/293/284 
f 285/294/285 286/295/286 121/124/121 
f 285/294/285 121/124/121 120/123/120 
f 286/295/286 287/296/287 130/133/130 
f 286/295/286 130/133/130 121/124/121 
f 287/296/287 288/297/288 135/138/135 
f 287/296/287 135/138/135 130/133/130 
f 288/297/288 289/298/289 104/107/104 
f 288/297/288 104/107/104 135/138/135 
f 289/298/289 290/299/290 102/105/102 
f 289/298/289 102/105/102 104/107/104 
f 290/299/290 291/300/291 100/103/100 
f 290/299/290 100/103/100 102/105/102 
f 291/300/291 292/301/292 98/101/98 
f 291/300/291 98/101/98 100/103/100 
f 292/301/292 1/302/1 4/98/4 
f 292/301/292 4/98/4 98/101/98 
f 293/303/293 294/304/294 295/305/295 
f 293/303/293 295/305/295 296/306/296 
f 297/307/297 298/308/298 299/309/299 
f 297/307/297 299/309/299 300/310/300 
f 298/308/298 301/311/301 302/312/302 
f 298/308/298 302/312/302 299/309/299 
f 301/311/301 303/313/303 304/314/304 
f 301/311/301 304/314/304 302/312/302 
f 303/313/303 305/315/305 306/316/306 
f 303/313/303 306/316/306 304/314/304 
f 305/315/305 307/317/307 308/318/308 
f 305/315/305 308/318/308 306/316/306 
f 307/317/307 309/319/309 310/320/310 
f 307/317/307 310/320/310 308/318/308 
f 309/321/309 16/322/16 15/323/15 
f 309/321/309 15/323/15 310/324/310 
f 239/243/239 242/246/242 200/204/200 
f 239/243/239 200/204/200 9/9/9 
f 242/246/242 244/248/244 206/210/206 
f 242/246/242 206/210/206 200/204/200 
f 244/248/244 246/250/246 210/214/210 
f 244/248/244 210/214/210 206/210/206 
f 246/250/246 248/252/248 189/193/189 
f 246/250/246 189/193/189 210/214/210 
f 248/252/248 270/275/270 187/191/187 
f 248/252/248 187/191/187 189/193/189 
f 270/275/270 266/271/266 185/189/185 
f 270/275/270 185/189/185 187/191/187 
f 266/271/266 259/264/259 183/187/183 
f 266/271/266 183/187/183 185/189/185 
f 259/264/259 5/263/5 8/184/8 
f 259/264/259 8/184/8 183/187/183 
f 5/5/5 261/325/261 26/326/26 
f 5/5/5 26/326/26 6/6/6 
f 261/325/261 263/327/263 27/328/27 
f 261/325/261 27/328/27 26/326/26 
f 263/327/263 265/329/265 28/330/28 
f 263/327/263 28/330/28 27/328/27 
f 265/329/265 234/331/234 29/332/29 
f 265/329/265 29/332/29 28/330/28 
f 234/331/234 229/333/229 30/334/30 
f 234/331/234 30/334/30 29/332/29 
f 229/333/229 224/335/224 31/336/31 
f 229/333/229 31/336/31 30/334/30 
f 224/335/224 215/337/215 32/338/32 
f 224/335/224 32/338/32 31/336/31 
f 215/337/215 214/339/214 33/340/33 
f 215/337/215 33/340/33 32/338/32 
f 3/3/3 311/341/311 96/342/96 
f 3/3/3 96/342/96 4/4/4 
f 311/341/311 312/343/312 105/344/105 
f 311/341/311 105/344/105 96/342/96 
f 312/343/312 313/345/313 110/346/110 
f 312/343/312 110/346/110 105/344/105 
f 313/345/313 314/347/314 115/348/115 
f 313/345/313 115/348/115 110/346/110 
f 314/347/314 315/349/315 147/350/147 
f 314/347/314 147/350/147 115/348/115 
f 315/349/315 316/351/316 145/352/145 
f 315/349/315 145/352/145 147/350/147 
f 316/351/316 317/353/317 143/354/143 
f 316/351/316 143/354/143 145/352/145 
f 317/353/317 318/355/318 140/356/140 
f 317/353/317 140/356/140 143/354/143 
f 80/357/80 83/358/83 319/359/319 
f 80/357/80 319/359/319 320/360/320 
f 83/358/83 85/361/85 321/362/321 
f 83/358/83 321/362/321 319/359/319 
f 85/361/85 87/363/87 322/364/322 
f 85/361/85 322/364/322 321/362/321 
f 87/363/87 55/365/55 323/366/323 
f 87/363/87 323/366/323 322/364/322 
f 55/365/55 50/367/50 324/368/324 
f 55/365/55 324/368/324 323/366/323 
f 50/367/50 45/369/45 325/370/325 
f 50/367/50 325/370/325 324/368/324 
f 45/369/45 36/371/36 326/372/326 
f 45/369/45 326/372/326 325/370/325 
f 36/371/36 35/373/35 327/374/327 
f 36/371/36 327/374/327 326/372/326 
f 7/7/7 25/375/25 181/376/181 
f 7/7/7 181/376/181 8/8/8 
f 25/375/25 24/377/24 190/378/190 
f 25/375/25 190/378/190 181/376/181 
f 24/377/24 23/379/23 195/380/195 
f 24/377/24 195/380/195 190/378/190 
f 23/379/23 22/381/22 165/382/165 
f 23/379/23 165/382/165 195/380/195 
f 22/381/22 21/383/21 163/384/163 
f 22/381/22 163/384/163 165/382/165 
f 21/383/21 20/385/20 161/386/161 
f 21/383/21 161/386/161 163/384/163 
f 20/385/20 19/387/19 159/388/159 
f 20/385/20 159/388/159 161/386/161 
f 19/387/19 18/291/18 156/290/156 
f 19/387/19 156/290/156 159/388/159 
f 328/389/328 329/390/329 240/244/240 
f 328/389/328 240/244/240 239/243/239 
f 330/391/330 13/392/13 327/374/327 
f 330/391/330 327/374/327 35/373/35 
f 331/393/331 332/394/332 214/218/214 
f 331/393/331 214/218/214 217/221/217 
f 333/395/333 331/393/331 217/221/217 
f 333/395/333 217/221/217 219/223/219 
f 334/396/334 333/395/333 219/223/219 
f 334/396/334 219/223/219 221/225/221 
f 335/397/335 334/396/334 221/225/221 
f 335/397/335 221/225/221 223/227/223 
f 336/398/336 335/397/335 223/227/223 
f 336/398/336 223/227/223 254/258/254 
f 337/399/337 336/398/336 254/258/254 
f 337/399/337 254/258/254 249/253/249 
f 329/390/329 337/399/337 249/253/249 
f 329/390/329 249/253/249 240/244/240 
f 294/304/294 297/307/297 300/310/300 
f 294/304/294 300/310/300 295/305/295 
f 338/400/338 330/401/330 35/37/35 
f 338/400/338 35/37/35 38/40/38 
f 339/402/339 338/400/338 38/40/38 
f 339/402/339 38/40/38 40/42/40 
f 340/403/340 339/402/339 40/42/40 
f 340/403/340 40/42/40 42/44/42 
f 341/404/341 340/403/340 42/44/42 
f 341/404/341 42/44/42 44/46/44 
f 342/405/342 341/404/341 44/46/44 
f 342/405/342 44/46/44 75/77/75 
f 343/406/343 342/405/342 75/77/75 
f 343/406/343 75/77/75 70/72/70 
f 344/407/344 343/406/343 70/72/70 
f 344/407/344 70/72/70 61/63/61 
f 10/10/10 203/207/203 279/284/279 
f 10/10/10 279/284/279 11/11/11 
f 332/408/332 34/409/34 33/340/33 
f 332/408/332 33/340/33 214/339/214 
f 345/410/345 344/407/344 61/63/61 
f 345/410/345 61/63/61 60/62/60 
f 346/411/346 347/412/347 348/413/348 
f 346/411/346 348/413/348 349/414/349 
f 346/411/346 349/414/349 350/415/350 
f 346/411/346 350/415/350 351/416/351 
f 346/411/346 351/416/351 352/417/352 
f 346/411/346 352/417/352 353/418/353 
f 346/411/346 353/418/353 354/419/354 
f 346/411/346 354/419/354 355/420/355 
f 346/411/346 355/420/355 356/421/356 
f 346/411/346 356/421/356 357/422/357 
f 346/411/346 357/422/357 296/423/296 
f 346/411/346 296/423/296 295/424/295 
f 346/411/346 295/424/295 300/425/300 
f 346/411/346 300/425/300 299/426/299 
f 346/411/346 299/426/299 302/427/302 
f 346/411/346 302/427/302 304/428/304 
f 346/411/346 304/428/304 306/429/306 
f 346/411/346 306/429/306 308/430/308 
f 346/411/346 308/430/308 310/431/310 
f 346/411/346 310/431/310 15/432/15 
f 346/411/346 15/432/15 14/433/14 
f 17/434/17 34/435/34 332/436/332 
f 17/434/17 332/436/332 331/437/331 
f 17/434/17 331/437/331 333/438/333 
f 17/434/17 333/438/333 334/439/334 
f 17/434/17 334/439/334 335/440/335 
f 17/434/17 335/440/335 336/441/336 
f 17/434/17 336/441/336 337/442/337 
f 17/434/17 337/442/337 329/443/329 
f 17/434/17 329/443/329 328/444/328 
f 17/434/17 328/444/328 12/445/12 
f 17/434/17 12/445/12 11/446/11 
f 17/434/17 11/446/11 279/447/279 
f 17/434/17 279/447/279 278/448/278 
f 17/434/17 278/448/278 280/449/280 
f 17/434/17 280/449/280 281/450/281 
f 17/434/17 281/450/281 282/451/282 
f 17/434/17 282/451/282 283/452/283 
f 17/434/17 283/452/283 284/453/284 
f 358/454/358 359/455/359 360/456/360 
f 358/454/358 360/456/360 361/457/361 
f 362/458/362 363/459/363 364/460/364 
f 362/458/362 364/460/364 365/461/365 
f 366/462/366 367/463/367 368/464/368 
f 366/462/366 368/464/368 369/465/369 
f 370/466/370 371/467/371 372/468/372 
f 370/466/370 372/468/372 373/469/373 
f 374/470/374 375/471/375 376/472/376 
f 374/470/374 376/472/376 377/473/377 
f 378/474/378 379/475/379 380/476/380 
f 378/474/378 380/476/380 381/477/381 
f 382/478/382 383/479/383 384/480/384 
f 382/478/382 384/480/384 385/481/385 
f 386/482/386 387/483/387 388/484/388 
f 386/482/386 388/484/388 389/485/389 
f 390/486/390 391/487/391 392/488/392 
f 390/486/390 392/488/392 393/489/393 
f 394/490/394 395/491/395 396/492/396 
f 394/490/394 396/492/396 397/493/397 
f 398/494/398 399/495/399 400/496/400 
f 398/494/398 400/496/400 401/497/401 
f 402/498/402 403/499/403 404/500/404 
f 402/498/402 404/500/404 405/501/405 
f 406/502/406 407/503/407 408/504/408 
f 406/502/406 408/504/408 409/505/409 
f 410/506/410 411/507/411 412/508/412 
f 410/506/410 412/508/412 413/509/413 
f 414/510/414 415/511/415 416/512/416 
f 414/510/414 416/512/416 417/513/417 
f 418/514/418 419/515/419 420/516/420 
f 418/514/418 420/516/420 421/517/421 
f 422/518/422 423/519/423 424/520/424 
f 422/518/422 424/520/424 425/521/425 
f 426/522/426 427/523/427 428/524/428 
f 426/522/426 428/524/428 429/525/429 
f 430/526/430 431/527/431 432/528/432 
f 430/526/430 432/528/432 433/529/433 
f 434/530/434 435/531/435 436/532/436 
f 434/530/434 436/532/436 437/533/437 
f 438/534/438 439/535/439 440/536/440 
f 438/534/438 440/536/440 441/537/441 
f 442/538/442 443/539/443 444/540/444 
f 442/538/442 444/540/444 445/541/445 
f 446/542/446 447/543/447 448/544/448 
f 446/542/446 448/544/448 449/545/449 
f 450/546/450 451/547/451 452/548/452 
f 450/546/450 452/548/452 453/549/453 
f 454/550/454 455/551/455 456/552/456 
f 454/550/454 456/552/456 457/553/457 
f 458/554/458 459/555/459 460/556/460 
f 458/554/458 460/556/460 461/557/461 
f 462/558/462 463/559/463 464/560/464 
f 462/558/462 464/560/464 465/561/465 
f 466/562/466 467/563/467 468/564/468 
f 466/562/466 468/564/468 469/565/469 
f 470/566/470 471/567/471 472/568/472 
f 470/566/470 472/568/472 473/569/473 
f 474/570/474 475/571/475 476/572/476 
f 474/570/474 476/572/476 477/573/477 
f 478/574/478 479/575/479 480/576/480 
f 478/574/478 480/576/480 481/577/481 
f 482/578/482 483/579/483 484/580/484 
f 482/578/482 484/580/484 485/581/485 
f 486/582/486 487/583/487 488/584/488 
f 486/582/486 488/584/488 489/585/489 
f 490/586/490 491/587/491 492/588/492 
f 490/586/490 492/588/492 493/589/493 
f 494/590/494 495/591/495 496/592/496 
f 494/590/494 496/592/496 497/593/497 
f 498/594/498 499/595/499 500/596/500 
f 498/594/498 500/596/500 501/597/501 
f 502/598/502 503/599/503 504/600/504 
f 502/598/502 504/600/504 505/601/505 
f 506/602/506 507/603/507 508/604/508 
f 506/602/506 508/604/508 509/605/509 
f 510/606/510 511/607/511 512/608/512 
f 510/606/510 512/608/512 513/609/513 
f 514/610/514 515/611/515 516/612/516 
f 514/610/514 516/612/516 517/613/517 
f 518/614/518 519/615/519 520/616/520 
f 518/614/518 520/616/520 521/617/521 
f 522/618/522 523/619/523 524/620/524 
f 522/618/522 524/620/524 525/621/525 
f 526/622/526 527/623/527 528/624/528 
f 526/622/526 528/624/528 529/625/529 
f 530/626/530 531/627/531 532/628/532 
f 530/626/530 532/628/532 533/629/533 
f 534/630/534 535/631/535 536/632/536 
f 534/630/534 536/632/536 537/633/537 
f 538/634/538 539/635/539 540/636/540 
f 538/634/538 540/636/540 541/637/541 
f 542/638/542 543/639/543 544/640/544 
f 542/638/542 544/640/544 545/641/545 
f 546/642/546 547/643/547 548/644/548 
f 546/642/546 548/644/548 549/645/549 
f 550/646/550 551/647/551 552/648/552 
f 550/646/550 552/648/552 553/649/553 
f 554/650/554 555/651/555 556/652/556 
f 554/650/554 556/652/556 557/653/557 
f 558/654/558 559/655/559 560/656/560 
f 558/654/558 560/656/560 561/657/561 
f 562/658/562 563/659/563 564/660/564 
f 562/658/562 564/660/564 565/661/565 
f 566/662/566 567/663/567 568/664/568 
f 566/662/566 568/664/568 569/665/569 
f 570/666/570 571/667/571 572/668/572 
f 570/666/570 572/668/572 573/669/573 
f 574/670/574 575/671/575 576/672/576 
f 574/670/574 576/672/576 577/673/577 
f 578/674/578 579/675/579 580/676/580 
f 578/674/578 580/676/580 581/677/581 
f 582/678/582 583/679/583 584/680/584 
f 582/678/582 584/680/584 585/681/585 
f 586/682/586 587/683/587 588/684/588 
f 586/682/586 588/684/588 589/685/589 
f 590/686/590 591/687/591 592/688/592 
f 590/686/590 592/688/592 593/689/593 
f 594/690/594 595/691/595 596/692/596 
f 594/690/594 596/692/596 597/693/597 
f 598/694/598 599/695/599 600/696/600 
f 598/694/598 600/696/600 601/697/601 
f 602/698/602 603/699/603 604/700/604 
f 602/698/602 604/700/604 605/701/605 
f 606/702/606 607/703/607 608/704/608 
f 606/702/606 608/704/608 609/705/609 
f 610/706/610 611/707/611 612/708/612 
f 610/706/610 612/708/612 613/709/613 
f 614/710/614 615/711/615 616/712/616 
f 614/710/614 616/712/616 617/713/617 
f 618/714/618 619/715/619 620/716/620 
f 618/714/618 620/716/620 621/717/621 
f 622/718/622 623/719/623 624/720/624 
f 622/718/622 624/720/624 625/721/625 
f 626/722/626 627/723/627 628/724/628 
f 626/722/626 628/724/628 629/725/629 
f 630/726/630 631/727/631 632/728/632 
f 630/726/630 632/728/632 633/729/633 
f 634/730/634 635/731/635 636/732/636 
f 634/730/634 636/732/636 637/733/637 
f 638/734/638 639/735/639 640/736/640 
f 638/734/638 640/736/640 641/737/641 
f 642/738/642 643/739/643 644/740/644 
f 642/738/642 644/740/644 645/741/645 
f 646/742/646 647/743/647 648/744/648 
f 646/742/646 648/744/648 649/745/649 
f 650/746/650 651/747/651 652/748/652 
f 650/746/650 652/748/652 653/749/653 
f 654/750/654 655/751/655 656/752/656 
f 654/750/654 656/752/656 657/753/657 
f 658/754/658 659/755/659 660/756/660 
f 658/754/658 660/756/660 661/757/661 
f 662/758/662 663/759/663 664/760/664 
f 662/758/662 664/760/664 665/761/665 
f 666/762/666 667/763/667 668/764/668 
f 666/762/666 668/764/668 669/765/669 
f 670/766/670 671/767/671 672/768/672 
f 670/766/670 672/768/672 673/769/673 
f 674/770/674 675/771/675 676/772/676 
f 674/770/674 676/772/676 677/773/677 
f 678/774/678 679/775/679 680/776/680 
f 678/774/678 680/776/680 681/777/681 
f 682/778/682 683/779/683 684/780/684 
f 682/778/682 684/780/684 685/781/685 
f 686/782/686 687/783/687 688/784/688 
f 686/782/686 688/784/688 689/785/689 
f 690/786/690 691/787/691 692/788/692 
f 690/786/690 692/788/692 693/789/693 
f 694/790/694 695/791/695 696/792/696 
f 694/790/694 696/792/696 697/793/697 
f 698/794/698 699/795/699 700/796/700 
f 698/794/698 700/796/700 701/797/701 
f 702/798/702 703/799/703 704/800/704 
f 702/798/702 704/800/704 705/801/705 
f 706/802/706 707/803/707 708/804/708 
f 706/802/706 708/804/708 709/805/709 
f 710/806/710 711/807/711 712/808/712 
f 710/806/710 712/808/712 713/809/713 
f 714/810/714 715/811/715 716/812/716 
f 714/810/714 716/812/716 717/813/717 
f 718/814/718 719/815/719 720/816/720 
f 718/814/718 720/816/720 721/817/721 
f 722/818/722 723/819/723 724/820/724 
f 722/818/722 724/820/724 725/821/725 
f 726/822/726 727/823/727 728/824/728 
f 726/822/726 728/824/728 729/825/729 
f 730/826/730 731/827/731 732/828/732 
f 730/826/730 732/828/732 733/829/733 
f 734/830/734 735/831/735 736/832/736 
f 734/830/734 736/832/736 737/833/737 
f 738/834/738 739/835/739 740/836/740 
f 738/834/738 740/836/740 741/837/741 
f 742/838/742 743/839/743 744/840/744 
f 742/838/742 744/840/744 745/841/745 
f 746/842/746 747/843/747 748/844/748 
f 746/842/746 748/844/748 749/845/749 
f 750/846/750 751/847/751 752/848/752 
f 750/846/750 752/848/752 753/849/753 
f 754/850/754 755/851/755 756/852/756 
f 754/850/754 756/852/756 757/853/757 
f 758/854/758 759/855/759 760/856/760 
f 758/854/758 760/856/760 761/857/761 
f 762/858/762 763/859/763 764/860/764 
f 762/858/762 764/860/764 765/861/765 
f 766/862/766 767/863/767 768/864/768 
f 766/862/766 768/864/768 769/865/769 
f 770/866/770 771/867/771 772/868/772 
f 770/866/770 772/868/772 773/869/773 
f 774/870/774 775/871/775 776/872/776 
f 774/870/774 776/872/776 777/873/777 
f 778/874/778 779/875/779 780/876/780 
f 778/874/778 780/876/780 781/877/781 
f 782/878/782 783/879/783 784/880/784 
f 782/878/782 784/880/784 785/881/785 
f 786/882/786 787/883/787 788/884/788 
f 786/882/786 788/884/788 789/885/789 
f 790/886/790 791/887/791 792/888/792 
f 790/886/790 792/888/792 793/889/793 
f 794/890/794 795/891/795 796/892/796 
f 794/890/794 796/892/796 797/893/797 
f 798/894/798 799/895/799 800/896/800 
f 798/894/798 800/896/800 801/897/801 
f 802/898/802 803/899/803 804/900/804 
f 802/898/802 804/900/804 805/901/805 
f 806/902/806 807/903/807 808/904/808 
f 806/902/806 808/904/808 809/905/809 
f 810/906/810 811/907/811 812/908/812 
f 810/906/810 812/908/812 813/909/813 
f 814/910/814 815/911/815 816/912/816 
f 814/910/814 816/912/816 817/913/817 
f 818/914/818 819/915/819 820/916/820 
f 818/914/818 820/916/820 821/917/821 
f 822/918/822 823/919/823 824/920/824 
f 822/918/822 824/920/824 825/921/825 
f 826/922/826 827/923/827 828/924/828 
f 826/922/826 828/924/828 829/925/829 
f 830/926/830 831/927/831 832/928/832 
f 830/926/830 832/928/832 833/929/833 
f 834/930/834 835/931/835 836/932/836 
f 834/930/834 836/932/836 837/933/837 
f 838/934/838 839/935/839 840/936/840 
f 838/934/838 840/936/840 841/937/841 
f 709/805/709 842/938/842 843/939/843 
f 709/805/709 843/939/843 706/802/706 
f 499/595/499 844/940/844 845/941/845 
f 499/595/499 845/941/845 500/596/500 
f 706/802/706 843/942/843 846/943/846 
f 706/802/706 846/943/846 707/803/707 
f 500/596/500 845/944/845 847/945/847 
f 500/596/500 847/945/847 501/597/501 
f 707/803/707 846/946/846 848/947/848 
f 707/803/707 848/947/848 708/804/708 
f 505/601/505 849/948/849 850/949/850 
f 505/601/505 850/949/850 502/598/502 
f 708/804/708 848/950/848 842/951/842 
f 708/804/708 842/951/842 709/805/709 
f 502/598/502 850/952/850 851/953/851 
f 502/598/502 851/953/851 503/599/503 
f 713/809/713 852/954/852 853/955/853 
f 713/809/713 853/955/853 710/806/710 
f 503/599/503 851/956/851 854/957/854 
f 503/599/503 854/957/854 504/600/504 
f 710/806/710 853/958/853 855/959/855 
f 710/806/710 855/959/855 711/807/711 
f 504/600/504 854/960/854 849/961/849 
f 504/600/504 849/961/849 505/601/505 
f 711/807/711 855/962/855 856/963/856 
f 711/807/711 856/963/856 712/808/712 
f 509/605/509 857/964/857 858/965/858 
f 509/605/509 858/965/858 506/602/506 
f 712/808/712 856/966/856 852/967/852 
f 712/808/712 852/967/852 713/809/713 
f 506/602/506 858/968/858 859/969/859 
f 506/602/506 859/969/859 507/603/507 
f 717/813/717 860/970/860 861/971/861 
f 717/813/717 861/971/861 714/810/714 
f 507/603/507 859/972/859 862/973/862 
f 507/603/507 862/973/862 508/604/508 
f 714/810/714 861/974/861 863/975/863 
f 714/810/714 863/975/863 715/811/715 
f 508/604/508 862/976/862 857/977/857 
f 508/604/508 857/977/857 509/605/509 
f 715/811/715 863/978/863 864/979/864 
f 715/811/715 864/979/864 716/812/716 
f 513/609/513 865/980/865 866/981/866 
f 513/609/513 866/981/866 510/606/510 
f 716/812/716 864/982/864 860/983/860 
f 716/812/716 860/983/860 717/813/717 
f 510/606/510 866/984/866 867/985/867 
f 510/606/510 867/985/867 511/607/511 
f 721/817/721 868/986/868 869/987/869 
f 721/817/721 869/987/869 718/814/718 
f 511/607/511 867/988/867 870/989/870 
f 511/607/511 870/989/870 512/608/512 
f 718/814/718 869/990/869 871/991/871 
f 718/814/718 871/991/871 719/815/719 
f 512/608/512 870/992/870 865/993/865 
f 512/608/512 865/993/865 513/609/513 
f 719/815/719 871/994/871 872/995/872 
f 719/815/719 872/995/872 720/816/720 
f 517/613/517 873/996/873 874/997/874 
f 517/613/517 874/997/874 514/610/514 
f 720/816/720 872/998/872 868/999/868 
f 720/816/720 868/999/868 721/817/721 
f 514/610/514 874/1000/874 875/1001/875 
f 514/610/514 875/1001/875 515/611/515 
f 725/821/725 876/1002/876 877/1003/877 
f 725/821/725 877/1003/877 722/818/722 
f 515/611/515 875/1004/875 878/1005/878 
f 515/611/515 878/1005/878 516/612/516 
f 722/818/722 877/1006/877 879/1007/879 
f 722/818/722 879/1007/879 723/819/723 
f 516/612/516 878/1008/878 873/1009/873 
f 516/612/516 873/1009/873 517/613/517 
f 723/819/723 879/1010/879 880/1011/880 
f 723/819/723 880/1011/880 724/820/724 
f 521/617/521 881/1012/881 882/1013/882 
f 521/617/521 882/1013/882 518/614/518 
f 724/820/724 880/1014/880 876/1015/876 
f 724/820/724 876/1015/876 725/821/725 
f 518/614/518 882/1016/882 883/1017/883 
f 518/614/518 883/1017/883 519/615/519 
f 729/825/729 884/1018/884 885/1019/885 
f 729/825/729 885/1019/885 726/822/726 
f 519/615/519 883/1020/883 886/1021/886 
f 519/615/519 886/1021/886 520/616/520 
f 726/822/726 885/1022/885 887/1023/887 
f 726/822/726 887/1023/887 727/823/727 
f 520/616/520 886/1024/886 881/1025/881 
f 520/616/520 881/1025/881 521/617/521 
f 727/823/727 887/1026/887 888/1027/888 
f 727/823/727 888/1027/888 728/824/728 
f 525/621/525 889/1028/889 890/1029/890 
f 525/621/525 890/1029/890 522/618/522 
f 728/824/728 888/1030/888 884/1031/884 
f 728/824/728 884/1031/884 729/825/729 
f 522/618/522 890/1032/890 891/1033/891 
f 522/618/522 891/1033/891 523/619/523 
f 733/829/733 892/1034/892 893/1035/893 
f 733/829/733 893/1035/893 730/826/730 
f 523/619/523 891/1036/891 894/1037/894 
f 523/619/523 894/1037/894 524/620/524 
f 730/826/730 893/1038/893 895/1039/895 
f 730/826/730 895/1039/895 731/827/731 
f 524/620/524 894/1040/894 889/1041/889 
f 524/620/524 889/1041/889 525/621/525 
f 731/827/731 895/1042/895 896/1043/896 
f 731/827/731 896/1043/896 732/828/732 
f 529/625/529 897/1044/897 898/1045/898 
f 529/625/529 898/1045/898 526/622/526 
f 732/828/732 896/1046/896 892/1047/892 
f 732/828/732 892/1047/892 733/829/733 
f 526/622/526 898/1048/898 899/1049/899 
f 526/622/526 899/1049/899 527/623/527 
f 737/833/737 900/1050/900 901/1051/901 
f 737/833/737 901/1051/901 734/830/734 
f 527/623/527 899/1052/899 902/1053/902 
f 527/623/527 902/1053/902 528/624/528 
f 734/830/734 901/1054/901 903/1055/903 
f 734/830/734 903/1055/903 735/831/735 
f 528/624/528 902/1056/902 897/1057/897 
f 528/624/528 897/1057/897 529/625/529 
f 735/831/735 903/1058/903 904/1059/904 
f 735/831/735 904/1059/904 736/832/736 
f 533/629/533 905/1060/905 906/1061/906 
f 533/629/533 906/1061/906 530/626/530 
f 736/832/736 904/1062/904 900/1063/900 
f 736/832/736 900/1063/900 737/833/737 
f 530/626/530 906/1064/906 907/1065/907 
f 530/626/530 907/1065/907 531/627/531 
f 741/837/741 908/1066/908 909/1067/909 
f 741/837/741 909/1067/909 738/834/738 
f 531/627/531 907/1068/907 910/1069/910 
f 531/627/531 910/1069/910 532/628/532 
f 738/834/738 909/1070/909 911/1071/911 
f 738/834/738 911/1071/911 739/835/739 
f 532/628/532 910/1072/910 905/1073/905 
f 532/628/532 905/1073/905 533/629/533 
f 739/835/739 911/1074/911 912/1075/912 
f 739/835/739 912/1075/912 740/836/740 
f 537/633/537 913/1076/913 914/1077/914 
f 537/633/537 914/1077/914 534/630/534 
f 740/836/740 912/1078/912 908/1079/908 
f 740/836/740 908/1079/908 741/837/741 
f 534/630/534 914/1080/914 915/1081/915 
f 534/630/534 915/1081/915 535/631/535 
f 745/841/745 916/1082/916 917/1083/917 
f 745/841/745 917/1083/917 742/838/742 
f 535/631/535 915/1084/915 918/1085/918 
f 535/631/535 918/1085/918 536/632/536 
f 742/838/742 917/1086/917 919/1087/919 
f 742/838/742 919/1087/919 743/839/743 
f 536/632/536 918/1088/918 913/1089/913 
f 536/632/536 913/1089/913 537/633/537 
f 743/839/743 919/1090/919 920/1091/920 
f 743/839/743 920/1091/920 744/840/744 
f 541/637/541 921/1092/921 922/1093/922 
f 541/637/541 922/1093/922 538/634/538 
f 744/840/744 920/1094/920 916/1095/916 
f 744/840/744 916/1095/916 745/841/745 
f 538/634/538 922/1096/922 923/1097/923 
f 538/634/538 923/1097/923 539/635/539 
f 749/845/749 924/1098/924 925/1099/925 
f 749/845/749 925/1099/925 746/842/746 
f 539/635/539 923/1100/923 926/1101/926 
f 539/635/539 926/1101/926 540/636/540 
f 746/842/746 925/1102/925 927/1103/927 
f 746/842/746 927/1103/927 747/843/747 
f 540/636/540 926/1104/926 921/1105/921 
f 540/636/540 921/1105/921 541/637/541 
f 747/843/747 927/1106/927 928/1107/928 
f 747/843/747 928/1107/928 748/844/748 
f 545/641/545 929/1108/929 930/1109/930 
f 545/641/545 930/1109/930 542/638/542 
f 748/844/748 928/1110/928 924/1111/924 
f 748/844/748 924/1111/924 749/845/749 
f 542/638/542 930/1112/930 931/1113/931 
f 542/638/542 931/1113/931 543/639/543 
f 753/849/753 932/1114/932 933/1115/933 
f 753/849/753 933/1115/933 750/846/750 
f 543/639/543 931/1116/931 934/1117/934 
f 543/639/543 934/1117/934 544/640/544 
f 750/846/750 933/1118/933 935/1119/935 
f 750/846/750 935/1119/935 751/847/751 
f 544/640/544 934/1120/934 929/1121/929 
f 544/640/544 929/1121/929 545/641/545 
f 751/847/751 935/1122/935 936/1123/936 
f 751/847/751 936/1123/936 752/848/752 
f 549/645/549 937/1124/937 938/1125/938 
f 549/645/549 938/1125/938 546/642/546 
f 752/848/752 936/1126/936 932/1127/932 
f 752/848/752 932/1127/932 753/849/753 
f 546/642/546 938/1128/938 939/1129/939 
f 546/642/546 939/1129/939 547/643/547 
f 757/853/757 940/1130/940 941/1131/941 
f 757/853/757 941/1131/941 754/850/754 
f 547/643/547 939/1132/939 942/1133/942 
f 547/643/547 942/1133/942 548/644/548 
f 754/850/754 941/1134/941 943/1135/943 
f 754/850/754 943/1135/943 755/851/755 
f 548/644/548 942/1136/942 937/1137/937 
f 548/644/548 937/1137/937 549/645/549 
f 755/851/755 943/1138/943 944/1139/944 
f 755/851/755 944/1139/944 756/852/756 
f 553/649/553 945/1140/945 946/1141/946 
f 553/649/553 946/1141/946 550/646/550 
f 756/852/756 944/1142/944 940/1143/940 
f 756/852/756 940/1143/940 757/853/757 
f 550/646/550 946/1144/946 947/1145/947 
f 550/646/550 947/1145/947 551/647/551 
f 761/857/761 948/1146/948 949/1147/949 
f 761/857/761 949/1147/949 758/854/758 
f 551/647/551 947/1148/947 950/1149/950 
f 551/647/551 950/1149/950 552/648/552 
f 758/854/758 949/1150/949 951/1151/951 
f 758/854/758 951/1151/951 759/855/759 
f 552/648/552 950/1152/950 945/1153/945 
f 552/648/552 945/1153/945 553/649/553 
f 759/855/759 951/1154/951 952/1155/952 
f 759/855/759 952/1155/952 760/856/760 
f 557/653/557 953/1156/953 954/1157/954 
f 557/653/557 954/1157/954 554/650/554 
f 760/856/760 952/1158/952 948/1159/948 
f 760/856/760 948/1159/948 761/857/761 
f 554/650/554 954/1160/954 955/1161/955 
f 554/650/554 955/1161/955 555/651/555 
f 765/861/765 956/1162/956 957/1163/957 
f 765/861/765 957/1163/957 762/858/762 
f 555/651/555 955/1164/955 958/1165/958 
f 555/651/555 958/1165/958 556/652/556 
f 762/858/762 957/1166/957 959/1167/959 
f 762/858/762 959/1167/959 763/859/763 
f 556/652/556 958/1168/958 953/1169/953 
f 556/652/556 953/1169/953 557/653/557 
f 763/859/763 959/1170/959 960/1171/960 
f 763/859/763 960/1171/960 764/860/764 
f 561/657/561 961/1172/961 962/1173/962 
f 561/657/561 962/1173/962 558/654/558 
f 764/860/764 960/1174/960 956/1175/956 
f 764/860/764 956/1175/956 765/861/765 
f 558/654/558 962/1176/962 963/1177/963 
f 558/654/558 963/1177/963 559/655/559 
f 769/865/769 964/1178/964 965/1179/965 
f 769/865/769 965/1179/965 766/862/766 
f 559/655/559 963/1180/963 966/1181/966 
f 559/655/559 966/1181/966 560/656/560 
f 766/862/766 965/1182/965 967/1183/967 
f 766/862/766 967/1183/967 767/863/767 
f 560/656/560 966/1184/966 961/1185/961 
f 560/656/560 961/1185/961 561/657/561 
f 767/863/767 967/1186/967 968/1187/968 
f 767/863/767 968/1187/968 768/864/768 
f 575/671/575 969/1188/969 970/1189/970 
f 575/671/575 970/1189/970 576/672/576 
f 768/864/768 968/1190/968 964/1191/964 
f 768/864/768 964/1191/964 769/865/769 
f 576/672/576 970/1192/970 971/1193/971 
f 576/672/576 971/1193/971 577/673/577 
f 773/869/773 972/1194/972 973/1195/973 
f 773/869/773 973/1195/973 770/866/770 
f 574/670/574 974/1196/974 969/1197/969 
f 574/670/574 969/1197/969 575/671/575 
f 770/866/770 973/1198/973 975/1199/975 
f 770/866/770 975/1199/975 771/867/771 
f 577/673/577 971/1200/971 974/1201/974 
f 577/673/577 974/1201/974 574/670/574 
f 771/867/771 975/1202/975 976/1203/976 
f 771/867/771 976/1203/976 772/868/772 
f 571/667/571 977/1204/977 978/1205/978 
f 571/667/571 978/1205/978 572/668/572 
f 772/868/772 976/1206/976 972/1207/972 
f 772/868/772 972/1207/972 773/869/773 
f 572/668/572 978/1208/978 979/1209/979 
f 572/668/572 979/1209/979 573/669/573 
f 777/873/777 980/1210/980 981/1211/981 
f 777/873/777 981/1211/981 774/870/774 
f 570/666/570 982/1212/982 977/1213/977 
f 570/666/570 977/1213/977 571/667/571 
f 365/461/365 983/1214/983 984/1215/984 
f 365/461/365 984/1215/984 362/458/362 
f 774/870/774 981/1216/981 985/1217/985 
f 774/870/774 985/1217/985 775/871/775 
f 573/669/573 979/1218/979 982/1219/982 
f 573/669/573 982/1219/982 570/666/570 
f 362/458/362 984/1220/984 986/1221/986 
f 362/458/362 986/1221/986 363/459/363 
f 775/871/775 985/1222/985 987/1223/987 
f 775/871/775 987/1223/987 776/872/776 
f 567/663/567 988/1224/988 989/1225/989 
f 567/663/567 989/1225/989 568/664/568 
f 363/459/363 986/1226/986 990/1227/990 
f 363/459/363 990/1227/990 364/460/364 
f 776/872/776 987/1228/987 980/1229/980 
f 776/872/776 980/1229/980 777/873/777 
f 568/664/568 989/1230/989 991/1231/991 
f 568/664/568 991/1231/991 569/665/569 
f 364/460/364 990/1232/990 983/1233/983 
f 364/460/364 983/1233/983 365/461/365 
f 781/877/781 992/1234/992 993/1235/993 
f 781/877/781 993/1235/993 778/874/778 
f 566/662/566 994/1236/994 988/1237/988 
f 566/662/566 988/1237/988 567/663/567 
f 369/465/369 995/1238/995 996/1239/996 
f 369/465/369 996/1239/996 366/462/366 
f 778/874/778 993/1240/993 997/1241/997 
f 778/874/778 997/1241/997 779/875/779 
f 569/665/569 991/1242/991 994/1243/994 
f 569/665/569 994/1243/994 566/662/566 
f 366/462/366 996/1244/996 998/1245/998 
f 366/462/366 998/1245/998 367/463/367 
f 779/875/779 997/1246/997 999/1247/999 
f 779/875/779 999/1247/999 780/876/780 
f 563/659/563 1000/1248/1000 1001/1249/1001 
f 563/659/563 1001/1249/1001 564/660/564 
f 367/463/367 998/1250/998 1002/1251/1002 
f 367/463/367 1002/1251/1002 368/464/368 
f 780/876/780 999/1252/999 992/1253/992 
f 780/876/780 992/1253/992 781/877/781 
f 564/660/564 1001/1254/1001 1003/1255/1003 
f 564/660/564 1003/1255/1003 565/661/565 
f 368/464/368 1002/1256/1002 995/1257/995 
f 368/464/368 995/1257/995 369/465/369 
f 785/881/785 1004/1258/1004 1005/1259/1005 
f 785/881/785 1005/1259/1005 782/878/782 
f 562/658/562 1006/1260/1006 1000/1261/1000 
f 562/658/562 1000/1261/1000 563/659/563 
f 373/469/373 1007/1262/1007 1008/1263/1008 
f 373/469/373 1008/1263/1008 370/466/370 
f 782/878/782 1005/1264/1005 1009/1265/1009 
f 782/878/782 1009/1265/1009 783/879/783 
f 565/661/565 1003/1266/1003 1006/1267/1006 
f 565/661/565 1006/1267/1006 562/658/562 
f 370/466/370 1008/1268/1008 1010/1269/1010 
f 370/466/370 1010/1269/1010 371/467/371 
f 783/879/783 1009/1270/1009 1011/1271/1011 
f 783/879/783 1011/1271/1011 784/880/784 
f 581/677/581 1012/1272/1012 1013/1273/1013 
f 581/677/581 1013/1273/1013 578/674/578 
f 371/467/371 1010/1274/1010 1014/1275/1014 
f 371/467/371 1014/1275/1014 372/468/372 
f 784/880/784 1011/1276/1011 1004/1277/1004 
f 784/880/784 1004/1277/1004 785/881/785 
f 578/674/578 1013/1278/1013 1015/1279/1015 
f 578/674/578 1015/1279/1015 579/675/579 
f 372/468/372 1014/1280/1014 1007/1281/1007 
f 372/468/372 1007/1281/1007 373/469/373 
f 789/885/789 1016/1282/1016 1017/1283/1017 
f 789/885/789 1017/1283/1017 786/882/786 
f 579/675/579 1015/1284/1015 1018/1285/1018 
f 579/675/579 1018/1285/1018 580/676/580 
f 377/473/377 1019/1286/1019 1020/1287/1020 
f 377/473/377 1020/1287/1020 374/470/374 
f 786/882/786 1017/1288/1017 1021/1289/1021 
f 786/882/786 1021/1289/1021 787/883/787 
f 580/676/580 1018/1290/1018 1012/1291/1012 
f 580/676/580 1012/1291/1012 581/677/581 
f 374/470/374 1020/1292/1020 1022/1293/1022 
f 374/470/374 1022/1293/1022 375/471/375 
f 787/883/787 1021/1294/1021 1023/1295/1023 
f 787/883/787 1023/1295/1023 788/884/788 
f 585/681/585 1024/1296/1024 1025/1297/1025 
f 585/681/585 1025/1297/1025 582/678/582 
f 375/471/375 1022/1298/1022 1026/1299/1026 
f 375/471/375 1026/1299/1026 376/472/376 
f 788/884/788 1023/1300/1023 1016/1301/1016 
f 788/884/788 1016/1301/1016 789/885/789 
f 582/678/582 1025/1302/1025 1027/1303/1027 
f 582/678/582 1027/1303/1027 583/679/583 
f 376/472/376 1026/1304/1026 1019/1305/1019 
f 376/472/376 1019/1305/1019 377/473/377 
f 793/889/793 1028/1306/1028 1029/1307/1029 
f 793/889/793 1029/1307/1029 790/886/790 
f 583/679/583 1027/1308/1027 1030/1309/1030 
f 583/679/583 1030/1309/1030 584/680/584 
f 381/477/381 1031/1310/1031 1032/1311/1032 
f 381/477/381 1032/1311/1032 378/474/378 
f 790/886/790 1029/1312/1029 1033/1313/1033 
f 790/886/790 1033/1313/1033 791/887/791 
f 584/680/584 1030/1314/1030 1024/1315/1024 
f 584/680/584 1024/1315/1024 585/681/585 
f 378/474/378 1032/1316/1032 1034/1317/1034 
f 378/474/378 1034/1317/1034 379/475/379 
f 791/887/791 1033/1318/1033 1035/1319/1035 
f 791/887/791 1035/1319/1035 792/888/792 
f 589/685/589 1036/1320/1036 1037/1321/1037 
f 589/685/589 1037/1321/1037 586/682/586 
f 379/475/379 1034/1322/1034 1038/1323/1038 
f 379/475/379 1038/1323/1038 380/476/380 
f 792/888/792 1035/1324/1035 1028/1325/1028 
f 792/888/792 1028/1325/1028 793/889/793 
f 586/682/586 1037/1326/1037 1039/1327/1039 
f 586/682/586 1039/1327/1039 587/683/587 
f 380/476/380 1038/1328/1038 1031/1329/1031 
f 380/476/380 1031/1329/1031 381/477/381 
f 797/893/797 1040/1330/1040 1041/1331/1041 
f 797/893/797 1041/1331/1041 794/890/794 
f 587/683/587 1039/1332/1039 1042/1333/1042 
f 587/683/587 1042/1333/1042 588/684/588 
f 385/481/385 1043/1334/1043 1044/1335/1044 
f 385/481/385 1044/1335/1044 382/478/382 
f 794/890/794 1041/1336/1041 1045/1337/1045 
f 794/890/794 1045/1337/1045 795/891/795 
f 588/684/588 1042/1338/1042 1036/1339/1036 
f 588/684/588 1036/1339/1036 589/685/589 
f 382/478/382 1044/1340/1044 1046/1341/1046 
f 382/478/382 1046/1341/1046 383/479/383 
f 795/891/795 1045/1342/1045 1047/1343/1047 
f 795/891/795 1047/1343/1047 796/892/796 
f 593/689/593 1048/1344/1048 1049/1345/1049 
f 593/689/593 1049/1345/1049 590/686/590 
f 383/479/383 1046/1346/1046 1050/1347/1050 
f 383/479/383 1050/1347/1050 384/480/384 
f 796/892/796 1047/1348/1047 1040/1349/1040 
f 796/892/796 1040/1349/1040 797/893/797 
f 590/686/590 1049/1350/1049 1051/1351/1051 
f 590/686/590 1051/1351/1051 591/687/591 
f 384/480/384 1050/1352/1050 1043/1353/1043 
f 384/480/384 1043/1353/1043 385/481/385 
f 801/897/801 1052/1354/1052 1053/1355/1053 
f 801/897/801 1053/1355/1053 798/894/798 
f 591/687/591 1051/1356/1051 1054/1357/1054 
f 591/687/591 1054/1357/1054 592/688/592 
f 389/485/389 1055/1358/1055 1056/1359/1056 
f 389/485/389 1056/1359/1056 386/482/386 
f 798/894/798 1053/1360/1053 1057/1361/1057 
f 798/894/798 1057/1361/1057 799/895/799 
f 592/688/592 1054/1362/1054 1048/1363/1048 
f 592/688/592 1048/1363/1048 593/689/593 
f 386/482/386 1056/1364/1056 1058/1365/1058 
f 386/482/386 1058/1365/1058 387/483/387 
f 799/895/799 1057/1366/1057 1059/1367/1059 
f 799/895/799 1059/1367/1059 800/896/800 
f 597/693/597 1060/1368/1060 1061/1369/1061 
f 597/693/597 1061/1369/1061 594/690/594 
f 387/483/387 1058/1370/1058 1062/1371/1062 
f 387/483/387 1062/1371/1062 388/484/388 
f 800/896/800 1059/1372/1059 1052/1373/1052 
f 800/896/800 1052/1373/1052 801/897/801 
f 594/690/594 1061/1374/1061 1063/1375/1063 
f 594/690/594 1063/1375/1063 595/691/595 
f 388/484/388 1062/1376/1062 1055/1377/1055 
f 388/484/388 1055/1377/1055 389/485/389 
f 805/901/805 1064/1378/1064 1065/1379/1065 
f 805/901/805 1065/1379/1065 802/898/802 
f 595/691/595 1063/1380/1063 1066/1381/1066 
f 595/691/595 1066/1381/1066 596/692/596 
f 393/489/393 1067/1382/1067 1068/1383/1068 
f 393/489/393 1068/1383/1068 390/486/390 
f 802/898/802 1065/1384/1065 1069/1385/1069 
f 802/898/802 1069/1385/1069 803/899/803 
f 596/692/596 1066/1386/1066 1060/1387/1060 
f 596/692/596 1060/1387/1060 597/693/597 
f 390/486/390 1068/1388/1068 1070/1389/1070 
f 390/486/390 1070/1389/1070 391/487/391 
f 803/899/803 1069/1390/1069 1071/1391/1071 
f 803/899/803 1071/1391/1071 804/900/804 
f 601/697/601 1072/1392/1072 1073/1393/1073 
f 601/697/601 1073/1393/1073 598/694/598 
f 391/487/391 1070/1394/1070 1074/1395/1074 
f 391/487/391 1074/1395/1074 392/488/392 
f 804/900/804 1071/1396/1071 1064/1397/1064 
f 804/900/804 1064/1397/1064 805/901/805 
f 598/694/598 1073/1398/1073 1075/1399/1075 
f 598/694/598 1075/1399/1075 599/695/599 
f 392/488/392 1074/1400/1074 1067/1401/1067 
f 392/488/392 1067/1401/1067 393/489/393 
f 809/905/809 1076/1402/1076 1077/1403/1077 
f 809/905/809 1077/1403/1077 806/902/806 
f 599/695/599 1075/1404/1075 1078/1405/1078 
f 599/695/599 1078/1405/1078 600/696/600 
f 397/493/397 1079/1406/1079 1080/1407/1080 
f 397/493/397 1080/1407/1080 394/490/394 
f 806/902/806 1077/1408/1077 1081/1409/1081 
f 806/902/806 1081/1409/1081 807/903/807 
f 600/696/600 1078/1410/1078 1072/1411/1072 
f 600/696/600 1072/1411/1072 601/697/601 
f 394/490/394 1080/1412/1080 1082/1413/1082 
f 394/490/394 1082/1413/1082 395/491/395 
f 807/903/807 1081/1414/1081 1083/1415/1083 
f 807/903/807 1083/1415/1083 808/904/808 
f 605/701/605 1084/1416/1084 1085/1417/1085 
f 605/701/605 1085/1417/1085 602/698/602 
f 395/491/395 1082/1418/1082 1086/1419/1086 
f 395/491/395 1086/1419/1086 396/492/396 
f 808/904/808 1083/1420/1083 1076/1421/1076 
f 808/904/808 1076/1421/1076 809/905/809 
f 602/698/602 1085/1422/1085 1087/1423/1087 
f 602/698/602 1087/1423/1087 603/699/603 
f 396/492/396 1086/1424/1086 1079/1425/1079 
f 396/492/396 1079/1425/1079 397/493/397 
f 813/909/813 1088/1426/1088 1089/1427/1089 
f 813/909/813 1089/1427/1089 810/906/810 
f 603/699/603 1087/1428/1087 1090/1429/1090 
f 603/699/603 1090/1429/1090 604/700/604 
f 401/497/401 1091/1430/1091 1092/1431/1092 
f 401/497/401 1092/1431/1092 398/494/398 
f 810/906/810 1089/1432/1089 1093/1433/1093 
f 810/906/810 1093/1433/1093 811/907/811 
f 604/700/604 1090/1434/1090 1084/1435/1084 
f 604/700/604 1084/1435/1084 605/701/605 
f 398/494/398 1092/1436/1092 1094/1437/1094 
f 398/494/398 1094/1437/1094 399/495/399 
f 811/907/811 1093/1438/1093 1095/1439/1095 
f 811/907/811 1095/1439/1095 812/908/812 
f 609/705/609 1096/1440/1096 1097/1441/1097 
f 609/705/609 1097/1441/1097 606/702/606 
f 399/495/399 1094/1442/1094 1098/1443/1098 
f 399/495/399 1098/1443/1098 400/496/400 
f 812/908/812 1095/1444/1095 1088/1445/1088 
f 812/908/812 1088/1445/1088 813/909/813 
f 606/702/606 1097/1446/1097 1099/1447/1099 
f 606/702/606 1099/1447/1099 607/703/607 
f 400/496/400 1098/1448/1098 1091/1449/1091 
f 400/496/400 1091/1449/1091 401/497/401 
f 817/913/817 1100/1450/1100 1101/1451/1101 
f 817/913/817 1101/1451/1101 814/910/814 
f 607/703/607 1099/1452/1099 1102/1453/1102 
f 607/703/607 1102/1453/1102 608/704/608 
f 405/501/405 1103/1454/1103 1104/1455/1104 
f 405/501/405 1104/1455/1104 402/498/402 
f 814/910/814 1101/1456/1101 1105/1457/1105 
f 814/910/814 1105/1457/1105 815/911/815 
f 608/704/608 1102/1458/1102 1096/1459/1096 
f 608/704/608 1096/1459/1096 609/705/609 
f 402/498/402 1104/1460/1104 1106/1461/1106 
f 402/498/402 1106/1461/1106 403/499/403 
f 815/911/815 1105/1462/1105 1107/1463/1107 
f 815/911/815 1107/1463/1107 816/912/816 
f 613/709/613 1108/1464/1108 1109/1465/1109 
f 613/709/613 1109/1465/1109 610/706/610 
f 403/499/403 1106/1466/1106 1110/1467/1110 
f 403/499/403 1110/1467/1110 404/500/404 
f 816/912/816 1107/1468/1107 1100/1469/1100 
f 816/912/816 1100/1469/1100 817/913/817 
f 610/706/610 1109/1470/1109 1111/1471/1111 
f 610/706/610 1111/1471/1111 611/707/611 
f 404/500/404 1110/1472/1110 1103/1473/1103 
f 404/500/404 1103/1473/1103 405/501/405 
f 821/917/821 1112/1474/1112 1113/1475/1113 
f 821/917/821 1113/1475/1113 818/914/818 
f 611/707/611 1111/1476/1111 1114/1477/1114 
f 611/707/611 1114/1477/1114 612/708/612 
f 409/505/409 1115/1478/1115 1116/1479/1116 
f 409/505/409 1116/1479/1116 406/502/406 
f 818/914/818 1113/1480/1113 1117/1481/1117 
f 818/914/818 1117/1481/1117 819/915/819 
f 612/708/612 1114/1482/1114 1108/1483/1108 
f 612/708/612 1108/1483/1108 613/709/613 
f 406/502/406 1116/1484/1116 1118/1485/1118 
f 406/502/406 1118/1485/1118 407/503/407 
f 819/915/819 1117/1486/1117 1119/1487/1119 
f 819/915/819 1119/1487/1119 820/916/820 
f 617/713/617 1120/1488/1120 1121/1489/1121 
f 617/713/617 1121/1489/1121 614/710/614 
f 407/503/407 1118/1490/1118 1122/1491/1122 
f 407/503/407 1122/1491/1122 408/504/408 
f 820/916/820 1119/1492/1119 1112/1493/1112 
f 820/916/820 1112/1493/1112 821/917/821 
f 614/710/614 1121/1494/1121 1123/1495/1123 
f 614/710/614 1123/1495/1123 615/711/615 
f 408/504/408 1122/1496/1122 1115/1497/1115 
f 408/504/408 1115/1497/1115 409/505/409 
f 825/921/825 1124/1498/1124 1125/1499/1125 
f 825/921/825 1125/1499/1125 822/918/822 
f 615/711/615 1123/1500/1123 1126/1501/1126 
f 615/711/615 1126/1501/1126 616/712/616 
f 413/509/413 1127/1502/1127 1128/1503/1128 
f 413/509/413 1128/1503/1128 410/506/410 
f 822/918/822 1125/1504/1125 1129/1505/1129 
f 822/918/822 1129/1505/1129 823/919/823 
f 616/712/616 1126/1506/1126 1120/1507/1120 
f 616/712/616 1120/1507/1120 617/713/617 
f 410/506/410 1128/1508/1128 1130/1509/1130 
f 410/506/410 1130/1509/1130 411/507/411 
f 823/919/823 1129/1510/1129 1131/1511/1131 
f 823/919/823 1131/1511/1131 824/920/824 
f 621/717/621 1132/1512/1132 1133/1513/1133 
f 621/717/621 1133/1513/1133 618/714/618 
f 411/507/411 1130/1514/1130 1134/1515/1134 
f 411/507/411 1134/1515/1134 412/508/412 
f 824/920/824 1131/1516/1131 1124/1517/1124 
f 824/920/824 1124/1517/1124 825/921/825 
f 618/714/618 1133/1518/1133 1135/1519/1135 
f 618/714/618 1135/1519/1135 619/715/619 
f 412/508/412 1134/1520/1134 1127/1521/1127 
f 412/508/412 1127/1521/1127 413/509/413 
f 829/925/829 1136/1522/1136 1137/1523/1137 
f 829/925/829 1137/1523/1137 826/922/826 
f 619/715/619 1135/1524/1135 1138/1525/1138 
f 619/715/619 1138/1525/1138 620/716/620 
f 417/513/417 1139/1526/1139 1140/1527/1140 
f 417/513/417 1140/1527/1140 414/510/414 
f 826/922/826 1137/1528/1137 1141/1529/1141 
f 826/922/826 1141/1529/1141 827/923/827 
f 620/716/620 1138/1530/1138 1132/1531/1132 
f 620/716/620 1132/1531/1132 621/717/621 
f 414/510/414 1140/1532/1140 1142/1533/1142 
f 414/510/414 1142/1533/1142 415/511/415 
f 827/923/827 1141/1534/1141 1143/1535/1143 
f 827/923/827 1143/1535/1143 828/924/828 
f 625/721/625 1144/1536/1144 1145/1537/1145 
f 625/721/625 1145/1537/1145 622/718/622 
f 415/511/415 1142/1538/1142 1146/1539/1146 
f 415/511/415 1146/1539/1146 416/512/416 
f 828/924/828 1143/1540/1143 1136/1541/1136 
f 828/924/828 1136/1541/1136 829/925/829 
f 622/718/622 1145/1542/1145 1147/1543/1147 
f 622/718/622 1147/1543/1147 623/719/623 
f 416/512/416 1146/1544/1146 1139/1545/1139 
f 416/512/416 1139/1545/1139 417/513/417 
f 833/929/833 1148/1546/1148 1149/1547/1149 
f 833/929/833 1149/1547/1149 830/926/830 
f 623/719/623 1147/1548/1147 1150/1549/1150 
f 623/719/623 1150/1549/1150 624/720/624 
f 421/517/421 1151/1550/1151 1152/1551/1152 
f 421/517/421 1152/1551/1152 418/514/418 
f 830/926/830 1149/1552/1149 1153/1553/1153 
f 830/926/830 1153/1553/1153 831/927/831 
f 624/720/624 1150/1554/1150 1144/1555/1144 
f 624/720/624 1144/1555/1144 625/721/625 
f 418/514/418 1152/1556/1152 1154/1557/1154 
f 418/514/418 1154/1557/1154 419/515/419 
f 831/927/831 1153/1558/1153 1155/1559/1155 
f 831/927/831 1155/1559/1155 832/928/832 
f 629/725/629 1156/1560/1156 1157/1561/1157 
f 629/725/629 1157/1561/1157 626/722/626 
f 419/515/419 1154/1562/1154 1158/1563/1158 
f 419/515/419 1158/1563/1158 420/516/420 
f 832/928/832 1155/1564/1155 1148/1565/1148 
f 832/928/832 1148/1565/1148 833/929/833 
f 626/722/626 1157/1566/1157 1159/1567/1159 
f 626/722/626 1159/1567/1159 627/723/627 
f 420/516/420 1158/1568/1158 1151/1569/1151 
f 420/516/420 1151/1569/1151 421/517/421 
f 837/933/837 1160/1570/1160 1161/1571/1161 
f 837/933/837 1161/1571/1161 834/930/834 
f 627/723/627 1159/1572/1159 1162/1573/1162 
f 627/723/627 1162/1573/1162 628/724/628 
f 425/521/425 1163/1574/1163 1164/1575/1164 
f 425/521/425 1164/1575/1164 422/518/422 
f 834/930/834 1161/1576/1161 1165/1577/1165 
f 834/930/834 1165/1577/1165 835/931/835 
f 628/724/628 1162/1578/1162 1156/1579/1156 
f 628/724/628 1156/1579/1156 629/725/629 
f 422/518/422 1164/1580/1164 1166/1581/1166 
f 422/518/422 1166/1581/1166 423/519/423 
f 835/931/835 1165/1582/1165 1167/1583/1167 
f 835/931/835 1167/1583/1167 836/932/836 
f 633/729/633 1168/1584/1168 1169/1585/1169 
f 633/729/633 1169/1585/1169 630/726/630 
f 423/519/423 1166/1586/1166 1170/1587/1170 
f 423/519/423 1170/1587/1170 424/520/424 
f 836/932/836 1167/1588/1167 1160/1589/1160 
f 836/932/836 1160/1589/1160 837/933/837 
f 630/726/630 1169/1590/1169 1171/1591/1171 
f 630/726/630 1171/1591/1171 631/727/631 
f 424/520/424 1170/1592/1170 1163/1593/1163 
f 424/520/424 1163/1593/1163 425/521/425 
f 631/727/631 1171/1594/1171 1172/1595/1172 
f 631/727/631 1172/1595/1172 632/728/632 
f 429/525/429 1173/1596/1173 1174/1597/1174 
f 429/525/429 1174/1597/1174 426/522/426 
f 632/728/632 1172/1598/1172 1168/1599/1168 
f 632/728/632 1168/1599/1168 633/729/633 
f 426/522/426 1174/1600/1174 1175/1601/1175 
f 426/522/426 1175/1601/1175 427/523/427 
f 637/733/637 1176/1602/1176 1177/1603/1177 
f 637/733/637 1177/1603/1177 634/730/634 
f 427/523/427 1175/1604/1175 1178/1605/1178 
f 427/523/427 1178/1605/1178 428/524/428 
f 634/730/634 1177/1606/1177 1179/1607/1179 
f 634/730/634 1179/1607/1179 635/731/635 
f 428/524/428 1178/1608/1178 1173/1609/1173 
f 428/524/428 1173/1609/1173 429/525/429 
f 635/731/635 1179/1610/1179 1180/1611/1180 
f 635/731/635 1180/1611/1180 636/732/636 
f 433/529/433 1181/1612/1181 1182/1613/1182 
f 433/529/433 1182/1613/1182 430/526/430 
f 636/732/636 1180/1614/1180 1176/1615/1176 
f 636/732/636 1176/1615/1176 637/733/637 
f 430/526/430 1182/1616/1182 1183/1617/1183 
f 430/526/430 1183/1617/1183 431/527/431 
f 641/737/641 1184/1618/1184 1185/1619/1185 
f 641/737/641 1185/1619/1185 638/734/638 
f 431/527/431 1183/1620/1183 1186/1621/1186 
f 431/527/431 1186/1621/1186 432/528/432 
f 638/734/638 1185/1622/1185 1187/1623/1187 
f 638/734/638 1187/1623/1187 639/735/639 
f 432/528/432 1186/1624/1186 1181/1625/1181 
f 432/528/432 1181/1625/1181 433/529/433 
f 639/735/639 1187/1626/1187 1188/1627/1188 
f 639/735/639 1188/1627/1188 640/736/640 
f 437/533/437 1189/1628/1189 1190/1629/1190 
f 437/533/437 1190/1629/1190 434/530/434 
f 640/736/640 1188/1630/1188 1184/1631/1184 
f 640/736/640 1184/1631/1184 641/737/641 
f 434/530/434 1190/1632/1190 1191/1633/1191 
f 434/530/434 1191/1633/1191 435/531/435 
f 645/741/645 1192/1634/1192 1193/1635/1193 
f 645/741/645 1193/1635/1193 642/738/642 
f 435/531/435 1191/1636/1191 1194/1637/1194 
f 435/531/435 1194/1637/1194 436/532/436 
f 642/738/642 1193/1638/1193 1195/1639/1195 
f 642/738/642 1195/1639/1195 643/739/643 
f 436/532/436 1194/1640/1194 1189/1641/1189 
f 436/532/436 1189/1641/1189 437/533/437 
f 643/739/643 1195/1642/1195 1196/1643/1196 
f 643/739/643 1196/1643/1196 644/740/644 
f 441/537/441 1197/1644/1197 1198/1645/1198 
f 441/537/441 1198/1645/1198 438/534/438 
f 644/740/644 1196/1646/1196 1192/1647/1192 
f 644/740/644 1192/1647/1192 645/741/645 
f 438/534/438 1198/1648/1198 1199/1649/1199 
f 438/534/438 1199/1649/1199 439/535/439 
f 649/745/649 1200/1650/1200 1201/1651/1201 
f 649/745/649 1201/1651/1201 646/742/646 
f 439/535/439 1199/1652/1199 1202/1653/1202 
f 439/535/439 1202/1653/1202 440/536/440 
f 646/742/646 1201/1654/1201 1203/1655/1203 
f 646/742/646 1203/1655/1203 647/743/647 
f 440/536/440 1202/1656/1202 1197/1657/1197 
f 440/536/440 1197/1657/1197 441/537/441 
f 1204/1658/1204 1205/1659/1205 1206/1660/1206 
f 1204/1658/1204 1206/1660/1206 1207/1661/1207 
f 647/743/647 1203/1662/1203 1208/1663/1208 
f 647/743/647 1208/1663/1208 648/744/648 
f 445/541/445 1209/1664/1209 1210/1665/1210 
f 445/541/445 1210/1665/1210 442/538/442 
f 648/744/648 1208/1666/1208 1200/1667/1200 
f 648/744/648 1200/1667/1200 649/745/649 
f 442/538/442 1210/1668/1210 1211/1669/1211 
f 442/538/442 1211/1669/1211 443/539/443 
f 1212/1670/1212 1213/1671/1213 1214/1672/1214 
f 1212/1670/1212 1214/1672/1214 1215/1673/1215 
f 653/749/653 1216/1674/1216 1217/1675/1217 
f 653/749/653 1217/1675/1217 650/746/650 
f 443/539/443 1211/1676/1211 1218/1677/1218 
f 443/539/443 1218/1677/1218 444/540/444 
f 650/746/650 1217/1678/1217 1219/1679/1219 
f 650/746/650 1219/1679/1219 651/747/651 
f 444/540/444 1218/1680/1218 1209/1681/1209 
f 444/540/444 1209/1681/1209 445/541/445 
f 1220/1682/1220 1221/1683/1221 1222/1684/1222 
f 1220/1682/1220 1222/1684/1222 1223/1685/1223 
f 651/747/651 1219/1686/1219 1224/1687/1224 
f 651/747/651 1224/1687/1224 652/748/652 
f 449/545/449 1225/1688/1225 1226/1689/1226 
f 449/545/449 1226/1689/1226 446/542/446 
f 1227/1690/1227 1228/1691/1228 1229/1692/1229 
f 1227/1690/1227 1229/1692/1229 1230/1693/1230 
f 652/748/652 1224/1694/1224 1216/1695/1216 
f 652/748/652 1216/1695/1216 653/749/653 
f 446/542/446 1226/1696/1226 1231/1697/1231 
f 446/542/446 1231/1697/1231 447/543/447 
f 839/935/839 1232/1698/1232 1233/1699/1233 
f 839/935/839 1233/1699/1233 840/936/840 
f 657/753/657 1234/1700/1234 1235/1701/1235 
f 657/753/657 1235/1701/1235 654/750/654 
f 447/543/447 1231/1702/1231 1236/1703/1236 
f 447/543/447 1236/1703/1236 448/544/448 
f 654/750/654 1235/1704/1235 1237/1705/1237 
f 654/750/654 1237/1705/1237 655/751/655 
f 448/544/448 1236/1706/1236 1225/1707/1225 
f 448/544/448 1225/1707/1225 449/545/449 
f 655/751/655 1237/1708/1237 1238/1709/1238 
f 655/751/655 1238/1709/1238 656/752/656 
f 453/549/453 1239/1710/1239 1240/1711/1240 
f 453/549/453 1240/1711/1240 450/546/450 
f 656/752/656 1238/1712/1238 1234/1713/1234 
f 656/752/656 1234/1713/1234 657/753/657 
f 450/546/450 1240/1714/1240 1241/1715/1241 
f 450/546/450 1241/1715/1241 451/547/451 
f 661/757/661 1242/1716/1242 1243/1717/1243 
f 661/757/661 1243/1717/1243 658/754/658 
f 451/547/451 1241/1718/1241 1244/1719/1244 
f 451/547/451 1244/1719/1244 452/548/452 
f 658/754/658 1243/1720/1243 1245/1721/1245 
f 658/754/658 1245/1721/1245 659/755/659 
f 452/548/452 1244/1722/1244 1239/1723/1239 
f 452/548/452 1239/1723/1239 453/549/453 
f 659/755/659 1245/1724/1245 1246/1725/1246 
f 659/755/659 1246/1725/1246 660/756/660 
f 457/553/457 1247/1726/1247 1248/1727/1248 
f 457/553/457 1248/1727/1248 454/550/454 
f 660/756/660 1246/1728/1246 1242/1729/1242 
f 660/756/660 1242/1729/1242 661/757/661 
f 454/550/454 1248/1730/1248 1249/1731/1249 
f 454/550/454 1249/1731/1249 455/551/455 
f 665/761/665 1250/1732/1250 1251/1733/1251 
f 665/761/665 1251/1733/1251 662/758/662 
f 455/551/455 1249/1734/1249 1252/1735/1252 
f 455/551/455 1252/1735/1252 456/552/456 
f 662/758/662 1251/1736/1251 1253/1737/1253 
f 662/758/662 1253/1737/1253 663/759/663 
f 456/552/456 1252/1738/1252 1247/1739/1247 
f 456/552/456 1247/1739/1247 457/553/457 
f 663/759/663 1253/1740/1253 1254/1741/1254 
f 663/759/663 1254/1741/1254 664/760/664 
f 461/557/461 1255/1742/1255 1256/1743/1256 
f 461/557/461 1256/1743/1256 458/554/458 
f 664/760/664 1254/1744/1254 1250/1745/1250 
f 664/760/664 1250/1745/1250 665/761/665 
f 458/554/458 1256/1746/1256 1257/1747/1257 
f 458/554/458 1257/1747/1257 459/555/459 
f 669/765/669 1258/1748/1258 1259/1749/1259 
f 669/765/669 1259/1749/1259 666/762/666 
f 459/555/459 1257/1750/1257 1260/1751/1260 
f 459/555/459 1260/1751/1260 460/556/460 
f 666/762/666 1259/1752/1259 1261/1753/1261 
f 666/762/666 1261/1753/1261 667/763/667 
f 460/556/460 1260/1754/1260 1255/1755/1255 
f 460/556/460 1255/1755/1255 461/557/461 
f 667/763/667 1261/1756/1261 1262/1757/1262 
f 667/763/667 1262/1757/1262 668/764/668 
f 465/561/465 1263/1758/1263 1264/1759/1264 
f 465/561/465 1264/1759/1264 462/558/462 
f 668/764/668 1262/1760/1262 1258/1761/1258 
f 668/764/668 1258/1761/1258 669/765/669 
f 462/558/462 1264/1762/1264 1265/1763/1265 
f 462/558/462 1265/1763/1265 463/559/463 
f 673/769/673 1266/1764/1266 1267/1765/1267 
f 673/769/673 1267/1765/1267 670/766/670 
f 463/559/463 1265/1766/1265 1268/1767/1268 
f 463/559/463 1268/1767/1268 464/560/464 
f 670/766/670 1267/1768/1267 1269/1769/1269 
f 670/766/670 1269/1769/1269 671/767/671 
f 464/560/464 1268/1770/1268 1263/1771/1263 
f 464/560/464 1263/1771/1263 465/561/465 
f 671/767/671 1269/1772/1269 1270/1773/1270 
f 671/767/671 1270/1773/1270 672/768/672 
f 469/565/469 1271/1774/1271 1272/1775/1272 
f 469/565/469 1272/1775/1272 466/562/466 
f 672/768/672 1270/1776/1270 1266/1777/1266 
f 672/768/672 1266/1777/1266 673/769/673 
f 466/562/466 1272/1778/1272 1273/1779/1273 
f 466/562/466 1273/1779/1273 467/563/467 
f 677/773/677 1274/1780/1274 1275/1781/1275 
f 677/773/677 1275/1781/1275 674/770/674 
f 467/563/467 1273/1782/1273 1276/1783/1276 
f 467/563/467 1276/1783/1276 468/564/468 
f 674/770/674 1275/1784/1275 1277/1785/1277 
f 674/770/674 1277/1785/1277 675/771/675 
f 468/564/468 1276/1786/1276 1271/1787/1271 
f 468/564/468 1271/1787/1271 469/565/469 
f 675/771/675 1277/1788/1277 1278/1789/1278 
f 675/771/675 1278/1789/1278 676/772/676 
f 473/569/473 1279/1790/1279 1280/1791/1280 
f 473/569/473 1280/1791/1280 470/566/470 
f 676/772/676 1278/1792/1278 1274/1793/1274 
f 676/772/676 1274/1793/1274 677/773/677 
f 470/566/470 1280/1794/1280 1281/1795/1281 
f 470/566/470 1281/1795/1281 471/567/471 
f 681/777/681 1282/1796/1282 1283/1797/1283 
f 681/777/681 1283/1797/1283 678/774/678 
f 471/567/471 1281/1798/1281 1284/1799/1284 
f 471/567/471 1284/1799/1284 472/568/472 
f 678/774/678 1283/1800/1283 1285/1801/1285 
f 678/774/678 1285/1801/1285 679/775/679 
f 472/568/472 1284/1802/1284 1279/1803/1279 
f 472/568/472 1279/1803/1279 473/569/473 
f 679/775/679 1285/1804/1285 1286/1805/1286 
f 679/775/679 1286/1805/1286 680/776/680 
f 477/573/477 1287/1806/1287 1288/1807/1288 
f 477/573/477 1288/1807/1288 474/570/474 
f 680/776/680 1286/1808/1286 1282/1809/1282 
f 680/776/680 1282/1809/1282 681/777/681 
f 474/570/474 1288/1810/1288 1289/1811/1289 
f 474/570/474 1289/1811/1289 475/571/475 
f 685/781/685 1290/1812/1290 1291/1813/1291 
f 685/781/685 1291/1813/1291 682/778/682 
f 475/571/475 1289/1814/1289 1292/1815/1292 
f 475/571/475 1292/1815/1292 476/572/476 
f 682/778/682 1291/1816/1291 1293/1817/1293 
f 682/778/682 1293/1817/1293 683/779/683 
f 476/572/476 1292/1818/1292 1287/1819/1287 
f 476/572/476 1287/1819/1287 477/573/477 
f 683/779/683 1293/1820/1293 1294/1821/1294 
f 683/779/683 1294/1821/1294 684/780/684 
f 481/577/481 1295/1822/1295 1296/1823/1296 
f 481/577/481 1296/1823/1296 478/574/478 
f 684/780/684 1294/1824/1294 1290/1825/1290 
f 684/780/684 1290/1825/1290 685/781/685 
f 478/574/478 1296/1826/1296 1297/1827/1297 
f 478/574/478 1297/1827/1297 479/575/479 
f 689/785/689 1298/1828/1298 1299/1829/1299 
f 689/785/689 1299/1829/1299 686/782/686 
f 479/575/479 1297/1830/1297 1300/1831/1300 
f 479/575/479 1300/1831/1300 480/576/480 
f 686/782/686 1299/1832/1299 1301/1833/1301 
f 686/782/686 1301/1833/1301 687/783/687 
f 480/576/480 1300/1834/1300 1295/1835/1295 
f 480/576/480 1295/1835/1295 481/577/481 
f 687/783/687 1301/1836/1301 1302/1837/1302 
f 687/783/687 1302/1837/1302 688/784/688 
f 485/581/485 1303/1838/1303 1304/1839/1304 
f 485/581/485 1304/1839/1304 482/578/482 
f 688/784/688 1302/1840/1302 1298/1841/1298 
f 688/784/688 1298/1841/1298 689/785/689 
f 482/578/482 1304/1842/1304 1305/1843/1305 
f 482/578/482 1305/1843/1305 483/579/483 
f 693/789/693 1306/1844/1306 1307/1845/1307 
f 693/789/693 1307/1845/1307 690/786/690 
f 483/579/483 1305/1846/1305 1308/1847/1308 
f 483/579/483 1308/1847/1308 484/580/484 
f 690/786/690 1307/1848/1307 1309/1849/1309 
f 690/786/690 1309/1849/1309 691/787/691 
f 484/580/484 1308/1850/1308 1303/1851/1303 
f 484/580/484 1303/1851/1303 485/581/485 
f 691/787/691 1309/1852/1309 1310/1853/1310 
f 691/787/691 1310/1853/1310 692/788/692 
f 489/585/489 1311/1854/1311 1312/1855/1312 
f 489/585/489 1312/1855/1312 486/582/486 
f 692/788/692 1310/1856/1310 1306/1857/1306 
f 692/788/692 1306/1857/1306 693/789/693 
f 486/582/486 1312/1858/1312 1313/1859/1313 
f 486/582/486 1313/1859/1313 487/583/487 
f 697/793/697 1314/1860/1314 1315/1861/1315 
f 697/793/697 1315/1861/1315 694/790/694 
f 487/583/487 1313/1862/1313 1316/1863/1316 
f 487/583/487 1316/1863/1316 488/584/488 
f 694/790/694 1315/1864/1315 1317/1865/1317 
f 694/790/694 1317/1865/1317 695/791/695 
f 488/584/488 1316/1866/1316 1311/1867/1311 
f 488/584/488 1311/1867/1311 489/585/489 
f 695/791/695 1317/1868/1317 1318/1869/1318 
f 695/791/695 1318/1869/1318 696/792/696 
f 493/589/493 1319/1870/1319 1320/1871/1320 
f 493/589/493 1320/1871/1320 490/586/490 
f 696/792/696 1318/1872/1318 1314/1873/1314 
f 696/792/696 1314/1873/1314 697/793/697 
f 490/586/490 1320/1874/1320 1321/1875/1321 
f 490/586/490 1321/1875/1321 491/587/491 
f 701/797/701 1322/1876/1322 1323/1877/1323 
f 701/797/701 1323/1877/1323 698/794/698 
f 491/587/491 1321/1878/1321 1324/1879/1324 
f 491/587/491 1324/1879/1324 492/588/492 
f 698/794/698 1323/1880/1323 1325/1881/1325 
f 698/794/698 1325/1881/1325 699/795/699 
f 492/588/492 1324/1882/1324 1319/1883/1319 
f 492/588/492 1319/1883/1319 493/589/493 
f 699/795/699 1325/1884/1325 1326/1885/1326 
f 699/795/699 1326/1885/1326 700/796/700 
f 497/593/497 1327/1886/1327 1328/1887/1328 
f 497/593/497 1328/1887/1328 494/590/494 
f 700/796/700 1326/1888/1326 1322/1889/1322 
f 700/796/700 1322/1889/1322 701/797/701 
f 494/590/494 1328/1890/1328 1329/1891/1329 
f 494/590/494 1329/1891/1329 495/591/495 
f 705/801/705 1330/1892/1330 1331/1893/1331 
f 705/801/705 1331/1893/1331 702/798/702 
f 495/591/495 1329/1894/1329 1332/1895/1332 
f 495/591/495 1332/1895/1332 496/592/496 
f 702/798/702 1331/1896/1331 1333/1897/1333 
f 702/798/702 1333/1897/1333 703/799/703 
f 496/592/496 1332/1898/1332 1327/1899/1327 
f 496/592/496 1327/1899/1327 497/593/497 
f 703/799/703 1333/1900/1333 1334/1901/1334 
f 703/799/703 1334/1901/1334 704/800/704 
f 501/597/501 847/1902/847 1335/1903/1335 
f 501/597/501 1335/1903/1335 498/594/498 
f 704/800/704 1334/1904/1334 1330/1905/1330 
f 704/800/704 1330/1905/1330 705/801/705 
f 498/594/498 1335/1906/1335 844/1907/844 
f 498/594/498 844/1907/844 499/595/499 
f 1336/1908/1336 1337/1909/1337 1214/1672/1214 
f 1336/1908/1336 1214/1672/1214 1213/1671/1213 
f 1338/1910/1338 1339/1911/1339 1340/1912/1340 
f 1338/1910/1338 1340/1912/1340 1341/1913/1341 
f 1341/1913/1341 1342/1914/1342 1343/1915/1343 
f 1341/1913/1341 1343/1915/1343 1338/1910/1338 
f 1338/1910/1338 1343/1916/1343 1344/1917/1344 
f 1338/1910/1338 1344/1917/1344 1339/1911/1339 
f 1339/1911/1339 1344/1918/1344 1345/1919/1345 
f 1339/1911/1339 1345/1919/1345 1340/1912/1340 
f 1340/1912/1340 1345/1920/1345 1342/1921/1342 
f 1340/1912/1340 1342/1921/1342 1341/1913/1341 
f 1346/1922/1346 1347/1923/1347 1348/1924/1348 
f 1346/1922/1346 1348/1924/1348 1349/1925/1349 
f 1349/1925/1349 1350/1926/1350 1351/1927/1351 
f 1349/1925/1349 1351/1927/1351 1346/1922/1346 
f 1346/1922/1346 1351/1928/1351 1352/1929/1352 
f 1346/1922/1346 1352/1929/1352 1347/1923/1347 
f 1347/1923/1347 1352/1930/1352 1353/1931/1353 
f 1347/1923/1347 1353/1931/1353 1348/1924/1348 
f 1348/1924/1348 1353/1932/1353 1350/1933/1350 
f 1348/1924/1348 1350/1933/1350 1349/1925/1349 
f 1354/1934/1354 1355/1935/1355 1213/1671/1213 
f 1354/1934/1354 1213/1671/1213 1212/1670/1212 
f 1356/1936/1356 1336/1908/1336 1213/1671/1213 
f 1356/1936/1356 1213/1671/1213 1355/1935/1355 
f 1357/1937/1357 1358/1938/1358 1336/1908/1336 
f 1357/1937/1357 1336/1908/1336 1356/1936/1356 
f 80/357/80 320/360/320 1359/1939/1359 
f 80/357/80 1359/1939/1359 1360/1940/1360 
f 63/65/63 65/67/65 1361/1941/1361 
f 63/65/63 1361/1941/1361 1362/1942/1362 
f 60/62/60 63/65/63 1362/1942/1362 
f 60/62/60 1362/1942/1362 1363/1943/1363 
f 1215/1944/1215 356/1945/356 355/1946/355 
f 1215/1944/1215 355/1946/355 1212/1947/1212 
f 1207/1661/1207 1206/1660/1206 1358/1938/1358 
f 1207/1661/1207 1358/1938/1358 1364/1948/1364 
f 65/67/65 67/69/67 1365/1949/1365 
f 65/67/65 1365/1949/1365 1361/1941/1361 
f 69/71/69 92/94/92 1366/1950/1366 
f 69/71/69 1366/1950/1366 1367/1951/1367 
f 67/69/67 69/71/69 1367/1951/1367 
f 67/69/67 1367/1951/1367 1365/1949/1365 
f 92/94/92 88/90/88 1368/1952/1368 
f 92/94/92 1368/1952/1368 1366/1950/1366 
f 88/90/88 81/83/81 1369/1953/1369 
f 88/90/88 1369/1953/1369 1368/1952/1368 
f 1370/1954/1370 60/62/60 1363/1943/1363 
f 1370/1954/1370 1363/1943/1363 1364/1955/1364 
f 327/1956/327 13/13/13 16/16/16 
f 327/1956/327 16/16/16 318/1957/318 
f 327/1956/327 318/1957/318 317/1958/317 
f 327/1956/327 317/1958/317 316/1959/316 
f 327/1956/327 316/1959/316 315/1960/315 
f 327/1956/327 315/1960/315 314/1961/314 
f 327/1956/327 314/1961/314 313/1962/313 
f 327/1956/327 313/1962/313 312/1963/312 
f 327/1956/327 312/1963/312 311/1964/311 
f 327/1956/327 311/1964/311 3/1965/3 
f 327/1956/327 3/1965/3 2/1966/2 
f 327/1956/327 2/1966/2 1371/1967/1371 
f 327/1956/327 1371/1967/1371 1359/1968/1359 
f 327/1956/327 1359/1968/1359 320/1969/320 
f 327/1956/327 320/1969/320 319/1970/319 
f 327/1956/327 319/1970/319 321/1971/321 
f 327/1956/327 321/1971/321 322/1972/322 
f 327/1956/327 322/1972/322 323/1973/323 
f 327/1956/327 323/1973/323 324/1974/324 
f 327/1956/327 324/1974/324 325/1975/325 
f 327/1956/327 325/1975/325 326/1976/326 
f 81/83/81 80/82/80 1360/1977/1360 
f 81/83/81 1360/1977/1360 1369/1953/1369 
f 120/123/120 123/126/123 294/304/294 
f 120/123/120 294/304/294 293/303/293 
f 125/128/125 127/130/127 298/308/298 
f 125/128/125 298/308/298 297/307/297 
f 127/130/127 129/132/129 301/311/301 
f 127/130/127 301/311/301 298/308/298 
f 152/155/152 148/151/148 305/315/305 
f 152/155/152 305/315/305 303/313/303 
f 129/132/129 152/155/152 303/313/303 
f 129/132/129 303/313/303 301/311/301 
f 148/151/148 141/144/141 307/317/307 
f 148/151/148 307/317/307 305/315/305 
f 141/144/141 140/143/140 309/319/309 
f 141/144/141 309/319/309 307/317/307 
f 140/356/140 318/355/318 16/322/16 
f 140/356/140 16/322/16 309/321/309 
f 123/126/123 125/128/125 297/307/297 
f 123/126/123 297/307/297 294/304/294 
f 346/1978/346 14/1979/14 13/392/13 
f 346/1978/346 13/392/13 330/391/330 
f 347/1980/347 346/1981/346 330/401/330 
f 347/1980/347 330/401/330 338/400/338 
f 348/1982/348 347/1980/347 338/400/338 
f 348/1982/348 338/400/338 339/402/339 
f 349/1983/349 348/1982/348 339/402/339 
f 349/1983/349 339/402/339 340/403/340 
f 351/1984/351 350/1985/350 341/404/341 
f 351/1984/351 341/404/341 342/405/342 
f 350/1985/350 349/1983/349 340/403/340 
f 350/1985/350 340/403/340 341/404/341 
f 352/1986/352 351/1984/351 342/405/342 
f 352/1986/352 342/405/342 343/406/343 
f 353/1987/353 352/1986/352 343/406/343 
f 353/1987/353 343/406/343 344/407/344 
f 354/1988/354 353/1987/353 344/407/344 
f 354/1988/354 344/407/344 345/410/345 
f 1358/1938/1358 1206/1660/1206 1337/1909/1337 
f 1358/1938/1358 1337/1909/1337 1336/1908/1336 
f 1372/1989/1372 1373/1990/1373 359/455/359 
f 1372/1989/1372 359/455/359 358/454/358 
f 1206/1660/1206 1205/1659/1205 1374/1991/1374 
f 1206/1660/1206 1374/1991/1374 1337/1909/1337 
f 1354/1992/1354 354/1988/354 345/410/345 
f 1354/1992/1354 345/410/345 1375/1993/1375 
f 361/1994/361 120/123/120 293/303/293 
f 361/1994/361 293/303/293 358/1995/358 
f 1370/1996/1370 1357/1937/1357 1356/1936/1356 
f 1370/1996/1370 1356/1936/1356 1375/1997/1375 
f 1205/1659/1205 360/456/360 359/455/359 
f 1205/1659/1205 359/455/359 1374/1991/1374 
f 1376/1998/1376 1371/1999/1371 2/2/2 
f 1376/1998/1376 2/2/2 1/1/1 
f 1377/2000/1377 1378/2001/1378 286/295/286 
f 1377/2000/1377 286/295/286 285/294/285 
f 1378/2001/1378 1379/2002/1379 287/296/287 
f 1378/2001/1378 287/296/287 286/295/286 
f 1380/2003/1380 1381/2004/1381 289/298/289 
f 1380/2003/1380 289/298/289 288/297/288 
f 1379/2002/1379 1380/2003/1380 288/297/288 
f 1379/2002/1379 288/297/288 287/296/287 
f 1381/2004/1381 1382/2005/1382 290/299/290 
f 1381/2004/1381 290/299/290 289/298/289 
f 1382/2005/1382 1383/2006/1383 291/300/291 
f 1382/2005/1382 291/300/291 290/299/290 
f 1383/2006/1383 1384/2007/1384 292/301/292 
f 1383/2006/1383 292/301/292 291/300/291 
f 361/2008/361 360/456/360 1205/1659/1205 
f 361/2008/361 1205/1659/1205 1204/1658/1204 
f 1384/2007/1384 1376/2009/1376 1/302/1 
f 1384/2007/1384 1/302/1 292/301/292 
f 1372/2010/1372 296/306/296 357/2011/357 
f 1372/2010/1372 357/2011/357 1385/2012/1385 
f 1207/2013/1207 1377/2000/1377 285/294/285 
f 1207/2013/1207 285/294/285 1204/2014/1204 
f 1337/1909/1337 1374/1991/1374 1386/2015/1386 
f 1337/1909/1337 1386/2015/1386 1214/1672/1214 
f 1360/1940/1360 1359/1939/1359 1371/1999/1371 
f 1360/1940/1360 1371/1999/1371 1376/1998/1376 
f 1215/1673/1215 1214/1672/1214 1386/2015/1386 
f 1215/1673/1215 1386/2015/1386 1385/2016/1385 
f 1363/1943/1363 1362/1942/1362 1378/2001/1378 
f 1363/1943/1363 1378/2001/1378 1377/2000/1377 
f 1362/1942/1362 1361/1941/1361 1379/2002/1379 
f 1362/1942/1362 1379/2002/1379 1378/2001/1378 
f 1385/2012/1385 357/2011/357 356/1945/356 
f 1385/2012/1385 356/1945/356 1215/1944/1215 
f 1388/2017/1388 1389/2018/1389 1390/2019/1390 
f 1390/2019/1390 1389/2018/1389 1391/2020/1391 
f 1390/2019/1390 1391/2020/1391 1417/2021/1417 
f 1422/2024/1422 1415/2025/1415 1416/2023/1416 
f 1422/2024/1422 1416/2023/1416 1421/2022/1421 
f 1423/2026/1423 1414/2027/1414 1415/2025/1415 
f 1423/2026/1423 1415/2025/1415 1422/2024/1422 
f 1424/2028/1424 1413/2029/1413 1414/2027/1414 
f 1424/2028/1424 1414/2027/1414 1423/2026/1423 
f 1425/2030/1425 1412/2031/1412 1413/2029/1413 
f 1425/2030/1425 1413/2029/1413 1424/2028/1424 
f 1426/2032/1426 1411/2033/1411 1412/2031/1412 
f 1426/2032/1426 1412/2031/1412 1425/2030/1425 
f 1427/2034/1427 1410/2035/1410 1411/2033/1411 
f 1427/2034/1427 1411/2033/1411 1426/2032/1426 
f 1428/2036/1428 1409/2037/1409 1410/2035/1410 
f 1428/2036/1428 1410/2035/1410 1427/2034/1427 
f 1429/2038/1429 1408/2039/1408 1409/2037/1409 
f 1429/2038/1429 1409/2037/1409 1428/2036/1428 
f 1430/2040/1430 1407/2041/1407 1408/2039/1408 
f 1430/2040/1430 1408/2039/1408 1429/2038/1429 
f 1431/2042/1431 1406/2043/1406 1407/2041/1407 
f 1431/2042/1431 1407/2041/1407 1430/2040/1430 
f 1432/2044/1432 1405/2045/1405 1406/2043/1406 
f 1432/2044/1432 1406/2043/1406 1431/2042/1431 
f 1433/2046/1433 1404/2047/1404 1405/2045/1405 
f 1433/2046/1433 1405/2045/1405 1432/2044/1432 
f 1434/2048/1434 1403/2049/1403 1404/2047/1404 
f 1434/2048/1434 1404/2047/1404 1433/2046/1433 
f 1435/2050/1435 1402/2051/1402 1403/2049/1403 
f 1435/2050/1435 1403/2049/1403 1434/2048/1434 
f 1436/2052/1436 1401/2053/1401 1402/2051/1402 
f 1436/2052/1436 1402/2051/1402 1435/2050/1435 
f 1437/2054/1437 1400/2055/1400 1401/2053/1401 
f 1437/2054/1437 1401/2053/1401 1436/2052/1436 
f 1438/2056/1438 1399/2057/1399 1400/2055/1400 
f 1438/2056/1438 1400/2055/1400 1437/2054/1437 
f 1439/2058/1439 1398/2059/1398 1399/2057/1399 
f 1439/2058/1439 1399/2057/1399 1438/2056/1438 
f 1440/2060/1440 1397/2061/1397 1398/2059/1398 
f 1440/2060/1440 1398/2059/1398 1439/2058/1439 
f 1441/2062/1441 1396/2063/1396 1397/2061/1397 
f 1441/2062/1441 1397/2061/1397 1440/2060/1440 
f 1442/2064/1442 1395/2065/1395 1396/2063/1396 
f 1442/2064/1442 1396/2063/1396 1441/2062/1441 
f 1443/2066/1443 1394/2067/1394 1395/2065/1395 
f 1443/2066/1443 1395/2065/1395 1442/2064/1442 
f 1444/2068/1444 1393/2069/1393 1394/2067/1394 
f 1444/2068/1444 1394/2067/1394 1443/2066/1443 
f 1445/2070/1445 1392/2071/1392 1393/2069/1393 
f 1445/2070/1445 1393/2069/1393 1444/2068/1444 
f 1417/2021/1417 1391/2020/1391 1392/2071/1392 
f 1417/2021/1417 1392/2071/1392 1445/2070/1445 
f 1446/2072/1446 1417/2073/1417 1445/2074/1445 
f 1446/2072/1446 1445/2074/1445 1447/2075/1447 
f 1447/2075/1447 1445/2074/1445 1444/2076/1444 
f 1447/2075/1447 1444/2076/1444 1448/2077/1448 
f 1448/2077/1448 1444/2076/1444 1443/2078/1443 
f 1448/2077/1448 1443/2078/1443 1449/2079/1449 
f 1449/2079/1449 1443/2078/1443 1442/2080/1442 
f 1449/2079/1449 1442/2080/1442 1450/2081/1450 
f 1450/2081/1450 1442/2080/1442 1441/2082/1441 
f 1450/2081/1450 1441/2082/1441 1451/2083/1451 
f 1451/2083/1451 1441/2082/1441 1440/2084/1440 
f 1451/2083/1451 1440/2084/1440 1452/2085/1452 
f 1452/2085/1452 1440/2084/1440 1439/2086/1439 
f 1452/2085/1452 1439/2086/1439 1453/2087/1453 
f 1453/2087/1453 1439/2086/1439 1438/2088/1438 
f 1453/2087/1453 1438/2088/1438 1454/2089/1454 
f 1454/2089/1454 1438/2088/1438 1437/2090/1437 
f 1454/2089/1454 1437/2090/1437 1455/2091/1455 
f 1455/2091/1455 1437/2090/1437 1436/2092/1436 
f 1455/2091/1455 1436/2092/1436 1456/2093/1456 
f 1456/2093/1456 1436/2092/1436 1435/2094/1435 
f 1456/2093/1456 1435/2094/1435 1457/2095/1457 
f 1457/2095/1457 1435/2094/1435 1434/2096/1434 
f 1457/2095/1457 1434/2096/1434 1458/2097/1458 
f 1458/2097/1458 1434/2096/1434 1433/2098/1433 
f 1458/2097/1458 1433/2098/1433 1459/2099/1459 
f 1459/2099/1459 1433/2098/1433 1432/2100/1432 
f 1459/2099/1459 1432/2100/1432 1460/2101/1460 
f 1460/2101/1460 1432/2100/1432 1431/2102/1431 
f 1460/2101/1460 1431/2102/1431 1461/2103/1461 
f 1461/2103/1461 1431/2102/1431 1430/2104/1430 
f 1461/2103/1461 1430/2104/1430 1462/2105/1462 
f 1462/2105/1462 1430/2104/1430 1429/2106/1429 
f 1462/2105/1462 1429/2106/1429 1463/2107/1463 
f 1463/2107/1463 1429/2106/1429 1428/2108/1428 
f 1463/2107/1463 1428/2108/1428 1464/2109/1464 
f 1464/2109/1464 1428/2108/1428 1427/2110/1427 
f 1464/2109/1464 1427/2110/1427 1465/2111/1465 
f 1465/2111/1465 1427/2110/1427 1426/2112/1426 
f 1465/2111/1465 1426/2112/1426 1466/2113/1466 
f 1466/2113/1466 1426/2112/1426 1425/2114/1425 
f 1466/2113/1466 1425/2114/1425 1467/2115/1467 
f 1467/2115/1467 1425/2114/1425 1424/2116/1424 
f 1467/2115/1467 1424/2116/1424 1468/2117/1468 
f 1468/2117/1468 1424/2116/1424 1423/2118/1423 
f 1468/2117/1468 1423/2118/1423 1469/2119/1469 
f 1469/2119/1469 1423/2118/1423 1422/2120/1422 
f 1469/2119/1469 1422/2120/1422 1470/2121/1470 
f 1470/2121/1470 1422/2120/1422 1421/2122/1421 
f 1470/2121/1470 1421/2122/1421 1471/2123/1471 
f 1471/2123/1471 1421/2122/1421 1420/2124/1420 
f 1471/2123/1471 1420/2124/1420 1472/2125/1472 
f 1472/2125/1472 1420/2124/1420 1419/2126/1419 
f 1472/2125/1472 1419/2126/1419 1473/2127/1473 
f 1473/2127/1473 1419/2126/1419 1418/2128/1418 
f 1473/2127/1473 1418/2128/1418 1474/2129/1474 
f 1474/2129/1474 1418/2128/1418 1387/2130/1387 
f 1474/2129/1474 1387/2130/1387 1475/2131/1475 
f 1476/2132/1476 1390/2133/1390 1417/2073/1417 
f 1476/2132/1476 1417/2073/1417 1446/2072/1446 
f 1477/2134/1477 1388/2135/1388 1390/2133/1390 
f 1477/2134/1477 1390/2133/1390 1476/2132/1476 
f 1475/2131/1475 1387/2130/1387 1388/2135/1388 
f 1475/2131/1475 1388/2135/1388 1477/2134/1477 
f 1204/2014/1204 285/294/285 120/123/120 
f 1204/2014/1204 120/123/120 361/1994/361 
f 1212/1947/1212 355/1946/355 354/1988/354 
f 1212/1947/1212 354/1988/354 1354/1992/1354 
f 1375/1993/1375 345/410/345 60/62/60 
f 1375/1993/1375 60/62/60 1370/1954/1370 
f 358/1995/358 293/303/293 296/306/296 
f 358/1995/358 296/306/296 1372/2010/1372 
f 1374/1991/1374 359/455/359 1373/1990/1373 
f 1374/1991/1374 1373/1990/1373 1386/2015/1386 
f 1385/2016/1385 1386/2015/1386 1373/1990/1373 
f 1385/2016/1385 1373/1990/1373 1372/2136/1372 
f 1375/1997/1375 1356/1936/1356 1355/1935/1355 
f 1375/1997/1375 1355/1935/1355 1354/2137/1354 
f 1364/1948/1364 1358/1938/1358 1357/1937/1357 
f 1364/1948/1364 1357/1937/1357 1370/2138/1370 
f 274/2139/274 239/243/239 9/9/9 
f 274/2139/274 9/9/9 1478/2140/1478 
f 1479/2141/1479 12/12/12 328/389/328 
f 1479/2141/1479 328/389/328 277/2142/277 
f 1478/2140/1478 9/9/9 12/12/12 
f 1478/2140/1478 12/12/12 1479/2141/1479 
f 277/2142/277 328/389/328 239/243/239 
f 277/2142/277 239/243/239 274/2139/274 
f 1480/2143/1480 276/281/276 275/280/275 
f 1480/2143/1480 275/280/275 1481/2144/1481 
f 277/2145/277 276/281/276 1480/2143/1480 
f 277/2145/277 1480/2143/1480 1479/2146/1479 
f 1479/2147/1479 1480/2143/1480 1481/2144/1481 
f 1479/2147/1479 1481/2144/1481 1478/2148/1478 
f 1478/2149/1478 1481/2144/1481 275/280/275 
f 1478/2149/1478 275/280/275 274/2150/274 
f 1230/1693/1230 1229/1692/1229 1482/2151/1482 
f 1230/1693/1230 1482/2151/1482 1483/2152/1483 
f 1483/2153/1483 1482/2154/1482 1484/2155/1484 
f 1483/2153/1483 1484/2155/1484 1485/2156/1485 
f 1486/2157/1486 1487/2158/1487 1488/2159/1488 
f 1486/2157/1486 1488/2159/1488 1489/2160/1489 
f 1490/2161/1490 1491/2162/1491 1492/2163/1492 
f 1490/2161/1490 1492/2163/1492 1221/2164/1221 
f 1490/2161/1490 1221/2164/1221 1220/2165/1220 
f 1227/1690/1227 1230/1693/1230 1483/2166/1483 
f 1227/1690/1227 1483/2166/1483 1493/2167/1493 
f 1493/2168/1493 1483/2153/1483 1485/2156/1485 
f 1493/2168/1493 1485/2156/1485 1494/2169/1494 
f 1486/2157/1486 1489/2170/1489 1495/2171/1495 
f 1486/2157/1486 1495/2171/1495 1494/2172/1494 
f 1486/2157/1486 1494/2172/1494 838/934/838 
f 1486/2157/1486 838/934/838 841/937/841 
f 1491/2173/1491 1496/2174/1496 1497/2175/1497 
f 1491/2173/1491 1497/2175/1497 1492/2176/1492 
f 840/936/840 1233/1699/1233 1498/2177/1498 
f 840/936/840 1498/2177/1498 841/937/841 
f 1222/1684/1222 1228/1691/1228 1227/1690/1227 
f 1222/1684/1222 1227/1690/1227 1223/1685/1223 
f 1489/2170/1489 1488/2178/1488 1497/2179/1497 
f 1489/2170/1489 1497/2179/1497 1496/2180/1496 
f 1489/2170/1489 1496/2180/1496 1499/2181/1499 
f 1500/2167/1500 1220/2165/1220 1223/1685/1223 
f 1500/2167/1500 1223/1685/1223 1227/1690/1227 
f 841/937/841 1498/2177/1498 1487/2158/1487 
f 841/937/841 1487/2158/1487 1486/2157/1486 
f 1500/2182/1500 1493/2168/1493 1494/2169/1494 
f 1500/2182/1500 1494/2169/1494 1495/2183/1495 
f 1500/2167/1500 1501/2184/1501 1502/2185/1502 
f 1500/2167/1500 1502/2185/1502 1503/2186/1503 
f 1500/2167/1500 1503/2186/1503 1504/2187/1504 
f 1500/2167/1500 1504/2187/1504 1505/2188/1505 
f 1500/2167/1500 1505/2188/1505 1506/2189/1506 
f 1500/2167/1500 1506/2189/1506 1507/2190/1507 
f 1500/2167/1500 1507/2190/1507 1491/2162/1491 
f 1500/2167/1500 1491/2162/1491 1490/2161/1490 
f 1500/2167/1500 1490/2161/1490 1220/2165/1220 
f 1496/2180/1496 1508/2191/1508 1509/2192/1509 
f 1496/2180/1496 1509/2192/1509 1510/2193/1510 
f 1496/2180/1496 1510/2193/1510 1511/2194/1511 
f 1496/2180/1496 1511/2194/1511 1512/2195/1512 
f 1496/2180/1496 1512/2195/1512 1513/2196/1513 
f 1496/2180/1496 1513/2196/1513 1514/2197/1514 
f 1496/2180/1496 1514/2197/1514 1495/2171/1495 
f 1496/2180/1496 1495/2171/1495 1489/2170/1489 
f 1496/2180/1496 1489/2170/1489 1499/2181/1499 
f 1496/2174/1496 1491/2173/1491 1507/2198/1507 
f 1496/2174/1496 1507/2198/1507 1508/2199/1508 
f 1508/2199/1508 1507/2198/1507 1506/2200/1506 
f 1508/2199/1508 1506/2200/1506 1509/2201/1509 
f 1509/2201/1509 1506/2200/1506 1505/2202/1505 
f 1509/2201/1509 1505/2202/1505 1510/2203/1510 
f 1510/2203/1510 1505/2202/1505 1504/2204/1504 
f 1510/2203/1510 1504/2204/1504 1511/2205/1511 
f 1511/2205/1511 1504/2204/1504 1503/2206/1503 
f 1511/2205/1511 1503/2206/1503 1512/2207/1512 
f 1512/2207/1512 1503/2206/1503 1502/2208/1502 
f 1512/2207/1512 1502/2208/1502 1513/2209/1513 
f 1513/2209/1513 1502/2208/1502 1501/2210/1501 
f 1513/2209/1513 1501/2210/1501 1514/2211/1514 
f 1514/2211/1514 1501/2210/1501 1500/2182/1500 
f 1514/2211/1514 1500/2182/1500 1495/2183/1495 
f 1515/2212/1515 1516/2213/1516 1517/2214/1517 
f 1515/2212/1515 1517/2214/1517 1518/2215/1518 
f 1518/2215/1518 1519/2216/1519 1520/2217/1520 
f 1518/2215/1518 1520/2217/1520 1515/2212/1515 
f 1515/2212/1515 1520/2218/1520 1521/2219/1521 
f 1515/2212/1515 1521/2219/1521 1516/2213/1516 
f 1516/2213/1516 1521/2220/1521 1522/2221/1522 
f 1516/2213/1516 1522/2221/1522 1517/2214/1517 
f 1517/2214/1517 1522/2222/1522 1519/2223/1519 
f 1517/2214/1517 1519/2223/1519 1518/2215/1518 
f 1523/2224/1523 1524/2225/1524 1525/2226/1525 
f 1523/2224/1523 1525/2226/1525 1526/2227/1526 
f 1526/2227/1526 1527/2228/1527 1528/2229/1528 
f 1526/2227/1526 1528/2229/1528 1523/2224/1523 
f 1523/2224/1523 1528/2230/1528 1529/2231/1529 
f 1523/2224/1523 1529/2231/1529 1524/2225/1524 
f 1524/2225/1524 1529/2232/1529 1530/2233/1530 
f 1524/2225/1524 1530/2233/1530 1525/2226/1525 
f 1525/2226/1525 1530/2234/1530 1527/2235/1527 
f 1525/2226/1525 1527/2235/1527 1526/2227/1526 
f 1531/2236/1531 1532/2237/1532 1533/2238/1533 
f 1531/2236/1531 1533/2238/1533 1534/2239/1534 
f 1534/2239/1534 1535/2240/1535 1536/2241/1536 
f 1534/2239/1534 1536/2241/1536 1531/2236/1531 
f 1531/2236/1531 1536/2242/1536 1537/2243/1537 
f 1531/2236/1531 1537/2243/1537 1532/2237/1532 
f 1532/2237/1532 1537/2244/1537 1538/2245/1538 
f 1532/2237/1532 1538/2245/1538 1533/2238/1533 
f 1533/2238/1533 1538/2246/1538 1535/2247/1535 
f 1533/2238/1533 1535/2247/1535 1534/2239/1534 
f 1539/2248/1539 1540/2249/1540 1541/2250/1541 
f 1539/2248/1539 1541/2250/1541 1542/2251/1542 
f 1542/2251/1542 1543/2252/1543 1544/2253/1544 
f 1542/2251/1542 1544/2253/1544 1539/2248/1539 
f 1539/2248/1539 1544/2254/1544 1545/2255/1545 
f 1539/2248/1539 1545/2255/1545 1540/2249/1540 
f 1540/2249/1540 1545/2256/1545 1546/2257/1546 
f 1540/2249/1540 1546/2257/1546 1541/2250/1541 
f 1541/2250/1541 1546/2258/1546 1543/2259/1543 
f 1541/2250/1541 1543/2259/1543 1542/2251/1542 
f 1547/2260/1547 1548/2261/1548 1549/2262/1549 
f 1547/2260/1547 1549/2262/1549 1550/2263/1550 
f 1550/2263/1550 1551/2264/1551 1552/2265/1552 
f 1550/2263/1550 1552/2265/1552 1547/2260/1547 
f 1547/2260/1547 1552/2266/1552 1553/2267/1553 
f 1547/2260/1547 1553/2267/1553 1548/2261/1548 
f 1548/2261/1548 1553/2268/1553 1554/2269/1554 
f 1548/2261/1548 1554/2269/1554 1549/2262/1549 
f 1549/2262/1549 1554/2270/1554 1551/2271/1551 
f 1549/2262/1549 1551/2271/1551 1550/2263/1550 
f 1555/2272/1555 1556/2273/1556 1557/2274/1557 
f 1555/2272/1555 1557/2274/1557 1558/2275/1558 
f 1558/2275/1558 1559/2276/1559 1560/2277/1560 
f 1558/2275/1558 1560/2277/1560 1555/2272/1555 
f 1555/2272/1555 1560/2278/1560 1561/2279/1561 
f 1555/2272/1555 1561/2279/1561 1556/2273/1556 
f 1556/2273/1556 1561/2280/1561 1562/2281/1562 
f 1556/2273/1556 1562/2281/1562 1557/2274/1557 
f 1557/2274/1557 1562/2282/1562 1559/2283/1559 
f 1557/2274/1557 1559/2283/1559 1558/2275/1558 
f 1563/2284/1563 1564/2285/1564 1565/2286/1565 
f 1563/2284/1563 1565/2286/1565 1566/2287/1566 
f 1566/2287/1566 1567/2288/1567 1568/2289/1568 
f 1566/2287/1566 1568/2289/1568 1563/2284/1563 
f 1563/2284/1563 1568/2290/1568 1569/2291/1569 
f 1563/2284/1563 1569/2291/1569 1564/2285/1564 
f 1564/2285/1564 1569/2292/1569 1570/2293/1570 
f 1564/2285/1564 1570/2293/1570 1565/2286/1565 
f 1565/2286/1565 1570/2294/1570 1567/2295/1567 
f 1565/2286/1565 1567/2295/1567 1566/2287/1566 
f 1571/2296/1571 1572/2297/1572 1573/2298/1573 
f 1571/2296/1571 1573/2298/1573 1574/2299/1574 
f 1574/2299/1574 1575/2300/1575 1576/2301/1576 
f 1574/2299/1574 1576/2301/1576 1571/2296/1571 
f 1571/2296/1571 1576/2302/1576 1577/2303/1577 
f 1571/2296/1571 1577/2303/1577 1572/2297/1572 
f 1572/2297/1572 1577/2304/1577 1578/2305/1578 
f 1572/2297/1572 1578/2305/1578 1573/2298/1573 
f 1573/2298/1573 1578/2306/1578 1575/2307/1575 
f 1573/2298/1573 1575/2307/1575 1574/2299/1574 
f 1579/2308/1579 1580/2309/1580 1581/2310/1581 
f 1579/2308/1579 1581/2310/1581 1582/2311/1582 
f 1582/2311/1582 1583/2312/1583 1584/2313/1584 
f 1582/2311/1582 1584/2313/1584 1579/2308/1579 
f 1579/2308/1579 1584/2314/1584 1585/2315/1585 
f 1579/2308/1579 1585/2315/1585 1580/2309/1580 
f 1580/2309/1580 1585/2316/1585 1586/2317/1586 
f 1580/2309/1580 1586/2317/1586 1581/2310/1581 
f 1581/2310/1581 1586/2318/1586 1583/2319/1583 
f 1581/2310/1581 1583/2319/1583 1582/2311/1582 
f 1587/2320/1587 1588/2321/1588 1589/2322/1589 
f 1587/2320/1587 1589/2322/1589 1590/2323/1590 
f 1590/2323/1590 1591/2324/1591 1592/2325/1592 
f 1590/2323/1590 1592/2325/1592 1587/2320/1587 
f 1587/2320/1587 1592/2326/1592 1593/2327/1593 
f 1587/2320/1587 1593/2327/1593 1588/2321/1588 
f 1588/2321/1588 1593/2328/1593 1594/2329/1594 
f 1588/2321/1588 1594/2329/1594 1589/2322/1589 
f 1589/2322/1589 1594/2330/1594 1591/2331/1591 
f 1589/2322/1589 1591/2331/1591 1590/2323/1590 
f 1595/2332/1595 1596/2333/1596 1597/2334/1597 
f 1595/2332/1595 1597/2334/1597 1598/2335/1598 
f 1598/2335/1598 1599/2336/1599 1600/2337/1600 
f 1598/2335/1598 1600/2337/1600 1595/2332/1595 
f 1595/2332/1595 1600/2338/1600 1601/2339/1601 
f 1595/2332/1595 1601/2339/1601 1596/2333/1596 
f 1596/2333/1596 1601/2340/1601 1602/2341/1602 
f 1596/2333/1596 1602/2341/1602 1597/2334/1597 
f 1597/2334/1597 1602/2342/1602 1599/2343/1599 
f 1597/2334/1597 1599/2343/1599 1598/2335/1598 
f 1603/2344/1603 1604/2345/1604 1605/2346/1605 
f 1603/2344/1603 1605/2346/1605 1606/2347/1606 
f 1606/2347/1606 1607/2348/1607 1608/2349/1608 
f 1606/2347/1606 1608/2349/1608 1603/2344/1603 
f 1603/2344/1603 1608/2350/1608 1609/2351/1609 
f 1603/2344/1603 1609/2351/1609 1604/2345/1604 
f 1604/2345/1604 1609/2352/1609 1610/2353/1610 
f 1604/2345/1604 1610/2353/1610 1605/2346/1605 
f 1605/2346/1605 1610/2354/1610 1607/2355/1607 
f 1605/2346/1605 1607/2355/1607 1606/2347/1606 
f 1611/2356/1611 1612/2357/1612 1613/2358/1613 
f 1611/2356/1611 1613/2358/1613 1614/2359/1614 
f 1614/2359/1614 1615/2360/1615 1616/2361/1616 
f 1614/2359/1614 1616/2361/1616 1611/2356/1611 
f 1611/2356/1611 1616/2362/1616 1617/2363/1617 
f 1611/2356/1611 1617/2363/1617 1612/2357/1612 
f 1612/2357/1612 1617/2364/1617 1618/2365/1618 
f 1612/2357/1612 1618/2365/1618 1613/2358/1613 
f 1613/2358/1613 1618/2366/1618 1615/2367/1615 
f 1613/2358/1613 1615/2367/1615 1614/2359/1614 
f 1619/2368/1619 1620/2369/1620 1621/2370/1621 
f 1619/2368/1619 1621/2370/1621 1622/2371/1622 
f 1622/2371/1622 1623/2372/1623 1624/2373/1624 
f 1622/2371/1622 1624/2373/1624 1619/2368/1619 
f 1619/2368/1619 1624/2374/1624 1625/2375/1625 
f 1619/2368/1619 1625/2375/1625 1620/2369/1620 
f 1620/2369/1620 1625/2376/1625 1626/2377/1626 
f 1620/2369/1620 1626/2377/1626 1621/2370/1621 
f 1621/2370/1621 1626/2378/1626 1623/2379/1623 
f 1621/2370/1621 1623/2379/1623 1622/2371/1622 
f 1627/2380/1627 1628/2381/1628 1629/2382/1629 
f 1627/2380/1627 1629/2382/1629 1630/2383/1630 
f 1630/2383/1630 1631/2384/1631 1632/2385/1632 
f 1630/2383/1630 1632/2385/1632 1627/2380/1627 
f 1627/2380/1627 1632/2386/1632 1633/2387/1633 
f 1627/2380/1627 1633/2387/1633 1628/2381/1628 
f 1628/2381/1628 1633/2388/1633 1634/2389/1634 
f 1628/2381/1628 1634/2389/1634 1629/2382/1629 
f 1629/2382/1629 1634/2390/1634 1631/2391/1631 
f 1629/2382/1629 1631/2391/1631 1630/2383/1630 
f 1635/2392/1635 1636/2393/1636 1637/2394/1637 
f 1635/2392/1635 1637/2394/1637 1638/2395/1638 
f 1638/2395/1638 1639/2396/1639 1640/2397/1640 
f 1638/2395/1638 1640/2397/1640 1635/2392/1635 
f 1635/2392/1635 1640/2398/1640 1641/2399/1641 
f 1635/2392/1635 1641/2399/1641 1636/2393/1636 
f 1636/2393/1636 1641/2400/1641 1642/2401/1642 
f 1636/2393/1636 1642/2401/1642 1637/2394/1637 
f 1637/2394/1637 1642/2402/1642 1639/2403/1639 
f 1637/2394/1637 1639/2403/1639 1638/2395/1638 
f 1643/2404/1643 1644/2405/1644 1645/2406/1645 
f 1643/2404/1643 1645/2406/1645 1646/2407/1646 
f 1646/2407/1646 1647/2408/1647 1648/2409/1648 
f 1646/2407/1646 1648/2409/1648 1643/2404/1643 
f 1643/2404/1643 1648/2410/1648 1649/2411/1649 
f 1643/2404/1643 1649/2411/1649 1644/2405/1644 
f 1644/2405/1644 1649/2412/1649 1650/2413/1650 
f 1644/2405/1644 1650/2413/1650 1645/2406/1645 
f 1645/2406/1645 1650/2414/1650 1647/2415/1647 
f 1645/2406/1645 1647/2415/1647 1646/2407/1646 
f 1651/2416/1651 1652/2417/1652 1653/2418/1653 
f 1651/2416/1651 1653/2418/1653 1654/2419/1654 
f 1654/2419/1654 1655/2420/1655 1656/2421/1656 
f 1654/2419/1654 1656/2421/1656 1651/2416/1651 
f 1651/2416/1651 1656/2422/1656 1657/2423/1657 
f 1651/2416/1651 1657/2423/1657 1652/2417/1652 
f 1652/2417/1652 1657/2424/1657 1658/2425/1658 
f 1652/2417/1652 1658/2425/1658 1653/2418/1653 
f 1653/2418/1653 1658/2426/1658 1655/2427/1655 
f 1653/2418/1653 1655/2427/1655 1654/2419/1654 
f 1659/2428/1659 1660/2429/1660 1661/2430/1661 
f 1659/2428/1659 1661/2430/1661 1662/2431/1662 
f 1662/2431/1662 1663/2432/1663 1664/2433/1664 
f 1662/2431/1662 1664/2433/1664 1659/2428/1659 
f 1659/2428/1659 1664/2434/1664 1665/2435/1665 
f 1659/2428/1659 1665/2435/1665 1660/2429/1660 
f 1660/2429/1660 1665/2436/1665 1666/2437/1666 
f 1660/2429/1660 1666/2437/1666 1661/2430/1661 
f 1661/2430/1661 1666/2438/1666 1663/2439/1663 
f 1661/2430/1661 1663/2439/1663 1662/2431/1662 
f 1667/2440/1667 1668/2441/1668 1669/2442/1669 
f 1667/2440/1667 1669/2442/1669 1670/2443/1670 
f 1670/2443/1670 1671/2444/1671 1672/2445/1672 
f 1670/2443/1670 1672/2445/1672 1667/2440/1667 
f 1667/2440/1667 1672/2446/1672 1673/2447/1673 
f 1667/2440/1667 1673/2447/1673 1668/2441/1668 
f 1668/2441/1668 1673/2448/1673 1674/2449/1674 
f 1668/2441/1668 1674/2449/1674 1669/2442/1669 
f 1669/2442/1669 1674/2450/1674 1671/2451/1671 
f 1669/2442/1669 1671/2451/1671 1670/2443/1670 
f 1675/2452/1675 1676/2453/1676 1677/2454/1677 
f 1675/2452/1675 1677/2454/1677 1678/2455/1678 
f 1678/2455/1678 1679/2456/1679 1680/2457/1680 
f 1678/2455/1678 1680/2457/1680 1675/2452/1675 
f 1675/2452/1675 1680/2458/1680 1681/2459/1681 
f 1675/2452/1675 1681/2459/1681 1676/2453/1676 
f 1676/2453/1676 1681/2460/1681 1682/2461/1682 
f 1676/2453/1676 1682/2461/1682 1677/2454/1677 
f 1677/2454/1677 1682/2462/1682 1679/2463/1679 
f 1677/2454/1677 1679/2463/1679 1678/2455/1678 
f 1683/2464/1683 1684/2465/1684 1685/2466/1685 
f 1683/2464/1683 1685/2466/1685 1686/2467/1686 
f 1686/2467/1686 1687/2468/1687 1688/2469/1688 
f 1686/2467/1686 1688/2469/1688 1683/2464/1683 
f 1683/2464/1683 1688/2470/1688 1689/2471/1689 
f 1683/2464/1683 1689/2471/1689 1684/2465/1684 
f 1684/2465/1684 1689/2472/1689 1690/2473/1690 
f 1684/2465/1684 1690/2473/1690 1685/2466/1685 
f 1685/2466/1685 1690/2474/1690 1687/2475/1687 
f 1685/2466/1685 1687/2475/1687 1686/2467/1686 
f 1691/2476/1691 1692/2477/1692 1693/2478/1693 
f 1691/2476/1691 1693/2478/1693 1694/2479/1694 
f 1694/2479/1694 1695/2480/1695 1696/2481/1696 
f 1694/2479/1694 1696/2481/1696 1691/2476/1691 
f 1691/2476/1691 1696/2482/1696 1697/2483/1697 
f 1691/2476/1691 1697/2483/1697 1692/2477/1692 
f 1692/2477/1692 1697/2484/1697 1698/2485/1698 
f 1692/2477/1692 1698/2485/1698 1693/2478/1693 
f 1693/2478/1693 1698/2486/1698 1695/2487/1695 
f 1693/2478/1693 1695/2487/1695 1694/2479/1694 
f 1699/2488/1699 1700/2489/1700 1701/2490/1701 
f 1699/2488/1699 1701/2490/1701 1702/2491/1702 
f 1702/2491/1702 1703/2492/1703 1704/2493/1704 
f 1702/2491/1702 1704/2493/1704 1699/2488/1699 
f 1699/2488/1699 1704/2494/1704 1705/2495/1705 
f 1699/2488/1699 1705/2495/1705 1700/2489/1700 
f 1700/2489/1700 1705/2496/1705 1706/2497/1706 
f 1700/2489/1700 1706/2497/1706 1701/2490/1701 
f 1701/2490/1701 1706/2498/1706 1703/2499/1703 
f 1701/2490/1701 1703/2499/1703 1702/2491/1702 
f 1707/2500/1707 1708/2501/1708 1709/2502/1709 
f 1707/2500/1707 1709/2502/1709 1710/2503/1710 
f 1710/2503/1710 1711/2504/1711 1712/2505/1712 
f 1710/2503/1710 1712/2505/1712 1707/2500/1707 
f 1707/2500/1707 1712/2506/1712 1713/2507/1713 
f 1707/2500/1707 1713/2507/1713 1708/2501/1708 
f 1708/2501/1708 1713/2508/1713 1714/2509/1714 
f 1708/2501/1708 1714/2509/1714 1709/2502/1709 
f 1709/2502/1709 1714/2510/1714 1711/2511/1711 
f 1709/2502/1709 1711/2511/1711 1710/2503/1710 
f 1715/2512/1715 1716/2513/1716 1717/2514/1717 
f 1715/2512/1715 1717/2514/1717 1718/2515/1718 
f 1718/2515/1718 1719/2516/1719 1720/2517/1720 
f 1718/2515/1718 1720/2517/1720 1715/2512/1715 
f 1715/2512/1715 1720/2518/1720 1721/2519/1721 
f 1715/2512/1715 1721/2519/1721 1716/2513/1716 
f 1716/2513/1716 1721/2520/1721 1722/2521/1722 
f 1716/2513/1716 1722/2521/1722 1717/2514/1717 
f 1717/2514/1717 1722/2522/1722 1719/2523/1719 
f 1717/2514/1717 1719/2523/1719 1718/2515/1718 
f 1723/2524/1723 1724/2525/1724 1725/2526/1725 
f 1723/2524/1723 1725/2526/1725 1726/2527/1726 
f 1726/2527/1726 1727/2528/1727 1728/2529/1728 
f 1726/2527/1726 1728/2529/1728 1723/2524/1723 
f 1723/2524/1723 1728/2530/1728 1729/2531/1729 
f 1723/2524/1723 1729/2531/1729 1724/2525/1724 
f 1724/2525/1724 1729/2532/1729 1730/2533/1730 
f 1724/2525/1724 1730/2533/1730 1725/2526/1725 
f 1725/2526/1725 1730/2534/1730 1727/2535/1727 
f 1725/2526/1725 1727/2535/1727 1726/2527/1726 
f 1731/2536/1731 1732/2537/1732 1733/2538/1733 
f 1731/2536/1731 1733/2538/1733 1734/2539/1734 
f 1734/2539/1734 1735/2540/1735 1736/2541/1736 
f 1734/2539/1734 1736/2541/1736 1731/2536/1731 
f 1731/2536/1731 1736/2542/1736 1737/2543/1737 
f 1731/2536/1731 1737/2543/1737 1732/2537/1732 
f 1732/2537/1732 1737/2544/1737 1738/2545/1738 
f 1732/2537/1732 1738/2545/1738 1733/2538/1733 
f 1733/2538/1733 1738/2546/1738 1735/2547/1735 
f 1733/2538/1733 1735/2547/1735 1734/2539/1734 
f 1739/2548/1739 1740/2549/1740 1741/2550/1741 
f 1739/2548/1739 1741/2550/1741 1742/2551/1742 
f 1742/2551/1742 1743/2552/1743 1744/2553/1744 
f 1742/2551/1742 1744/2553/1744 1739/2548/1739 
f 1739/2548/1739 1744/2554/1744 1745/2555/1745 
f 1739/2548/1739 1745/2555/1745 1740/2549/1740 
f 1740/2549/1740 1745/2556/1745 1746/2557/1746 
f 1740/2549/1740 1746/2557/1746 1741/2550/1741 
f 1741/2550/1741 1746/2558/1746 1743/2559/1743 
f 1741/2550/1741 1743/2559/1743 1742/2551/1742 
f 1747/2560/1747 1748/2561/1748 1749/2562/1749 
f 1747/2560/1747 1749/2562/1749 1750/2563/1750 
f 1750/2563/1750 1751/2564/1751 1752/2565/1752 
f 1750/2563/1750 1752/2565/1752 1747/2560/1747 
f 1747/2560/1747 1752/2566/1752 1753/2567/1753 
f 1747/2560/1747 1753/2567/1753 1748/2561/1748 
f 1748/2561/1748 1753/2568/1753 1754/2569/1754 
f 1748/2561/1748 1754/2569/1754 1749/2562/1749 
f 1749/2562/1749 1754/2570/1754 1751/2571/1751 
f 1749/2562/1749 1751/2571/1751 1750/2563/1750 
f 1755/2572/1755 1756/2573/1756 1757/2574/1757 
f 1755/2572/1755 1757/2574/1757 1758/2575/1758 
f 1758/2575/1758 1759/2576/1759 1760/2577/1760 
f 1758/2575/1758 1760/2577/1760 1755/2572/1755 
f 1755/2572/1755 1760/2578/1760 1761/2579/1761 
f 1755/2572/1755 1761/2579/1761 1756/2573/1756 
f 1756/2573/1756 1761/2580/1761 1762/2581/1762 
f 1756/2573/1756 1762/2581/1762 1757/2574/1757 
f 1757/2574/1757 1762/2582/1762 1759/2583/1759 
f 1757/2574/1757 1759/2583/1759 1758/2575/1758 
f 1485/2584/1485 1484/2585/1484 1232/1698/1232 
f 1485/2584/1485 1232/1698/1232 839/935/839 
f 1494/2172/1494 1485/2586/1485 839/935/839 
f 1494/2172/1494 839/935/839 838/934/838 
f 1361/1941/1361 1365/1949/1365 1380/2003/1380 
f 1361/1941/1361 1380/2003/1380 1379/2002/1379 
f 1365/1949/1365 1367/1951/1367 1381/2004/1381 
f 1365/1949/1365 1381/2004/1381 1380/2003/1380 
f 1367/1951/1367 1366/1950/1366 1382/2005/1382 
f 1367/1951/1367 1382/2005/1382 1381/2004/1381 
f 1366/1950/1366 1368/1952/1368 1383/2006/1383 
f 1366/1950/1366 1383/2006/1383 1382/2005/1382 
f 1368/1952/1368 1369/1953/1369 1384/2007/1384 
f 1368/1952/1368 1384/2007/1384 1383/2006/1383 
f 1364/1955/1364 1363/1943/1363 1377/2000/1377 
f 1364/1955/1364 1377/2000/1377 1207/2013/1207 
f 1369/1953/1369 1360/1977/1360 1376/2009/1376 
f 1369/1953/1369 1376/2009/1376 1384/2007/1384 
