# Blender 5.0.1
# www.blender.org
mtllib control.mtl
o Plane
v -2.349550 -0.033338 1.671716
v -2.135936 0.000000 1.567189
v -2.271221 -0.033338 1.732237
v -2.348045 -0.026834 1.671716
v -2.343588 -0.020580 1.671716
v -2.336349 -0.014816 1.671716
v -2.326608 -0.009764 1.671716
v -2.348045 -0.033338 1.683523
v -2.346275 -0.026551 1.683885
v -2.341510 -0.020246 1.683904
v -2.334408 -0.014794 1.683797
v -2.325538 -0.010248 1.683737
v -2.343588 -0.033338 1.694877
v -2.341489 -0.026549 1.695449
v -2.336735 -0.020401 1.695145
v -2.330340 -0.015403 1.694437
v -2.322714 -0.011429 1.694030
v -2.336349 -0.033338 1.705340
v -2.334332 -0.026642 1.705439
v -2.330310 -0.020805 1.704285
v -2.325369 -0.016304 1.702639
v -2.319301 -0.012874 1.701761
v -2.316444 -0.014090 1.706658
v -2.271221 -0.000641 1.683523
v -2.271221 -0.002538 1.694877
v -2.271221 -0.005618 1.705340
v -2.271221 -0.009764 1.714511
v -2.286502 -0.000641 1.671716
v -2.286970 -0.001394 1.684037
v -2.286994 -0.003422 1.695483
v -2.286857 -0.006445 1.705381
v -2.286779 -0.010220 1.713632
v -2.301196 -0.002538 1.671716
v -2.301937 -0.003431 1.684040
v -2.301544 -0.005454 1.695201
v -2.300627 -0.008176 1.704275
v -2.300101 -0.011422 1.711490
v -2.314738 -0.005618 1.671716
v -2.314866 -0.006477 1.683872
v -2.313372 -0.008189 1.694469
v -2.311242 -0.010292 1.702639
v -2.310106 -0.012874 1.708865
v -2.286502 -0.033338 1.731074
v -2.301196 -0.033338 1.727630
v -2.314738 -0.033338 1.722037
v -2.326608 -0.033338 1.714511
v -2.271221 -0.026834 1.731074
v -2.287167 -0.026635 1.729707
v -2.301981 -0.026625 1.726025
v -2.314791 -0.026683 1.720538
v -2.325471 -0.026716 1.713684
v -2.271221 -0.020580 1.727630
v -2.287171 -0.020265 1.726009
v -2.301616 -0.020432 1.722335
v -2.313360 -0.020822 1.717394
v -2.322698 -0.021046 1.711502
v -2.271221 -0.014816 1.722037
v -2.286953 -0.014762 1.720479
v -2.300669 -0.015398 1.717371
v -2.311242 -0.016304 1.713554
v -2.319301 -0.016788 1.708865
v 2.271221 -0.033338 1.732237
v 2.135936 0.000000 1.567189
v 2.349550 -0.033338 1.671716
v 2.271221 -0.026834 1.731074
v 2.271221 -0.020580 1.727630
v 2.271221 -0.014816 1.722037
v 2.271221 -0.009764 1.714511
v 2.286502 -0.033338 1.731074
v 2.286970 -0.026551 1.729707
v 2.286994 -0.020246 1.726025
v 2.286857 -0.014794 1.720538
v 2.286779 -0.010248 1.713684
v 2.301196 -0.033338 1.727630
v 2.301937 -0.026549 1.726009
v 2.301544 -0.020401 1.722335
v 2.300627 -0.015403 1.717394
v 2.300101 -0.011429 1.711502
v 2.314738 -0.033338 1.722037
v 2.314866 -0.026642 1.720479
v 2.313372 -0.020805 1.717371
v 2.311242 -0.016304 1.713554
v 2.310106 -0.012874 1.708865
v 2.316444 -0.014090 1.706658
v 2.286502 -0.000641 1.671716
v 2.301196 -0.002538 1.671716
v 2.314738 -0.005618 1.671716
v 2.326608 -0.009764 1.671716
v 2.271221 -0.000641 1.683523
v 2.287167 -0.001394 1.683885
v 2.301981 -0.003422 1.683904
v 2.314791 -0.006445 1.683797
v 2.325471 -0.010220 1.683737
v 2.271221 -0.002538 1.694877
v 2.287171 -0.003431 1.695449
v 2.301616 -0.005454 1.695145
v 2.313360 -0.008176 1.694437
v 2.322698 -0.011422 1.694030
v 2.271221 -0.005618 1.705340
v 2.286953 -0.006477 1.705439
v 2.300669 -0.008189 1.704285
v 2.311242 -0.010292 1.702639
v 2.319301 -0.012874 1.701761
v 2.348045 -0.033338 1.683523
v 2.343588 -0.033338 1.694877
v 2.336349 -0.033338 1.705340
v 2.326608 -0.033338 1.714511
v 2.348045 -0.026834 1.671716
v 2.346275 -0.026635 1.684037
v 2.341510 -0.026625 1.695483
v 2.334408 -0.026683 1.705381
v 2.325538 -0.026716 1.713632
v 2.343588 -0.020580 1.671716
v 2.341489 -0.020265 1.684040
v 2.336735 -0.020432 1.695201
v 2.330340 -0.020822 1.704275
v 2.322714 -0.021046 1.711490
v 2.336349 -0.014816 1.671716
v 2.334332 -0.014762 1.683872
v 2.330310 -0.015398 1.694469
v 2.325369 -0.016304 1.702639
v 2.319301 -0.016788 1.708865
v -2.349550 -0.033338 -1.789894
v -2.271221 -0.033338 -1.850415
v -2.129618 0.000000 -1.680486
v -2.348045 -0.033338 -1.801701
v -2.343588 -0.033338 -1.813055
v -2.336349 -0.033338 -1.823518
v -2.326608 -0.033338 -1.832689
v -2.348045 -0.026834 -1.789894
v -2.346275 -0.026635 -1.802215
v -2.341510 -0.026625 -1.813661
v -2.334408 -0.026683 -1.823559
v -2.325538 -0.026716 -1.831810
v -2.343588 -0.020580 -1.789894
v -2.341489 -0.020265 -1.802218
v -2.336735 -0.020432 -1.813379
v -2.330340 -0.020822 -1.822453
v -2.322714 -0.021046 -1.829668
v -2.336349 -0.014816 -1.789894
v -2.334332 -0.014762 -1.802050
v -2.330310 -0.015398 -1.812647
v -2.325369 -0.016304 -1.820817
v -2.319301 -0.016788 -1.827043
v -2.316444 -0.014090 -1.824836
v -2.271221 -0.026834 -1.849252
v -2.271221 -0.020580 -1.845808
v -2.271221 -0.014816 -1.840215
v -2.271221 -0.009764 -1.832689
v -2.286502 -0.033338 -1.849252
v -2.286970 -0.026551 -1.847885
v -2.286994 -0.020246 -1.844203
v -2.286857 -0.014794 -1.838716
v -2.286779 -0.010248 -1.831862
v -2.301196 -0.033338 -1.845808
v -2.301937 -0.026549 -1.844187
v -2.301544 -0.020401 -1.840513
v -2.300627 -0.015403 -1.835572
v -2.300101 -0.011429 -1.829680
v -2.314738 -0.033338 -1.840215
v -2.314866 -0.026642 -1.838657
v -2.313372 -0.020805 -1.835549
v -2.311242 -0.016304 -1.831732
v -2.310106 -0.012874 -1.827043
v -2.286502 -0.000641 -1.789894
v -2.301196 -0.002538 -1.789894
v -2.314738 -0.005618 -1.789894
v -2.326608 -0.009764 -1.789894
v -2.271221 -0.000641 -1.801701
v -2.287167 -0.001394 -1.802063
v -2.301981 -0.003422 -1.802082
v -2.314791 -0.006445 -1.801975
v -2.325471 -0.010220 -1.801915
v -2.271221 -0.002538 -1.813055
v -2.287171 -0.003431 -1.813627
v -2.301616 -0.005454 -1.813323
v -2.313360 -0.008176 -1.812615
v -2.322698 -0.011422 -1.812208
v -2.271221 -0.005618 -1.823518
v -2.286953 -0.006477 -1.823617
v -2.300669 -0.008189 -1.822463
v -2.311242 -0.010292 -1.820817
v -2.319301 -0.012874 -1.819939
v 2.349550 -0.033338 -1.789894
v 2.129618 0.000000 -1.680486
v 2.271221 -0.033338 -1.850415
v 2.348045 -0.026834 -1.789894
v 2.343588 -0.020580 -1.789894
v 2.336349 -0.014816 -1.789894
v 2.326608 -0.009764 -1.789894
v 2.348045 -0.033338 -1.801701
v 2.346275 -0.026551 -1.802063
v 2.341510 -0.020246 -1.802082
v 2.334408 -0.014794 -1.801975
v 2.325538 -0.010248 -1.801915
v 2.343588 -0.033338 -1.813055
v 2.341489 -0.026549 -1.813627
v 2.336735 -0.020401 -1.813323
v 2.330340 -0.015403 -1.812615
v 2.322714 -0.011429 -1.812208
v 2.336349 -0.033338 -1.823518
v 2.334332 -0.026642 -1.823617
v 2.330310 -0.020805 -1.822463
v 2.325369 -0.016304 -1.820817
v 2.319301 -0.012874 -1.819939
v 2.316444 -0.014090 -1.824836
v 2.271221 -0.000641 -1.801701
v 2.271221 -0.002538 -1.813055
v 2.271221 -0.005618 -1.823518
v 2.271221 -0.009764 -1.832689
v 2.286502 -0.000641 -1.789894
v 2.286970 -0.001394 -1.802215
v 2.286994 -0.003422 -1.813661
v 2.286857 -0.006445 -1.823559
v 2.286779 -0.010220 -1.831810
v 2.301196 -0.002538 -1.789894
v 2.301937 -0.003431 -1.802218
v 2.301544 -0.005454 -1.813379
v 2.300627 -0.008176 -1.822453
v 2.300101 -0.011422 -1.829668
v 2.314738 -0.005618 -1.789894
v 2.314866 -0.006477 -1.802050
v 2.313372 -0.008189 -1.812647
v 2.311242 -0.010292 -1.820817
v 2.310106 -0.012874 -1.827043
v 2.286502 -0.033338 -1.849252
v 2.301196 -0.033338 -1.845808
v 2.314738 -0.033338 -1.840215
v 2.326608 -0.033338 -1.832689
v 2.271221 -0.026834 -1.849252
v 2.287167 -0.026635 -1.847885
v 2.301981 -0.026625 -1.844203
v 2.314791 -0.026683 -1.838716
v 2.325471 -0.026716 -1.831862
v 2.271221 -0.020580 -1.845808
v 2.287171 -0.020265 -1.844187
v 2.301616 -0.020432 -1.840513
v 2.313360 -0.020822 -1.835572
v 2.322698 -0.021046 -1.829680
v 2.271221 -0.014816 -1.840215
v 2.286953 -0.014762 -1.838657
v 2.300669 -0.015398 -1.835549
v 2.311242 -0.016304 -1.831732
v 2.319301 -0.016788 -1.827043
v -2.271221 -0.336309 -1.850415
v -2.349550 -0.336309 -1.789894
v -2.286502 -0.336309 -1.849252
v -2.301196 -0.336309 -1.845808
v -2.314738 -0.336309 -1.840215
v -2.326608 -0.336309 -1.832689
v -2.336349 -0.336309 -1.823518
v -2.343588 -0.336309 -1.813055
v -2.348045 -0.336309 -1.801701
v -2.349550 -0.336309 1.671716
v -2.271221 -0.336309 1.732237
v -2.348045 -0.336309 1.683523
v -2.343588 -0.336309 1.694877
v -2.336349 -0.336309 1.705340
v -2.326608 -0.336309 1.714511
v -2.314738 -0.336309 1.722037
v -2.301196 -0.336309 1.727630
v -2.286502 -0.336309 1.731074
v 2.271221 -0.336309 1.732237
v 2.349550 -0.336309 1.671716
v 2.286502 -0.336309 1.731074
v 2.301196 -0.336309 1.727630
v 2.314738 -0.336309 1.722037
v 2.326608 -0.336309 1.714511
v 2.336349 -0.336309 1.705340
v 2.343588 -0.336309 1.694877
v 2.348045 -0.336309 1.683523
v 2.349550 -0.336309 -1.789894
v 2.271221 -0.336309 -1.850415
v 2.348045 -0.336309 -1.801701
v 2.343588 -0.336309 -1.813055
v 2.336349 -0.336309 -1.823518
v 2.326608 -0.336309 -1.832689
v 2.314738 -0.336309 -1.840215
v 2.301196 -0.336309 -1.845808
v 2.286502 -0.336309 -1.849252
v -2.129618 0.000000 0.283380
v -2.135936 0.000000 0.505168
v -2.286502 -0.000641 0.392788
v -2.286502 -0.000641 0.400640
v -2.301196 -0.002538 0.392788
v -2.301196 -0.002538 0.400640
v -2.314738 -0.005618 0.392788
v -2.314738 -0.005618 0.400640
v -2.326608 -0.009764 0.392788
v -2.326608 -0.009764 0.400640
v -2.336349 -0.014816 0.392788
v -2.336349 -0.014816 0.400640
v -2.343588 -0.020580 0.392788
v -2.343588 -0.020580 0.400640
v -2.348045 -0.026834 0.392788
v -2.348045 -0.026834 0.400640
v -2.349550 -0.033338 0.392788
v -2.349550 -0.033338 0.400640
v 2.135936 0.000000 0.505168
v 2.129618 0.000000 0.283380
v 2.286502 -0.000641 0.400640
v 2.286502 -0.000641 0.392788
v 2.301196 -0.002538 0.400640
v 2.301196 -0.002538 0.392788
v 2.314738 -0.005618 0.400640
v 2.314738 -0.005618 0.392788
v 2.326608 -0.009764 0.400640
v 2.326608 -0.009764 0.392788
v 2.336349 -0.014816 0.400640
v 2.336349 -0.014816 0.392788
v 2.343588 -0.020580 0.400640
v 2.343588 -0.020580 0.392788
v 2.348045 -0.026834 0.400640
v 2.348045 -0.026834 0.392788
v 2.349550 -0.033338 0.392788
v 2.349550 -0.033338 0.400640
v -2.349550 -0.336309 0.400640
v -2.349550 -0.336309 0.392788
v 2.349550 -0.336309 0.392788
v 2.349550 -0.336309 0.400640
v 1.274557 0.018795 -0.510656
v 1.426696 0.018795 -0.510656
v 1.274557 0.018795 -0.662794
v 1.426696 0.018795 -0.662794
v 0.708646 0.018795 -0.510656
v 0.860784 0.018795 -0.510656
v 0.708646 0.018795 -0.662794
v 0.860784 0.018795 -0.662794
v 0.898590 0.018795 -0.510656
v 1.050729 0.018795 -0.510656
v 0.898590 0.018795 -0.662794
v 1.050729 0.018795 -0.662794
v 1.084613 0.018795 -0.510656
v 1.236751 0.018795 -0.510656
v 1.084613 0.018795 -0.662794
v 1.236751 0.018795 -0.662794
v 1.274557 0.018795 -0.702059
v 1.426696 0.018795 -0.702059
v 1.274557 0.018795 -0.854197
v 1.426696 0.018795 -0.854197
v 0.708646 0.018795 -0.702059
v 0.860784 0.018795 -0.702059
v 0.708646 0.018795 -0.854197
v 0.860784 0.018795 -0.854197
v 0.898590 0.018795 -0.702059
v 1.050729 0.018795 -0.702059
v 0.898590 0.018795 -0.854197
v 1.050729 0.018795 -0.854197
v 1.084613 0.018795 -0.702059
v 1.236751 0.018795 -0.702059
v 1.084613 0.018795 -0.854197
v 1.236751 0.018795 -0.854197
v 1.275473 0.018795 -0.890898
v 1.427612 0.018795 -0.890898
v 1.275473 0.018795 -1.043036
v 1.427612 0.018795 -1.043036
v 0.709562 0.018795 -0.890898
v 0.861700 0.018795 -0.890898
v 0.709562 0.018795 -1.043036
v 0.861700 0.018795 -1.043036
v 0.899506 0.018795 -0.890898
v 1.051645 0.018795 -0.890898
v 0.899506 0.018795 -1.043036
v 1.051645 0.018795 -1.043036
v 1.085529 0.018795 -0.890898
v 1.237667 0.018795 -0.890898
v 1.085529 0.018795 -1.043036
v 1.237667 0.018795 -1.043036
v 1.274557 0.018795 -1.083841
v 1.426696 0.018795 -1.083841
v 1.274557 0.018795 -1.235979
v 1.426696 0.018795 -1.235979
v 0.708646 0.018795 -1.083841
v 0.860784 0.018795 -1.083841
v 0.708646 0.018795 -1.235979
v 0.860784 0.018795 -1.235979
v 0.898590 0.018795 -1.083841
v 1.050729 0.018795 -1.083841
v 0.898590 0.018795 -1.235979
v 1.050729 0.018795 -1.235979
v 1.084613 0.018795 -1.083841
v 1.236751 0.018795 -1.083841
v 1.084613 0.018795 -1.235979
v 1.236751 0.018795 -1.235979
v 1.274557 0.018795 -1.270665
v 1.426696 0.018795 -1.270665
v 1.274557 0.018795 -1.422803
v 1.426696 0.018795 -1.422803
v 0.708646 0.018795 -1.270665
v 0.860784 0.018795 -1.270665
v 0.708646 0.018795 -1.422803
v 0.860784 0.018795 -1.422803
v 0.898590 0.018795 -1.270665
v 1.050729 0.018795 -1.270665
v 0.898590 0.018795 -1.422803
v 1.050729 0.018795 -1.422803
v 1.084613 0.018795 -1.270665
v 1.236751 0.018795 -1.270665
v 1.084613 0.018795 -1.422803
v 1.236751 0.018795 -1.422803
v 1.274557 0.018795 -1.460969
v 1.426696 0.018795 -1.460969
v 1.274557 0.018795 -1.613107
v 1.426696 0.018795 -1.613107
v 0.708646 0.018795 -1.460969
v 0.860784 0.018795 -1.460969
v 0.708646 0.018795 -1.613107
v 0.860784 0.018795 -1.613107
v 0.898590 0.018795 -1.460969
v 1.050729 0.018795 -1.460969
v 0.898590 0.018795 -1.613107
v 1.050729 0.018795 -1.613107
v 1.084613 0.018795 -1.460969
v 1.236751 0.018795 -1.460969
v 1.084613 0.018795 -1.613107
v 1.236751 0.018795 -1.613107
v 1.526770 0.018795 -0.510656
v 1.678908 0.018795 -0.510656
v 1.526770 0.018795 -0.662794
v 1.678908 0.018795 -0.662794
v 1.526770 0.018795 -0.702059
v 1.678908 0.018795 -0.702059
v 1.526770 0.018795 -0.854197
v 1.678908 0.018795 -0.854197
v 1.527686 0.018795 -0.890898
v 1.679824 0.018795 -0.890898
v 1.527686 0.018795 -1.043036
v 1.679824 0.018795 -1.043036
v 1.526770 0.018795 -1.083841
v 1.678908 0.018795 -1.083841
v 1.526770 0.018795 -1.235979
v 1.678908 0.018795 -1.235979
v 1.526770 0.018795 -1.270665
v 1.678908 0.018795 -1.270665
v 1.526770 0.018795 -1.422803
v 1.678908 0.018795 -1.422803
v 1.526770 0.018795 -1.460969
v 1.678908 0.018795 -1.460969
v 1.526770 0.018795 -1.613107
v 1.678908 0.018795 -1.613107
v 1.713594 0.018795 -0.510656
v 1.865732 0.018795 -0.510656
v 1.713594 0.018795 -0.662794
v 1.865732 0.018795 -0.662794
v 1.713594 0.018795 -0.702059
v 1.865732 0.018795 -0.702059
v 1.713594 0.018795 -0.854197
v 1.865732 0.018795 -0.854197
v 1.714510 0.018795 -0.890898
v 1.866648 0.018795 -0.890898
v 1.714510 0.018795 -1.043036
v 1.866648 0.018795 -1.043036
v 1.713594 0.018795 -1.083841
v 1.865732 0.018795 -1.083841
v 1.713594 0.018795 -1.235979
v 1.865732 0.018795 -1.235979
v 1.713594 0.018795 -1.270665
v 1.865732 0.018795 -1.270665
v 1.713594 0.018795 -1.422803
v 1.865732 0.018795 -1.422803
v 1.713594 0.018795 -1.460969
v 1.865732 0.018795 -1.460969
v 1.713594 0.018795 -1.613107
v 1.865732 0.018795 -1.613107
v 1.903532 0.018795 -0.510656
v 2.055670 0.018795 -0.510656
v 1.903532 0.018795 -0.662794
v 2.055670 0.018795 -0.662794
v 1.903532 0.018795 -0.702059
v 2.055670 0.018795 -0.702059
v 1.903532 0.018795 -0.854197
v 2.055670 0.018795 -0.854197
v 1.904448 0.018795 -0.890898
v 2.056586 0.018795 -0.890898
v 1.904448 0.018795 -1.043036
v 2.056586 0.018795 -1.043036
v 1.903532 0.018795 -1.083841
v 2.055670 0.018795 -1.083841
v 1.903532 0.018795 -1.235979
v 2.055670 0.018795 -1.235979
v 1.903532 0.018795 -1.270665
v 2.055670 0.018795 -1.270665
v 1.903532 0.018795 -1.422803
v 2.055670 0.018795 -1.422803
v 1.903532 0.018795 -1.460969
v 2.055670 0.018795 -1.460969
v 1.903532 0.018795 -1.613107
v 2.055670 0.018795 -1.613107
v 1.274557 0.018795 -0.187927
v 1.426696 0.018795 -0.187927
v 1.274557 0.018795 -0.340065
v 1.426696 0.018795 -0.340065
v 0.708646 0.018795 -0.187927
v 0.860784 0.018795 -0.187927
v 0.708646 0.018795 -0.340065
v 0.860784 0.018795 -0.340065
v 0.898590 0.018795 -0.187927
v 1.050729 0.018795 -0.187927
v 0.898590 0.018795 -0.340065
v 1.050729 0.018795 -0.340065
v 1.084613 0.018795 -0.187927
v 1.236751 0.018795 -0.187927
v 1.084613 0.018795 -0.340065
v 1.236751 0.018795 -0.340065
v 1.274557 0.018795 0.190301
v 1.426696 0.018795 0.190301
v 1.274557 0.018795 0.038162
v 1.426696 0.018795 0.038162
v 0.708646 0.018795 0.190301
v 0.860784 0.018795 0.190301
v 0.708646 0.018795 0.038162
v 0.860784 0.018795 0.038162
v 0.898590 0.018795 0.190301
v 1.050729 0.018795 0.190301
v 0.898590 0.018795 0.038162
v 1.050729 0.018795 0.038162
v 1.084613 0.018795 0.190301
v 1.236751 0.018795 0.190301
v 1.084613 0.018795 0.038162
v 1.236751 0.018795 0.038162
v 1.236751 0.018795 -0.150860
v 1.084613 0.018795 -0.150860
v 1.236751 0.018795 0.001279
v 1.084613 0.018795 0.001279
v 1.050729 0.018795 -0.150860
v 0.898590 0.018795 -0.150860
v 1.050729 0.018795 0.001279
v 0.898590 0.018795 0.001279
v 0.860784 0.018795 -0.150860
v 0.708646 0.018795 -0.150860
v 0.860784 0.018795 0.001279
v 0.708646 0.018795 0.001279
v 1.426696 0.018795 -0.150860
v 1.274557 0.018795 -0.150860
v 1.426696 0.018795 0.001279
v 1.274557 0.018795 0.001279
v 1.903348 0.018795 -0.000187
v 2.055487 0.018795 -0.000187
v 1.903348 0.018795 -0.152325
v 2.055487 0.018795 -0.152325
v 1.527382 0.018795 -0.000187
v 1.679520 0.018795 -0.000187
v 1.527382 0.018795 -0.152325
v 1.679520 0.018795 -0.152325
v 1.713404 0.018795 -0.000187
v 1.865543 0.018795 -0.000187
v 1.713404 0.018795 -0.152325
v 1.865543 0.018795 -0.152325
v 1.903348 0.018795 0.189568
v 2.055487 0.018795 0.189568
v 1.903348 0.018795 0.037429
v 2.055487 0.018795 0.037429
v 1.527382 0.018795 0.189568
v 1.679520 0.018795 0.189568
v 1.527382 0.018795 0.037429
v 1.679520 0.018795 0.037429
v 1.713404 0.018795 0.189568
v 1.865543 0.018795 0.189568
v 1.713404 0.018795 0.037429
v 1.865543 0.018795 0.037429
v 1.713594 0.018795 -0.324951
v 1.865732 0.018795 -0.324951
v 1.713594 0.018795 -0.477090
v 1.865732 0.018795 -0.477090
v 1.902171 0.018795 -0.312461
v 2.065863 0.018795 -0.312461
v 1.902171 0.018795 -0.476153
v 2.065863 0.018795 -0.476153
v -1.992294 0.018795 0.192367
v -1.865363 0.018795 0.192367
v -1.992294 0.018795 0.065436
v -1.865363 0.018795 0.065436
v -1.615721 0.018795 0.192367
v -1.488790 0.018795 0.192367
v -1.615721 0.018795 0.065436
v -1.488790 0.018795 0.065436
v -1.376494 0.018795 0.192367
v -1.249563 0.018795 0.192367
v -1.376494 0.018795 0.065436
v -1.249563 0.018795 0.065436
v -1.141242 0.018795 0.192367
v -1.014311 0.018795 0.192367
v -1.141242 0.018795 0.065436
v -1.014311 0.018795 0.065436
v -0.900691 0.018795 0.192367
v -0.773760 0.018795 0.192367
v -0.900691 0.018795 0.065436
v -0.773760 0.018795 0.065436
v -0.661605 0.018795 0.192367
v -0.534674 0.018795 0.192367
v -0.661605 0.018795 0.065436
v -0.534674 0.018795 0.065436
v -0.422379 0.018795 0.192367
v -0.295448 0.018795 0.192367
v -0.422379 0.018795 0.065436
v -0.295448 0.018795 0.065436
v -0.187127 0.018795 0.192367
v -0.060196 0.018795 0.192367
v -0.187127 0.018795 0.065436
v -0.060196 0.018795 0.065436
v 0.053424 0.018795 0.192367
v 0.180356 0.018795 0.192367
v 0.053424 0.018795 0.065436
v 0.180356 0.018795 0.065436
v 0.441475 0.018795 0.192367
v 0.568406 0.018795 0.192367
v 0.441475 0.018795 0.065436
v 0.568406 0.018795 0.065436
v 0.445505 0.018795 -0.187098
v 0.572436 0.018795 -0.187098
v 0.445505 0.018795 -0.314029
v 0.572436 0.018795 -0.314029
v 0.445505 0.018795 -0.344943
v 0.572436 0.018795 -0.344943
v 0.445505 0.018795 -0.471874
v 0.572436 0.018795 -0.471874
v 0.445505 0.018795 -0.500227
v 0.572436 0.018795 -0.500227
v 0.445505 0.018795 -0.627158
v 0.572436 0.018795 -0.627158
v 0.445505 0.018795 -0.656571
v 0.572436 0.018795 -0.656571
v 0.445505 0.018795 -0.783502
v 0.572436 0.018795 -0.783502
v 0.445505 0.018795 -0.816805
v 0.572436 0.018795 -0.816805
v 0.445505 0.018795 -0.943736
v 0.572436 0.018795 -0.943736
v 0.445505 0.018795 -0.974650
v 0.572436 0.018795 -0.974650
v 0.445505 0.018795 -1.101581
v 0.572436 0.018795 -1.101581
v 0.445505 0.018795 -1.129934
v 0.572436 0.018795 -1.129934
v 0.445505 0.018795 -1.256865
v 0.572436 0.018795 -1.256865
v 0.445505 0.018795 -1.286278
v 0.572436 0.018795 -1.286278
v 0.445505 0.018795 -1.413209
v 0.572436 0.018795 -1.413209
v -1.294167 0.018795 1.010268
v -1.151991 0.018795 1.010268
v -1.294167 0.018795 0.868093
v -1.151991 0.018795 0.868093
v -1.102786 0.018795 1.010268
v -0.960610 0.018795 1.010268
v -1.102786 0.018795 0.868093
v -0.960610 0.018795 0.868093
v -0.912361 0.018795 1.010268
v -0.770186 0.018795 1.010268
v -0.912361 0.018795 0.868093
v -0.770186 0.018795 0.868093
v -1.294167 0.018795 1.248441
v -1.151991 0.018795 1.248441
v -1.294167 0.018795 1.106265
v -1.151991 0.018795 1.106265
v -1.102786 0.018795 1.248441
v -0.960610 0.018795 1.248441
v -1.102786 0.018795 1.106265
v -0.960610 0.018795 1.106265
v -0.912361 0.018795 1.248441
v -0.770186 0.018795 1.248441
v -0.912361 0.018795 1.106265
v -0.770186 0.018795 1.106265
v -1.294167 0.018795 1.480678
v -1.151991 0.018795 1.480678
v -1.294167 0.018795 1.338503
v -1.151991 0.018795 1.338503
v -1.102786 0.018795 1.480678
v -0.960610 0.018795 1.480678
v -1.102786 0.018795 1.338503
v -0.960610 0.018795 1.338503
v -0.912361 0.018795 1.480678
v -0.770186 0.018795 1.480678
v -0.912361 0.018795 1.338503
v -0.770186 0.018795 1.338503
v -0.612259 0.018795 1.010268
v -0.470084 0.018795 1.010268
v -0.612259 0.018795 0.868093
v -0.470084 0.018795 0.868093
v -0.420878 0.018795 1.010268
v -0.278702 0.018795 1.010268
v -0.420878 0.018795 0.868093
v -0.278702 0.018795 0.868093
v -0.230453 0.018795 1.010268
v -0.088278 0.018795 1.010268
v -0.230453 0.018795 0.868093
v -0.088278 0.018795 0.868093
v -0.612259 0.018795 1.248441
v -0.470084 0.018795 1.248441
v -0.612259 0.018795 1.106265
v -0.470084 0.018795 1.106265
v -0.420878 0.018795 1.248441
v -0.278702 0.018795 1.248441
v -0.420878 0.018795 1.106265
v -0.278702 0.018795 1.106265
v -0.230453 0.018795 1.248441
v -0.088278 0.018795 1.248441
v -0.230453 0.018795 1.106265
v -0.088278 0.018795 1.106265
v -0.612259 0.018795 1.480678
v -0.470084 0.018795 1.480678
v -0.612259 0.018795 1.338503
v -0.470084 0.018795 1.338503
v -0.420878 0.018795 1.480678
v -0.278702 0.018795 1.480678
v -0.420878 0.018795 1.338503
v -0.278702 0.018795 1.338503
v -0.230453 0.018795 1.480678
v -0.088278 0.018795 1.480678
v -0.230453 0.018795 1.338503
v -0.088278 0.018795 1.338503
v 0.069466 0.018795 1.010268
v 0.211641 0.018795 1.010268
v 0.069466 0.018795 0.868093
v 0.211641 0.018795 0.868093
v 0.260847 0.018795 1.010268
v 0.403022 0.018795 1.010268
v 0.260847 0.018795 0.868093
v 0.403022 0.018795 0.868093
v 0.451272 0.018795 1.010268
v 0.593447 0.018795 1.010268
v 0.451272 0.018795 0.868093
v 0.593447 0.018795 0.868093
v 0.069466 0.018795 1.248441
v 0.211641 0.018795 1.248441
v 0.069466 0.018795 1.106265
v 0.211641 0.018795 1.106265
v 0.260847 0.018795 1.248441
v 0.403022 0.018795 1.248441
v 0.260847 0.018795 1.106265
v 0.403022 0.018795 1.106265
v 0.451272 0.018795 1.248441
v 0.593447 0.018795 1.248441
v 0.451272 0.018795 1.106265
v 0.593447 0.018795 1.106265
v 0.069466 0.018795 1.480678
v 0.211641 0.018795 1.480678
v 0.069466 0.018795 1.338503
v 0.211641 0.018795 1.338503
v 0.260847 0.018795 1.480678
v 0.403022 0.018795 1.480678
v 0.260847 0.018795 1.338503
v 0.403022 0.018795 1.338503
v 0.451272 0.018795 1.480678
v 0.593447 0.018795 1.480678
v 0.451272 0.018795 1.338503
v 0.593447 0.018795 1.338503
v -0.612259 0.018795 0.776555
v -0.470084 0.018795 0.776555
v -0.612259 0.018795 0.634379
v -0.470084 0.018795 0.634379
v -0.420878 0.018795 0.776555
v -0.278702 0.018795 0.776555
v -0.420878 0.018795 0.634379
v -0.278702 0.018795 0.634379
v -0.230453 0.018795 0.776555
v -0.088278 0.018795 0.776555
v -0.230453 0.018795 0.634379
v -0.088278 0.018795 0.634379
v 0.069466 0.018795 0.776555
v 0.211641 0.018795 0.776555
v 0.069466 0.018795 0.634379
v 0.211641 0.018795 0.634379
v 0.260847 0.018795 0.776555
v 0.403022 0.018795 0.776555
v 0.260847 0.018795 0.634379
v 0.403022 0.018795 0.634379
v 0.451272 0.018795 0.776555
v 0.593447 0.018795 0.776555
v 0.451272 0.018795 0.634379
v 0.593447 0.018795 0.634379
v 0.810901 0.018795 1.480678
v 0.953076 0.018795 1.480678
v 0.810901 0.018795 1.338503
v 0.953076 0.018795 1.338503
v 1.002282 0.018795 1.480678
v 1.144457 0.018795 1.480678
v 1.002282 0.018795 1.338503
v 1.144457 0.018795 1.338503
v 1.192707 0.018795 1.480678
v 1.334882 0.018795 1.480678
v 1.192707 0.018795 1.338503
v 1.334882 0.018795 1.338503
v 1.502333 0.018795 1.480678
v 1.644508 0.018795 1.480678
v 1.502333 0.018795 1.338503
v 1.644508 0.018795 1.338503
v 1.693714 0.018795 1.480678
v 1.835890 0.018795 1.480678
v 1.693714 0.018795 1.338503
v 1.835890 0.018795 1.338503
v 1.884139 0.018795 1.480678
v 2.026314 0.018795 1.480678
v 1.884139 0.018795 1.338503
v 2.026314 0.018795 1.338503
v -0.932129 0.018795 0.776555
v -0.769400 0.018795 0.776555
v -0.932129 0.018795 0.634379
v -0.769400 0.018795 0.634379
v -1.649251 0.020400 -0.095892
v 0.219050 0.020400 -0.095892
v -1.649251 0.020400 -1.480540
v 0.219050 0.020400 -1.480540
v -2.208589 0.076729 -0.450265
v -1.894912 0.076729 -0.450265
v -2.208589 0.076729 -1.139794
v -1.894912 0.076729 -1.139794
v 1.274557 -0.007563 -0.662794
v 1.274557 -0.007563 -0.510656
v 1.426696 -0.007563 -0.510656
v 1.426696 -0.007563 -0.662794
v 0.708646 -0.007563 -0.662794
v 0.708646 -0.007563 -0.510656
v 0.860784 -0.007563 -0.510656
v 0.860784 -0.007563 -0.662794
v 0.898590 -0.007563 -0.662794
v 0.898590 -0.007563 -0.510656
v 1.050729 -0.007563 -0.510656
v 1.050729 -0.007563 -0.662794
v 1.084613 -0.007563 -0.662794
v 1.084613 -0.007563 -0.510656
v 1.236751 -0.007563 -0.510656
v 1.236751 -0.007563 -0.662794
v 1.274557 -0.007563 -0.854197
v 1.274557 -0.007563 -0.702059
v 1.426696 -0.007563 -0.702059
v 1.426696 -0.007563 -0.854197
v 0.708646 -0.007563 -0.854197
v 0.708646 -0.007563 -0.702059
v 0.860784 -0.007563 -0.702059
v 0.860784 -0.007563 -0.854197
v 0.898590 -0.007563 -0.854197
v 0.898590 -0.007563 -0.702059
v 1.050729 -0.007563 -0.702059
v 1.050729 -0.007563 -0.854197
v 1.084613 -0.007563 -0.854197
v 1.084613 -0.007563 -0.702059
v 1.236751 -0.007563 -0.702059
v 1.236751 -0.007563 -0.854197
v 1.275473 -0.007563 -1.043036
v 1.275473 -0.007563 -0.890898
v 1.427612 -0.007563 -0.890898
v 1.427612 -0.007563 -1.043036
v 0.709562 -0.007563 -1.043036
v 0.709562 -0.007563 -0.890898
v 0.861700 -0.007563 -0.890898
v 0.861700 -0.007563 -1.043036
v 0.899506 -0.007563 -1.043036
v 0.899506 -0.007563 -0.890898
v 1.051645 -0.007563 -0.890898
v 1.051645 -0.007563 -1.043036
v 1.085529 -0.007563 -1.043036
v 1.085529 -0.007563 -0.890898
v 1.237667 -0.007563 -0.890898
v 1.237667 -0.007563 -1.043036
v 1.274557 -0.007563 -1.235979
v 1.274557 -0.007563 -1.083841
v 1.426696 -0.007563 -1.083841
v 1.426696 -0.007563 -1.235979
v 0.708646 -0.007563 -1.235979
v 0.708646 -0.007563 -1.083841
v 0.860784 -0.007563 -1.083841
v 0.860784 -0.007563 -1.235979
v 0.898590 -0.007563 -1.235979
v 0.898590 -0.007563 -1.083841
v 1.050729 -0.007563 -1.083841
v 1.050729 -0.007563 -1.235979
v 1.084613 -0.007563 -1.235979
v 1.084613 -0.007563 -1.083841
v 1.236751 -0.007563 -1.083841
v 1.236751 -0.007563 -1.235979
v 1.274557 -0.007563 -1.422803
v 1.274557 -0.007563 -1.270665
v 1.426696 -0.007563 -1.270665
v 1.426696 -0.007563 -1.422803
v 0.708646 -0.007563 -1.422803
v 0.708646 -0.007563 -1.270665
v 0.860784 -0.007563 -1.270665
v 0.860784 -0.007563 -1.422803
v 0.898590 -0.007563 -1.422803
v 0.898590 -0.007563 -1.270665
v 1.050729 -0.007563 -1.270665
v 1.050729 -0.007563 -1.422803
v 1.084613 -0.007563 -1.422803
v 1.084613 -0.007563 -1.270665
v 1.236751 -0.007563 -1.270665
v 1.236751 -0.007563 -1.422803
v 1.274557 -0.007563 -1.613107
v 1.274557 -0.007563 -1.460969
v 1.426696 -0.007563 -1.460969
v 1.426696 -0.007563 -1.613107
v 0.708646 -0.007563 -1.613107
v 0.708646 -0.007563 -1.460969
v 0.860784 -0.007563 -1.460969
v 0.860784 -0.007563 -1.613107
v 0.898590 -0.007563 -1.613107
v 0.898590 -0.007563 -1.460969
v 1.050729 -0.007563 -1.460969
v 1.050729 -0.007563 -1.613107
v 1.084613 -0.007563 -1.613107
v 1.084613 -0.007563 -1.460969
v 1.236751 -0.007563 -1.460969
v 1.236751 -0.007563 -1.613107
v 1.526770 -0.007563 -0.510656
v 1.526770 -0.007563 -0.662794
v 1.678908 -0.007563 -0.510656
v 1.678908 -0.007563 -0.662794
v 1.526770 -0.007563 -0.702059
v 1.526770 -0.007563 -0.854197
v 1.678908 -0.007563 -0.702059
v 1.678908 -0.007563 -0.854197
v 1.527686 -0.007563 -0.890898
v 1.527686 -0.007563 -1.043036
v 1.679824 -0.007563 -0.890898
v 1.679824 -0.007563 -1.043036
v 1.526770 -0.007563 -1.083841
v 1.526770 -0.007563 -1.235979
v 1.678908 -0.007563 -1.083841
v 1.678908 -0.007563 -1.235979
v 1.526770 -0.007563 -1.270665
v 1.526770 -0.007563 -1.422803
v 1.678908 -0.007563 -1.270665
v 1.678908 -0.007563 -1.422803
v 1.526770 -0.007563 -1.460969
v 1.526770 -0.007563 -1.613107
v 1.678908 -0.007563 -1.460969
v 1.678908 -0.007563 -1.613107
v 1.713594 -0.007563 -0.510656
v 1.713594 -0.007563 -0.662794
v 1.865732 -0.007563 -0.510656
v 1.865732 -0.007563 -0.662794
v 1.713594 -0.007563 -0.702059
v 1.713594 -0.007563 -0.854197
v 1.865732 -0.007563 -0.702059
v 1.865732 -0.007563 -0.854197
v 1.714510 -0.007563 -0.890898
v 1.714510 -0.007563 -1.043036
v 1.866648 -0.007563 -0.890898
v 1.866648 -0.007563 -1.043036
v 1.713594 -0.007563 -1.083841
v 1.713594 -0.007563 -1.235979
v 1.865732 -0.007563 -1.083841
v 1.865732 -0.007563 -1.235979
v 1.713594 -0.007563 -1.270665
v 1.713594 -0.007563 -1.422803
v 1.865732 -0.007563 -1.270665
v 1.865732 -0.007563 -1.422803
v 1.713594 -0.007563 -1.460969
v 1.713594 -0.007563 -1.613107
v 1.865732 -0.007563 -1.460969
v 1.865732 -0.007563 -1.613107
v 1.903532 -0.007563 -0.510656
v 1.903532 -0.007563 -0.662794
v 2.055670 -0.007563 -0.510656
v 2.055670 -0.007563 -0.662794
v 1.903532 -0.007563 -0.702059
v 1.903532 -0.007563 -0.854197
v 2.055670 -0.007563 -0.702059
v 2.055670 -0.007563 -0.854197
v 1.904448 -0.007563 -0.890898
v 1.904448 -0.007563 -1.043036
v 2.056586 -0.007563 -0.890898
v 2.056586 -0.007563 -1.043036
v 1.903532 -0.007563 -1.083841
v 1.903532 -0.007563 -1.235979
v 2.055670 -0.007563 -1.083841
v 2.055670 -0.007563 -1.235979
v 1.903532 -0.007563 -1.270665
v 1.903532 -0.007563 -1.422803
v 2.055670 -0.007563 -1.270665
v 2.055670 -0.007563 -1.422803
v 1.903532 -0.007563 -1.460969
v 1.903532 -0.007563 -1.613107
v 2.055670 -0.007563 -1.460969
v 2.055670 -0.007563 -1.613107
v 1.274557 -0.007563 -0.187927
v 1.274557 -0.007563 -0.340065
v 1.426696 -0.007563 -0.187927
v 1.426696 -0.007563 -0.340065
v 0.708646 -0.007563 -0.187927
v 0.708646 -0.007563 -0.340065
v 0.860784 -0.007563 -0.187927
v 0.860784 -0.007563 -0.340065
v 0.898590 -0.007563 -0.187927
v 0.898590 -0.007563 -0.340065
v 1.050729 -0.007563 -0.187927
v 1.050729 -0.007563 -0.340065
v 1.084613 -0.007563 -0.187927
v 1.084613 -0.007563 -0.340065
v 1.236751 -0.007563 -0.187927
v 1.236751 -0.007563 -0.340065
v 1.274557 -0.007563 0.190301
v 1.274557 -0.007563 0.038162
v 1.426696 -0.007563 0.190301
v 1.426696 -0.007563 0.038162
v 0.708646 -0.007563 0.190301
v 0.708646 -0.007563 0.038162
v 0.860784 -0.007563 0.190301
v 0.860784 -0.007563 0.038162
v 0.898590 -0.007563 0.190301
v 0.898590 -0.007563 0.038162
v 1.050729 -0.007563 0.190301
v 1.050729 -0.007563 0.038162
v 1.084613 -0.007563 0.190301
v 1.084613 -0.007563 0.038162
v 1.236751 -0.007563 0.190301
v 1.236751 -0.007563 0.038162
v 1.236751 -0.007563 -0.150860
v 1.236751 -0.007563 0.001279
v 1.084613 -0.007563 -0.150860
v 1.084613 -0.007563 0.001279
v 1.050729 -0.007563 -0.150860
v 1.050729 -0.007563 0.001279
v 0.898590 -0.007563 -0.150860
v 0.898590 -0.007563 0.001279
v 0.860784 -0.007563 -0.150860
v 0.860784 -0.007563 0.001279
v 0.708646 -0.007563 -0.150860
v 0.708646 -0.007563 0.001279
v 1.426696 -0.007563 -0.150860
v 1.426696 -0.007563 0.001279
v 1.274557 -0.007563 -0.150860
v 1.274557 -0.007563 0.001279
v 1.903348 -0.007563 -0.000187
v 1.903348 -0.007563 -0.152325
v 2.055487 -0.007563 -0.000187
v 2.055487 -0.007563 -0.152325
v 1.527382 -0.007563 -0.000187
v 1.527382 -0.007563 -0.152325
v 1.679520 -0.007563 -0.000187
v 1.679520 -0.007563 -0.152325
v 1.713404 -0.007563 -0.000187
v 1.713404 -0.007563 -0.152325
v 1.865543 -0.007563 -0.000187
v 1.865543 -0.007563 -0.152325
v 1.903348 -0.007563 0.189568
v 1.903348 -0.007563 0.037429
v 2.055487 -0.007563 0.189568
v 2.055487 -0.007563 0.037429
v 1.527382 -0.007563 0.189568
v 1.527382 -0.007563 0.037429
v 1.679520 -0.007563 0.189568
v 1.679520 -0.007563 0.037429
v 1.713404 -0.007563 0.189568
v 1.713404 -0.007563 0.037429
v 1.865543 -0.007563 0.189568
v 1.865543 -0.007563 0.037429
v 1.713594 -0.007563 -0.324951
v 1.713594 -0.007563 -0.477090
v 1.865732 -0.007563 -0.324951
v 1.865732 -0.007563 -0.477090
v 1.902171 -0.007563 -0.312461
v 1.902171 -0.007563 -0.476153
v 2.065863 -0.007563 -0.312461
v 2.065863 -0.007563 -0.476153
v -1.992294 -0.007563 0.192367
v -1.992294 -0.007563 0.065436
v -1.865363 -0.007563 0.192367
v -1.865363 -0.007563 0.065436
v -1.615721 -0.007563 0.192367
v -1.615721 -0.007563 0.065436
v -1.488790 -0.007563 0.192367
v -1.488790 -0.007563 0.065436
v -1.376494 -0.007563 0.192367
v -1.376494 -0.007563 0.065436
v -1.249563 -0.007563 0.192367
v -1.249563 -0.007563 0.065436
v -1.141242 -0.007563 0.192367
v -1.141242 -0.007563 0.065436
v -1.014311 -0.007563 0.192367
v -1.014311 -0.007563 0.065436
v -0.900691 -0.007563 0.192367
v -0.900691 -0.007563 0.065436
v -0.773760 -0.007563 0.192367
v -0.773760 -0.007563 0.065436
v -0.661605 -0.007563 0.192367
v -0.661605 -0.007563 0.065436
v -0.534674 -0.007563 0.192367
v -0.534674 -0.007563 0.065436
v -0.422379 -0.007563 0.192367
v -0.422379 -0.007563 0.065436
v -0.295448 -0.007563 0.192367
v -0.295448 -0.007563 0.065436
v -0.187127 -0.007563 0.192367
v -0.187127 -0.007563 0.065436
v -0.060196 -0.007563 0.192367
v -0.060196 -0.007563 0.065436
v 0.053424 -0.007563 0.192367
v 0.053424 -0.007563 0.065436
v 0.180356 -0.007563 0.192367
v 0.180356 -0.007563 0.065436
v 0.441475 -0.007563 0.192367
v 0.441475 -0.007563 0.065436
v 0.568406 -0.007563 0.192367
v 0.568406 -0.007563 0.065436
v 0.445505 -0.007563 -0.187098
v 0.445505 -0.007563 -0.314029
v 0.572436 -0.007563 -0.187098
v 0.572436 -0.007563 -0.314029
v 0.445505 -0.007563 -0.344943
v 0.445505 -0.007563 -0.471874
v 0.572436 -0.007563 -0.344943
v 0.572436 -0.007563 -0.471874
v 0.445505 -0.007563 -0.500227
v 0.445505 -0.007563 -0.627158
v 0.572436 -0.007563 -0.500227
v 0.572436 -0.007563 -0.627158
v 0.445505 -0.007563 -0.656571
v 0.445505 -0.007563 -0.783502
v 0.572436 -0.007563 -0.656571
v 0.572436 -0.007563 -0.783502
v 0.445505 -0.007563 -0.816805
v 0.445505 -0.007563 -0.943736
v 0.572436 -0.007563 -0.816805
v 0.572436 -0.007563 -0.943736
v 0.445505 -0.007563 -0.974650
v 0.445505 -0.007563 -1.101581
v 0.572436 -0.007563 -0.974650
v 0.572436 -0.007563 -1.101581
v 0.445505 -0.007563 -1.129934
v 0.445505 -0.007563 -1.256865
v 0.572436 -0.007563 -1.129934
v 0.572436 -0.007563 -1.256865
v 0.445505 -0.007563 -1.286278
v 0.445505 -0.007563 -1.413209
v 0.572436 -0.007563 -1.286278
v 0.572436 -0.007563 -1.413209
v -1.294167 -0.007563 1.010268
v -1.294167 -0.007563 0.868093
v -1.151991 -0.007563 1.010268
v -1.151991 -0.007563 0.868093
v -1.102786 -0.007563 1.010268
v -1.102786 -0.007563 0.868093
v -0.960610 -0.007563 1.010268
v -0.960610 -0.007563 0.868093
v -0.912361 -0.007563 1.010268
v -0.912361 -0.007563 0.868093
v -0.770186 -0.007563 1.010268
v -0.770186 -0.007563 0.868093
v -1.294167 -0.007563 1.248441
v -1.294167 -0.007563 1.106265
v -1.151991 -0.007563 1.248441
v -1.151991 -0.007563 1.106265
v -1.102786 -0.007563 1.248441
v -1.102786 -0.007563 1.106265
v -0.960610 -0.007563 1.248441
v -0.960610 -0.007563 1.106265
v -0.912361 -0.007563 1.248441
v -0.912361 -0.007563 1.106265
v -0.770186 -0.007563 1.248441
v -0.770186 -0.007563 1.106265
v -1.294167 -0.007563 1.480678
v -1.294167 -0.007563 1.338503
v -1.151991 -0.007563 1.480678
v -1.151991 -0.007563 1.338503
v -1.102786 -0.007563 1.480678
v -1.102786 -0.018423 1.338502
v -0.960610 -0.007563 1.480678
v -0.960610 -0.007563 1.338503
v -0.912361 -0.007563 1.480678
v -0.912361 -0.007563 1.338503
v -0.770186 -0.007563 1.480678
v -0.770186 -0.007563 1.338503
v -0.612259 -0.007563 1.010268
v -0.612259 -0.007563 0.868093
v -0.470084 -0.007563 1.010268
v -0.470084 -0.007563 0.868093
v -0.420878 -0.007563 1.010268
v -0.420878 -0.007563 0.868093
v -0.278702 -0.007563 1.010268
v -0.278702 -0.007563 0.868093
v -0.230453 -0.007563 1.010268
v -0.230453 -0.007563 0.868093
v -0.088278 -0.007563 1.010268
v -0.088278 -0.007563 0.868093
v -0.612259 -0.007563 1.248441
v -0.612259 -0.007563 1.106265
v -0.470084 -0.007563 1.248441
v -0.470084 -0.007563 1.106265
v -0.420878 -0.007563 1.248441
v -0.420878 -0.007563 1.106265
v -0.278702 -0.007563 1.248441
v -0.278702 -0.007563 1.106265
v -0.230453 -0.007563 1.248441
v -0.230453 -0.007563 1.106265
v -0.088278 -0.007563 1.248441
v -0.088278 -0.007563 1.106265
v -0.612259 -0.007563 1.480678
v -0.612259 -0.007563 1.338503
v -0.470084 -0.007563 1.480678
v -0.470084 -0.007563 1.338503
v -0.420878 -0.007563 1.480678
v -0.420878 -0.007563 1.338503
v -0.278702 -0.007563 1.480678
v -0.278702 -0.007563 1.338503
v -0.230453 -0.007563 1.480678
v -0.230453 -0.007563 1.338503
v -0.088278 -0.007563 1.480678
v -0.088278 -0.007563 1.338503
v 0.069466 -0.007563 1.010268
v 0.069466 -0.007563 0.868093
v 0.211641 -0.007563 1.010268
v 0.211641 -0.007563 0.868093
v 0.260847 -0.007563 1.010268
v 0.260847 -0.007563 0.868093
v 0.403022 -0.007563 1.010268
v 0.403022 -0.007563 0.868093
v 0.451272 -0.007563 1.010268
v 0.451272 -0.007563 0.868093
v 0.593447 -0.007563 1.010268
v 0.593447 -0.007563 0.868093
v 0.069466 -0.007563 1.248441
v 0.069466 -0.007563 1.106265
v 0.211641 -0.007563 1.248441
v 0.211641 -0.007563 1.106265
v 0.260847 -0.007563 1.248441
v 0.260847 -0.007563 1.106265
v 0.403022 -0.007563 1.248441
v 0.403022 -0.007563 1.106265
v 0.451272 -0.007563 1.248441
v 0.451272 -0.007563 1.106265
v 0.593447 -0.007563 1.248441
v 0.593447 -0.007563 1.106265
v 0.069466 -0.007563 1.480678
v 0.069466 -0.007563 1.338503
v 0.211641 -0.007563 1.480678
v 0.211641 -0.007563 1.338503
v 0.260847 -0.007563 1.480678
v 0.260847 -0.007563 1.338503
v 0.403022 -0.007563 1.480678
v 0.403022 -0.007563 1.338503
v 0.451272 -0.007563 1.480678
v 0.451272 -0.007563 1.338502
v 0.593447 -0.007563 1.480678
v 0.593447 -0.007563 1.338503
v -0.612259 -0.007563 0.776555
v -0.612259 -0.007563 0.634379
v -0.470084 -0.007563 0.776555
v -0.470084 -0.007563 0.634379
v -0.420878 -0.007563 0.776555
v -0.420878 -0.007563 0.634379
v -0.278702 -0.007563 0.776555
v -0.278702 -0.007563 0.634379
v -0.230453 -0.007563 0.776555
v -0.230453 -0.007563 0.634379
v -0.088278 -0.007563 0.776555
v -0.088278 -0.007563 0.634379
v 0.069466 -0.007563 0.776555
v 0.069466 -0.007563 0.634379
v 0.211641 -0.007563 0.776555
v 0.211641 -0.007563 0.634379
v 0.260847 -0.007563 0.776555
v 0.260847 -0.007563 0.634379
v 0.403022 -0.007563 0.776555
v 0.403022 -0.007563 0.634379
v 0.451272 -0.007563 0.776555
v 0.451272 -0.018423 0.634379
v 0.593447 -0.007563 0.776555
v 0.593447 -0.007563 0.634379
v 0.810901 -0.007563 1.480678
v 0.810901 -0.007563 1.338503
v 0.953076 -0.007563 1.480678
v 0.953076 -0.007563 1.338503
v 1.002282 -0.007563 1.480678
v 1.002282 -0.007563 1.338503
v 1.144457 -0.007563 1.480678
v 1.144457 -0.007563 1.338503
v 1.192707 -0.007563 1.480678
v 1.192707 -0.007563 1.338503
v 1.334882 -0.007563 1.480678
v 1.334882 -0.007563 1.338503
v 1.502333 -0.007563 1.480678
v 1.502333 -0.007563 1.338503
v 1.644508 -0.007563 1.480678
v 1.644508 -0.007563 1.338503
v 1.693714 -0.007563 1.480678
v 1.693714 -0.007563 1.338503
v 1.835890 -0.007563 1.480678
v 1.835890 -0.007563 1.338503
v 1.884139 -0.007563 1.480678
v 1.884139 -0.007563 1.338503
v 2.026314 -0.007563 1.480678
v 2.026314 -0.007563 1.338503
v -0.932129 -0.007563 0.776555
v -0.932129 -0.007563 0.634379
v -0.769400 -0.007563 0.776555
v -0.769400 -0.007563 0.634379
v -1.699282 0.014548 -0.045861
v -1.699282 0.014548 -1.530571
v 0.269081 0.014548 -0.045861
v 0.269081 0.014548 -1.530571
v -2.208589 -0.007563 -0.450265
v -2.208589 -0.007563 -1.139794
v -1.894912 -0.007563 -0.450265
v -1.894912 -0.007563 -1.139794
v -1.699282 0.040906 -0.045861
v -1.699282 0.040906 -1.530571
v 0.269081 0.040906 -0.045861
v 0.269081 0.040906 -1.530571
v -0.368365 0.018795 0.623152
v -0.331029 0.018795 0.623152
v -0.368365 0.018795 0.585816
v -0.331029 0.018795 0.585816
v -0.368365 -0.007563 0.623152
v -0.368365 -0.007563 0.585816
v -0.331029 -0.007563 0.623152
v -0.331029 -0.007563 0.585816
v -0.368365 0.018795 1.327041
v -0.331029 0.018795 1.327041
v -0.368365 0.018795 1.289704
v -0.331029 0.018795 1.289704
v -0.368365 -0.007563 1.327041
v -0.368365 -0.007563 1.289704
v -0.331029 -0.007563 1.327041
v -0.331029 -0.007563 1.289704
v -1.805434 0.007857 1.567189
v -1.919785 0.000000 1.671716
v -1.805434 0.007857 0.505168
v -1.805434 0.000000 0.505168
v -1.805434 0.007857 0.871003
v -1.805434 0.000000 1.567189
v -1.919785 0.000000 0.400640
v -1.919785 -0.336309 1.732237
v -1.919785 -0.033338 1.732237
v -1.919785 -0.026834 1.731074
v -1.919785 -0.020580 1.727630
v -1.919785 -0.014816 1.722037
v -1.919785 -0.009764 1.714511
v -1.919785 -0.005618 1.705340
v -1.919785 -0.002538 1.694877
v -1.919785 -0.000641 1.683523
v 1.105729 0.007857 0.871003
v 2.135936 0.007857 0.871003
v -2.135936 0.007857 0.871003
v 2.135936 0.000000 0.871003
v -2.135936 0.000000 0.871003
v 1.811177 0.007857 0.871003
v 2.349550 -0.336309 0.838489
v 2.349550 -0.033338 0.838489
v 2.348045 -0.026834 0.838489
v 2.343588 -0.020580 0.838489
v 2.336349 -0.014816 0.838489
v 2.326608 -0.009764 0.838489
v 2.314738 -0.005618 0.838489
v 2.301196 -0.002538 0.838489
v 2.286502 -0.000641 0.838489
v -2.349550 -0.336309 0.838489
v -2.349550 -0.033338 0.838489
v -2.348045 -0.026834 0.838489
v -2.343588 -0.020580 0.838489
v -2.336349 -0.014816 0.838489
v -2.326608 -0.009764 0.838489
v -2.314738 -0.005618 0.838489
v -2.301196 -0.002538 0.838489
v -2.286502 -0.000641 0.838489
v 2.271221 0.000000 0.838489
v -2.271221 0.000000 0.838489
v 1.811177 0.000000 0.505168
v 1.811177 0.007857 0.505168
v 1.925892 -0.020580 1.727630
v 1.925892 -0.033338 1.732237
v 1.925892 -0.000641 1.683523
v 1.925892 0.000000 0.400640
v 1.925892 -0.002538 1.694877
v 1.811177 0.007857 1.567189
v 1.811177 0.000000 1.567189
v 1.925892 -0.005618 1.705340
v 1.925892 -0.026834 1.731074
v 1.925892 -0.009764 1.714511
v 1.925892 -0.336309 1.732237
v 1.925892 -0.014816 1.722037
v 1.925892 0.000000 1.671716
v 1.105729 0.007857 0.505168
v 1.105729 0.007857 1.567189
v 1.105729 0.000000 0.505168
v 1.106703 0.007190 0.685438
v 1.106556 0.137088 0.708444
v 1.142745 0.007190 0.688988
v 1.138122 0.137088 0.711553
v 1.177402 0.007190 0.699501
v 1.168474 0.137088 0.720761
v 1.209342 0.007190 0.716573
v 1.196448 0.137088 0.735713
v 1.237338 0.007190 0.739549
v 1.220966 0.137088 0.755835
v 1.260314 0.007190 0.767545
v 1.241088 0.137088 0.780353
v 1.277386 0.007190 0.799485
v 1.256040 0.137088 0.808327
v 1.287899 0.007190 0.834142
v 1.265248 0.137088 0.838679
v 1.291449 0.007190 0.870184
v 1.268357 0.137088 0.870245
v 1.287899 0.007190 0.906226
v 1.265248 0.137088 0.901811
v 1.277386 0.007190 0.940884
v 1.256040 0.137088 0.932163
v 1.260314 0.007190 0.972824
v 1.241088 0.137088 0.960137
v 1.237338 0.007190 1.000820
v 1.220966 0.137088 0.984655
v 1.209342 0.007190 1.023795
v 1.196448 0.137088 1.004777
v 1.177402 0.007190 1.040868
v 1.168474 0.137088 1.019729
v 1.142745 0.007190 1.051381
v 1.138122 0.137088 1.028937
v 1.106703 0.007190 1.054931
v 1.106556 0.137088 1.032046
v 1.070661 0.007190 1.051381
v 1.074990 0.137088 1.028937
v 1.036003 0.007190 1.040868
v 1.044638 0.137088 1.019729
v 1.004063 0.007190 1.023795
v 1.016664 0.137088 1.004777
v 0.976067 0.007190 1.000820
v 0.992146 0.137088 0.984655
v 0.953092 0.007190 0.972824
v 0.972024 0.137088 0.960136
v 0.898181 0.007190 0.956556
v 0.923933 0.137088 0.945890
v 0.925506 0.007190 0.906226
v 0.947864 0.137088 0.901811
v 0.921956 0.007190 0.870184
v 0.944755 0.137088 0.870245
v 0.925506 0.007190 0.834142
v 0.947864 0.137088 0.838679
v 0.936020 0.007190 0.799485
v 0.957072 0.137088 0.808326
v 0.953092 0.007190 0.767544
v 0.972024 0.137088 0.780353
v 0.976068 0.007190 0.739549
v 0.992146 0.137088 0.755835
v 1.004063 0.007190 0.716573
v 1.016665 0.137088 0.735713
v 1.036004 0.007190 0.699501
v 1.044638 0.137088 0.720761
v 1.070661 0.007190 0.688988
v 1.074991 0.137088 0.711553
v 1.812606 0.007190 0.685438
v 1.812433 0.137088 0.708312
v 1.848648 0.007190 0.688988
v 1.843999 0.137088 0.711421
v 1.883305 0.007190 0.699501
v 1.874352 0.137088 0.720628
v 1.915245 0.007190 0.716573
v 1.902325 0.137088 0.735580
v 1.943241 0.007190 0.739549
v 1.926844 0.137088 0.755702
v 1.966217 0.007190 0.767545
v 1.946965 0.137088 0.780221
v 1.983289 0.007190 0.799485
v 1.961918 0.137088 0.808194
v 1.993802 0.007190 0.834142
v 1.971125 0.137088 0.838547
v 1.997352 0.007190 0.870184
v 1.974234 0.137088 0.870113
v 1.993802 0.007190 0.906226
v 1.971125 0.137088 0.901678
v 1.983289 0.007190 0.940884
v 1.961918 0.137088 0.932031
v 1.966217 0.007190 0.972824
v 1.946965 0.137088 0.960004
v 1.943241 0.007190 1.000820
v 1.926844 0.137088 0.984523
v 1.915245 0.007190 1.023795
v 1.902325 0.137088 1.004645
v 1.883305 0.007190 1.040868
v 1.874352 0.137088 1.019597
v 1.848648 0.007190 1.051381
v 1.843999 0.137088 1.028804
v 1.812606 0.007190 1.054931
v 1.812433 0.137088 1.031913
v 1.776563 0.007190 1.051381
v 1.780867 0.137088 1.028804
v 1.741906 0.007190 1.040868
v 1.750515 0.137088 1.019597
v 1.709966 0.007190 1.023795
v 1.722541 0.137088 1.004645
v 1.681970 0.007190 1.000820
v 1.698023 0.137088 0.984523
v 1.658994 0.007190 0.972824
v 1.677901 0.137088 0.960004
v 1.641922 0.007190 0.940883
v 1.662949 0.137088 0.932031
v 1.631409 0.007190 0.906226
v 1.653741 0.137088 0.901678
v 1.627859 0.007190 0.870184
v 1.650632 0.137088 0.870113
v 1.631409 0.007190 0.834142
v 1.653741 0.137088 0.838547
v 1.597514 0.007190 0.781090
v 1.624056 0.137088 0.792084
v 1.658995 0.007190 0.767544
v 1.677901 0.137088 0.780221
v 1.681970 0.007190 0.739549
v 1.698023 0.137088 0.755702
v 1.709966 0.007190 0.716573
v 1.722542 0.137088 0.735580
v 1.741906 0.007190 0.699501
v 1.750515 0.137088 0.720628
v 1.776563 0.007190 0.688988
v 1.780868 0.137088 0.711421
v -1.805625 -0.017822 0.727987
v -1.805625 0.214900 0.637644
v -1.777884 -0.017822 0.730720
v -1.761441 0.214900 0.648057
v -1.751209 -0.017822 0.738811
v -1.716636 0.214900 0.655345
v -1.726624 -0.017822 0.751952
v -1.679800 0.214900 0.681874
v -1.705076 -0.017822 0.769636
v -1.641194 0.214900 0.705754
v -1.687393 -0.017822 0.791184
v -1.617315 0.214900 0.744359
v -1.674252 -0.017822 0.815768
v -1.590786 0.214900 0.781195
v -1.666160 -0.017822 0.842443
v -1.583498 0.214900 0.826000
v -1.663428 -0.017822 0.870184
v -1.573085 0.214900 0.870184
v -1.666160 -0.017822 0.897925
v -1.583498 0.214900 0.914368
v -1.674252 -0.017822 0.924601
v -1.590786 0.214900 0.959173
v -1.687393 -0.017822 0.949185
v -1.617315 0.214900 0.996009
v -1.705076 -0.017822 0.970732
v -1.641194 0.214900 1.034615
v -1.726624 -0.017822 0.988417
v -1.679800 0.214900 1.058494
v -1.751209 -0.017822 1.001557
v -1.716636 0.214900 1.085023
v -1.777884 -0.017822 1.009649
v -1.761441 0.214900 1.092311
v -1.805625 -0.017822 1.012381
v -1.805625 0.214900 1.102724
v -1.833366 -0.017822 1.009649
v -1.849809 0.214900 1.092311
v -1.860041 -0.017822 1.001557
v -1.894614 0.214900 1.085023
v -1.884625 -0.017822 0.988417
v -1.931450 0.214900 1.058494
v -1.906173 -0.017822 0.970732
v -1.970055 0.214900 1.034615
v -1.923857 -0.017822 0.949184
v -1.993935 0.214900 0.996009
v -1.936998 -0.017822 0.924600
v -2.020464 0.214900 0.959173
v -1.945090 -0.017822 0.897925
v -2.027752 0.214900 0.914368
v -1.947822 -0.017822 0.870184
v -2.038165 0.214900 0.870184
v -1.945090 -0.017822 0.842443
v -2.027752 0.214900 0.826000
v -1.936997 -0.017822 0.815768
v -2.020464 0.214900 0.781195
v -1.923857 -0.017822 0.791184
v -1.993935 0.214900 0.744359
v -1.906173 -0.017822 0.769636
v -1.970055 0.214900 0.705753
v -1.884625 -0.017822 0.751952
v -1.931449 0.214900 0.681874
v -1.860041 -0.017822 0.738811
v -1.894614 0.214900 0.655345
v -1.833366 -0.017822 0.730720
v -1.849809 0.214900 0.648057
v -1.805625 0.136016 0.637644
v -1.761441 0.136016 0.648057
v -1.716636 0.136016 0.655345
v -1.679800 0.136016 0.681874
v -1.641194 0.136016 0.705754
v -1.617315 0.136016 0.744359
v -1.590786 0.136016 0.781195
v -1.583498 0.136016 0.826000
v -1.573085 0.136016 0.870184
v -1.583498 0.136016 0.914368
v -1.590786 0.136016 0.959173
v -1.617315 0.136016 0.996009
v -1.641194 0.136016 1.034615
v -1.679800 0.136016 1.058494
v -1.716636 0.136016 1.085023
v -1.761441 0.136016 1.092311
v -1.805625 0.136016 1.102724
v -1.849809 0.136016 1.092311
v -1.894614 0.136016 1.085023
v -1.931450 0.136016 1.058494
v -1.970055 0.136016 1.034615
v -1.993935 0.136016 0.996009
v -2.020464 0.136016 0.959173
v -2.027752 0.136016 0.914368
v -2.038165 0.136016 0.870184
v -2.027752 0.136016 0.826000
v -2.020464 0.136016 0.781195
v -1.993935 0.136016 0.744359
v -1.970055 0.136016 0.705753
v -1.931449 0.136016 0.681874
v -1.894614 0.136016 0.655345
v -1.849809 0.136016 0.648057
v -1.777884 0.124623 0.730720
v -1.751209 0.124623 0.738811
v -1.726624 0.124623 0.751952
v -1.705076 0.124623 0.769636
v -1.687393 0.124623 0.791184
v -1.674252 0.124623 0.815768
v -1.666160 0.124623 0.842443
v -1.663428 0.124623 0.870184
v -1.666160 0.124623 0.897925
v -1.674252 0.124623 0.924601
v -1.687393 0.124623 0.949185
v -1.705076 0.124623 0.970732
v -1.726624 0.124623 0.988417
v -1.751209 0.124623 1.001557
v -1.777884 0.124623 1.009649
v -1.805625 0.124623 1.012381
v -1.833366 0.124623 1.009649
v -1.860041 0.124623 1.001557
v -1.884625 0.124623 0.988417
v -1.906173 0.124623 0.970732
v -1.923857 0.124623 0.949184
v -1.936998 0.124623 0.924600
v -1.945090 0.124623 0.897925
v -1.947822 0.124623 0.870184
v -1.945090 0.124623 0.842443
v -1.936997 0.124623 0.815768
v -1.923857 0.124623 0.791184
v -1.906173 0.124623 0.769636
v -1.884625 0.124623 0.751952
v -1.860041 0.124623 0.738811
v -1.833366 0.124623 0.730720
v -1.805625 0.124623 0.727987
v -2.271221 0.000000 1.671716
v 2.271221 0.000000 1.671716
v 2.271221 0.000000 0.400640
v -2.271221 0.000000 0.400640
v -2.135936 0.007857 1.567189
v 2.135936 0.007857 1.567189
v 2.135936 0.007857 0.505168
v -2.135936 0.007857 0.505168
v 2.271221 0.000000 -1.789894
v -2.271221 0.000000 -1.789894
v -2.271221 0.000000 0.392788
v 2.271221 0.000000 0.392788
v 2.129618 0.008690 -1.680486
v -2.129618 0.008690 -1.680486
v -2.129618 0.008690 0.283380
v 2.129618 0.008690 0.283380
v -2.208589 0.076729 -0.479588
v -2.208589 0.076729 -1.110471
v -1.894912 0.076729 -1.110471
v -1.894912 0.076729 -0.479588
v -2.208589 -0.007563 -0.479588
v -2.208589 -0.007563 -1.110471
v -1.894912 -0.007563 -1.110471
v -1.894912 -0.007563 -0.479588
v -2.164880 0.076729 -0.450265
v -2.164880 0.076729 -1.139794
v -2.164880 -0.007563 -0.450265
v -2.164880 -0.007563 -1.139794
v -2.164880 0.076729 -0.479588
v -2.164880 0.076729 -1.110471
v -2.199006 -0.007563 -0.479588
v -2.199006 -0.007563 -1.110471
v -2.164880 0.076729 -0.479588
v -2.199006 0.042300 -0.479588
v -2.208539 0.076729 -0.479588
v -2.171538 0.076067 -0.479588
v -2.177940 0.074108 -0.479588
v -2.183840 0.070927 -0.479588
v -2.189011 0.066645 -0.479588
v -2.193255 0.061428 -0.479588
v -2.196409 0.055476 -0.479588
v -2.198351 0.049017 -0.479588
v -2.199006 0.042300 -1.110471
v -2.164880 0.076729 -1.110471
v -2.208539 0.076729 -1.110471
v -2.198351 0.049017 -1.110471
v -2.196409 0.055476 -1.110471
v -2.193255 0.061428 -1.110471
v -2.189011 0.066645 -1.110471
v -2.183840 0.070927 -1.110471
v -2.177940 0.074108 -1.110471
v -2.171538 0.076067 -1.110471
v -0.562793 0.018795 0.623152
v -0.525457 0.018795 0.623152
v -0.562793 0.018795 0.585816
v -0.525457 0.018795 0.585816
v -0.562793 -0.007563 0.623152
v -0.562793 -0.007563 0.585816
v -0.525457 -0.007563 0.623152
v -0.525457 -0.007563 0.585816
v -0.185519 0.018795 0.622070
v -0.148183 0.018795 0.622070
v -0.185519 0.018795 0.584733
v -0.148183 0.018795 0.584733
v -0.185519 -0.007563 0.622070
v -0.185519 -0.007563 0.584733
v -0.148183 -0.007563 0.622070
v -0.148183 -0.007563 0.584733
v -0.368365 0.018795 0.854929
v -0.331029 0.018795 0.854929
v -0.368365 0.018795 0.817592
v -0.331029 0.018795 0.817592
v -0.368365 -0.007563 0.854929
v -0.368365 -0.007563 0.817592
v -0.331029 -0.007563 0.854929
v -0.331029 -0.007563 0.817592
v -0.562793 0.018795 0.854929
v -0.525457 0.018795 0.854929
v -0.562793 0.018795 0.817592
v -0.525457 0.018795 0.817592
v -0.562793 -0.007563 0.854929
v -0.562793 -0.007563 0.817592
v -0.525457 -0.007563 0.854929
v -0.525457 -0.007563 0.817592
v -0.185519 0.018795 0.853846
v -0.148183 0.018795 0.853846
v -0.185519 0.018795 0.816510
v -0.148183 0.018795 0.816510
v -0.185519 -0.007563 0.853846
v -0.185519 -0.007563 0.816510
v -0.148183 -0.007563 0.853846
v -0.148183 -0.007563 0.816510
v -0.368365 0.018795 1.092130
v -0.331029 0.018795 1.092130
v -0.368365 0.018795 1.054794
v -0.331029 0.018795 1.054794
v -0.368365 -0.007563 1.092130
v -0.368365 -0.007563 1.054794
v -0.331029 -0.007563 1.092130
v -0.331029 -0.007563 1.054794
v -0.562793 0.018795 1.092130
v -0.525457 0.018795 1.092130
v -0.562793 0.018795 1.054794
v -0.525457 0.018795 1.054794
v -0.562793 -0.007563 1.092130
v -0.562793 -0.007563 1.054794
v -0.525457 -0.007563 1.092130
v -0.525457 -0.007563 1.054794
v -0.185519 0.018795 1.091048
v -0.148183 0.018795 1.091048
v -0.185519 0.018795 1.053711
v -0.148183 0.018795 1.053711
v -0.185519 -0.007563 1.091048
v -0.185519 -0.007563 1.053711
v -0.148183 -0.007563 1.091048
v -0.148183 -0.007563 1.053711
v -0.562793 0.018795 1.328022
v -0.525457 0.018795 1.328022
v -0.562793 0.018795 1.290686
v -0.525457 0.018795 1.290686
v -0.562793 -0.007563 1.328022
v -0.562793 -0.007563 1.290686
v -0.525457 -0.007563 1.328022
v -0.525457 -0.007563 1.290686
v -0.185519 0.018795 1.326939
v -0.148183 0.018795 1.326939
v -0.185519 0.018795 1.289603
v -0.148183 0.018795 1.289603
v -0.185519 -0.007563 1.326939
v -0.185519 -0.007563 1.289603
v -0.148183 -0.007563 1.326939
v -0.148183 -0.007563 1.289603
v -1.045578 0.018795 1.327041
v -1.008242 0.018795 1.327041
v -1.045578 0.018795 1.289704
v -1.008242 0.018795 1.289704
v -1.045578 -0.007563 1.327041
v -1.045578 -0.007563 1.289704
v -1.008242 -0.007563 1.327041
v -1.008242 -0.007563 1.289704
v -1.045578 0.018795 0.854929
v -1.008242 0.018795 0.854929
v -1.045578 0.018795 0.817592
v -1.008242 0.018795 0.817592
v -1.045578 -0.007563 0.854929
v -1.045578 -0.007563 0.817592
v -1.008242 -0.007563 0.854929
v -1.008242 -0.007563 0.817592
v -1.240007 0.018795 0.854929
v -1.202671 0.018795 0.854929
v -1.240007 0.018795 0.817592
v -1.202671 0.018795 0.817592
v -1.240007 -0.007563 0.854929
v -1.240007 -0.007563 0.817592
v -1.202671 -0.007563 0.854929
v -1.202671 -0.007563 0.817592
v -0.862733 0.018795 0.853846
v -0.825397 0.018795 0.853846
v -0.862733 0.018795 0.816510
v -0.825397 0.018795 0.816510
v -0.862733 -0.007563 0.853846
v -0.862733 -0.007563 0.816510
v -0.825397 -0.007563 0.853846
v -0.825397 -0.007563 0.816510
v -1.045578 0.018795 1.092130
v -1.008242 0.018795 1.092130
v -1.045578 0.018795 1.054794
v -1.008242 0.018795 1.054794
v -1.045578 -0.007563 1.092130
v -1.045578 -0.007563 1.054794
v -1.008242 -0.007563 1.092130
v -1.008242 -0.007563 1.054794
v -1.240007 0.018795 1.092130
v -1.202671 0.018795 1.092130
v -1.240007 0.018795 1.054794
v -1.202671 0.018795 1.054794
v -1.240007 -0.007563 1.092130
v -1.240007 -0.007563 1.054794
v -1.202671 -0.007563 1.092130
v -1.202671 -0.007563 1.054794
v -0.862733 0.018795 1.091048
v -0.825397 0.018795 1.091048
v -0.862733 0.018795 1.053711
v -0.825397 0.018795 1.053711
v -0.862733 -0.007563 1.091048
v -0.862733 -0.007563 1.053711
v -0.825397 -0.007563 1.091048
v -0.825397 -0.007563 1.053711
v -1.240007 0.018795 1.328022
v -1.202671 0.018795 1.328022
v -1.240007 0.018795 1.290686
v -1.202671 0.018795 1.290686
v -1.240007 -0.007563 1.328022
v -1.240007 -0.007563 1.290686
v -1.202671 -0.007563 1.328022
v -1.202671 -0.007563 1.290686
v -0.862733 0.018795 1.326939
v -0.825397 0.018795 1.326939
v -0.862733 0.018795 1.289603
v -0.825397 0.018795 1.289603
v -0.862733 -0.007563 1.326939
v -0.862733 -0.007563 1.289603
v -0.825397 -0.007563 1.326939
v -0.825397 -0.007563 1.289603
v 0.315638 0.018795 1.327041
v 0.352974 0.018795 1.327041
v 0.315638 0.018795 1.289704
v 0.352974 0.018795 1.289704
v 0.315638 -0.007563 1.327041
v 0.315638 -0.007563 1.289704
v 0.352974 -0.007563 1.327041
v 0.352974 -0.007563 1.289704
v 0.121209 0.018795 1.328022
v 0.158545 0.018795 1.328022
v 0.121209 0.018795 1.290686
v 0.158545 0.018795 1.290686
v 0.121209 -0.007563 1.328022
v 0.121209 -0.007563 1.290686
v 0.158545 -0.007563 1.328022
v 0.158545 -0.007563 1.290686
v 0.498483 0.018795 1.326939
v 0.535819 0.018795 1.326939
v 0.498483 0.018795 1.289603
v 0.535819 0.018795 1.289603
v 0.498483 -0.007563 1.326939
v 0.498483 -0.007563 1.289603
v 0.535819 -0.007563 1.326939
v 0.535819 -0.007563 1.289603
v 1.058310 0.018795 1.327041
v 1.095646 0.018795 1.327041
v 1.058310 0.018795 1.289704
v 1.095646 0.018795 1.289704
v 1.058310 -0.007563 1.327041
v 1.058310 -0.007563 1.289704
v 1.095646 -0.007563 1.327041
v 1.095646 -0.007563 1.289704
v 0.863881 0.018795 1.328022
v 0.901217 0.018795 1.328022
v 0.863881 0.018795 1.290686
v 0.901217 0.018795 1.290686
v 0.863881 -0.007563 1.328022
v 0.863881 -0.007563 1.290686
v 0.901217 -0.007563 1.328022
v 0.901217 -0.007563 1.290686
v 1.241155 0.018795 1.326939
v 1.278491 0.018795 1.326939
v 1.241155 0.018795 1.289603
v 1.278491 0.018795 1.289603
v 1.241155 -0.007563 1.326939
v 1.241155 -0.007563 1.289603
v 1.278491 -0.007563 1.326939
v 1.278491 -0.007563 1.289603
v 1.748993 0.018795 1.327041
v 1.786329 0.018795 1.327041
v 1.748993 0.018795 1.289704
v 1.786329 0.018795 1.289704
v 1.748993 -0.007563 1.327041
v 1.748993 -0.007563 1.289704
v 1.786329 -0.007563 1.327041
v 1.786329 -0.007563 1.289704
v 1.554564 0.018795 1.328022
v 1.591900 0.018795 1.328022
v 1.554564 0.018795 1.290686
v 1.591900 0.018795 1.290686
v 1.554564 -0.007563 1.328022
v 1.554564 -0.007563 1.290686
v 1.591900 -0.007563 1.328022
v 1.591900 -0.007563 1.290686
v 1.931838 0.018795 1.326939
v 1.969174 0.018795 1.326939
v 1.931838 0.018795 1.289603
v 1.969174 0.018795 1.289603
v 1.931838 -0.007563 1.326939
v 1.931838 -0.007563 1.289603
v 1.969174 -0.007563 1.326939
v 1.969174 -0.007563 1.289603
v 0.486283 0.018795 -1.568393
v 0.523619 0.018795 -1.568393
v 0.486283 0.018795 -1.605730
v 0.523619 0.018795 -1.605730
v 0.486283 -0.007563 -1.568393
v 0.486283 -0.007563 -1.605730
v 0.523619 -0.007563 -1.568393
v 0.523619 -0.007563 -1.605730
v 0.547860 0.018795 -1.568393
v 0.585196 0.018795 -1.568393
v 0.547860 0.018795 -1.605730
v 0.585196 0.018795 -1.605730
v 0.547860 -0.007563 -1.568393
v 0.547860 -0.007563 -1.605730
v 0.585196 -0.007563 -1.568393
v 0.585196 -0.007563 -1.605730
v 0.424395 0.018795 -1.568393
v 0.461731 0.018795 -1.568393
v 0.424395 0.018795 -1.605730
v 0.461731 0.018795 -1.605730
v 0.424395 -0.007563 -1.568393
v 0.424395 -0.007563 -1.605730
v 0.461731 -0.007563 -1.568393
v 0.461731 -0.007563 -1.605730
v -1.894912 0.076729 -1.125133
v -1.894912 -0.007563 -1.125133
v -2.164880 0.076729 -1.125133
v 1.105729 0.000000 1.567189
v 1.175763 0.000000 0.400640
v 1.175763 -0.336309 1.732237
v 1.175763 -0.033338 1.732237
v 1.175763 -0.026834 1.731074
v 1.175763 -0.020580 1.727630
v 1.175763 -0.014816 1.722037
v 1.175763 -0.009764 1.714511
v 1.175763 -0.005618 1.705340
v 1.175763 -0.002538 1.694877
v 1.175763 -0.000641 1.683523
v 1.175763 0.000000 1.671716
vn -0.0000 0.0884 0.9961
vn -0.0000 -0.0000 1.0000
vn 0.0380 -0.0000 0.9993
vn 0.0386 0.0902 0.9952
vn 0.0386 0.0902 -0.9952
vn 0.0380 -0.0000 -0.9993
vn -0.0380 -0.0000 -0.9993
vn -0.0386 0.0902 -0.9952
vn -0.0214 0.9994 -0.0277
vn -0.0856 0.9959 -0.0289
vn -0.0850 0.9964 -0.0000
vn -0.0209 0.9998 -0.0000
vn -0.0000 -1.0000 -0.0000
vn -0.9913 0.1153 0.0641
vn -0.9623 0.1172 0.2455
vn -0.8787 0.4148 0.2362
vn -0.9095 0.4111 0.0612
vn -0.6992 0.6867 0.1989
vn -0.7248 0.6871 0.0512
vn -0.5303 0.8320 0.1632
vn -0.5446 0.8377 0.0415
vn -0.3942 0.9084 0.1393
vn -0.3970 0.9171 0.0349
vn -0.8783 0.1130 0.4646
vn -0.8011 0.4005 0.4448
vn -0.6447 0.6656 0.3758
vn -0.5002 0.8084 0.3104
vn -0.3819 0.8846 0.2677
vn -0.7562 0.1043 0.6460
vn -0.6951 0.3765 0.6125
vn -0.5733 0.6338 0.5193
vn -0.4626 0.7746 0.4312
vn -0.3662 0.8522 0.3737
vn -0.6116 0.0969 0.7853
vn -0.5734 0.3567 0.7376
vn -0.4858 0.6085 0.6274
vn -0.4059 0.7480 0.5252
vn -0.3466 0.8218 0.4523
vn -0.0214 0.9994 0.0277
vn -0.0858 0.9959 0.0291
vn -0.0897 0.9891 0.1164
vn -0.0223 0.9936 0.1108
vn -0.0922 0.9680 0.2333
vn -0.0229 0.9740 0.2255
vn -0.0955 0.9303 0.3543
vn -0.0237 0.9367 0.3493
vn -0.1025 0.8689 0.4842
vn -0.0256 0.8732 0.4868
vn -0.1758 0.9840 0.0303
vn -0.1823 0.9758 0.1210
vn -0.1855 0.9529 0.2398
vn -0.1888 0.9151 0.3563
vn -0.1991 0.8565 0.4762
vn -0.2771 0.9603 0.0317
vn -0.2817 0.9510 0.1270
vn -0.2802 0.9273 0.2481
vn -0.2749 0.8932 0.3559
vn -0.2824 0.8388 0.4655
vn -0.0386 0.0902 0.9952
vn -0.0383 0.3361 0.9410
vn -0.1529 0.3438 0.9265
vn -0.1513 0.0928 0.9841
vn -0.3001 0.3468 0.8887
vn -0.3034 0.0936 0.9483
vn -0.4409 0.3483 0.8272
vn -0.4578 0.0939 0.8841
vn -0.0345 0.5959 0.8023
vn -0.1356 0.6035 0.7858
vn -0.2641 0.6041 0.7518
vn -0.3816 0.6014 0.7019
vn -0.0294 0.7676 0.6402
vn -0.1164 0.7690 0.6285
vn -0.2254 0.7621 0.6070
vn -0.3212 0.7493 0.5791
vn 0.1518 0.0936 0.9840
vn 0.1513 0.3456 0.9261
vn 0.0380 0.3361 0.9411
vn 0.1345 0.6042 0.7854
vn 0.0339 0.5962 0.8021
vn 0.1160 0.7687 0.6290
vn 0.0292 0.7677 0.6402
vn 0.1026 0.8686 0.4848
vn 0.0256 0.8732 0.4868
vn 0.3034 0.0949 0.9481
vn 0.2994 0.3491 0.8880
vn 0.2634 0.6050 0.7514
vn 0.2252 0.7619 0.6073
vn 0.1992 0.8562 0.4767
vn 0.4575 0.0947 0.8841
vn 0.4415 0.3497 0.8263
vn 0.3815 0.6021 0.7014
vn 0.3211 0.7494 0.5791
vn 0.2824 0.8387 0.4657
vn 0.6114 0.0968 0.7854
vn 0.5743 0.3568 0.7368
vn 0.4861 0.6086 0.6271
vn 0.4059 0.7480 0.5251
vn 0.3466 0.8218 0.4523
vn 0.0214 0.9994 0.0277
vn 0.0224 0.9936 0.1109
vn 0.0904 0.9892 0.1156
vn 0.0856 0.9959 0.0289
vn 0.1825 0.9758 0.1200
vn 0.1759 0.9840 0.0299
vn 0.2813 0.9513 0.1264
vn 0.2772 0.9603 0.0314
vn 0.3935 0.9087 0.1392
vn 0.3971 0.9171 0.0350
vn 0.0232 0.9740 0.2254
vn 0.0929 0.9680 0.2330
vn 0.1859 0.9530 0.2394
vn 0.2800 0.9275 0.2477
vn 0.3815 0.8848 0.2676
vn 0.0239 0.9367 0.3492
vn 0.0960 0.9301 0.3547
vn 0.1891 0.9150 0.3565
vn 0.2749 0.8932 0.3559
vn 0.3661 0.8522 0.3737
vn 0.9913 0.1153 0.0641
vn 0.9094 0.4112 0.0616
vn 0.8792 0.4125 0.2384
vn 0.9625 0.1163 0.2449
vn 0.8018 0.3979 0.4459
vn 0.8784 0.1113 0.4647
vn 0.6961 0.3752 0.6121
vn 0.7560 0.1033 0.6463
vn 0.7249 0.6869 0.0520
vn 0.6996 0.6858 0.2005
vn 0.6452 0.6647 0.3768
vn 0.5738 0.6332 0.5195
vn 0.5447 0.8376 0.0419
vn 0.5297 0.8322 0.1638
vn 0.4999 0.8084 0.3108
vn 0.4626 0.7746 0.4313
vn -0.9913 0.1153 -0.0641
vn -0.9094 0.4112 -0.0616
vn -0.8792 0.4125 -0.2384
vn -0.9625 0.1163 -0.2449
vn -0.8018 0.3979 -0.4459
vn -0.8784 0.1113 -0.4647
vn -0.6961 0.3752 -0.6121
vn -0.7560 0.1033 -0.6463
vn -0.5743 0.3568 -0.7368
vn -0.6114 0.0968 -0.7854
vn -0.7249 0.6869 -0.0520
vn -0.6996 0.6858 -0.2005
vn -0.6452 0.6647 -0.3768
vn -0.5738 0.6332 -0.5195
vn -0.4861 0.6086 -0.6271
vn -0.5447 0.8376 -0.0419
vn -0.5297 0.8322 -0.1638
vn -0.4999 0.8084 -0.3108
vn -0.4626 0.7746 -0.4313
vn -0.4059 0.7480 -0.5251
vn -0.3971 0.9171 -0.0350
vn -0.3935 0.9087 -0.1392
vn -0.3815 0.8848 -0.2676
vn -0.3661 0.8522 -0.3737
vn -0.3466 0.8218 -0.4523
vn -0.1518 0.0935 -0.9840
vn -0.1513 0.3456 -0.9261
vn -0.0380 0.3361 -0.9411
vn -0.1345 0.6042 -0.7854
vn -0.0339 0.5962 -0.8021
vn -0.1160 0.7687 -0.6290
vn -0.0292 0.7677 -0.6402
vn -0.1026 0.8686 -0.4848
vn -0.0256 0.8732 -0.4868
vn -0.3034 0.0949 -0.9481
vn -0.2994 0.3491 -0.8880
vn -0.2634 0.6050 -0.7514
vn -0.2252 0.7619 -0.6073
vn -0.1992 0.8562 -0.4767
vn -0.4575 0.0947 -0.8841
vn -0.4415 0.3497 -0.8263
vn -0.3815 0.6021 -0.7014
vn -0.3211 0.7494 -0.5791
vn -0.2824 0.8387 -0.4656
vn -0.0224 0.9936 -0.1109
vn -0.0904 0.9892 -0.1157
vn -0.1825 0.9758 -0.1201
vn -0.1759 0.9840 -0.0299
vn -0.2813 0.9513 -0.1264
vn -0.2772 0.9603 -0.0314
vn -0.0232 0.9740 -0.2254
vn -0.0929 0.9680 -0.2330
vn -0.1859 0.9530 -0.2394
vn -0.2800 0.9275 -0.2477
vn -0.0239 0.9367 -0.3492
vn -0.0960 0.9301 -0.3547
vn -0.1891 0.9150 -0.3565
vn -0.2749 0.8932 -0.3559
vn 0.9913 0.1153 -0.0641
vn 0.9623 0.1172 -0.2455
vn 0.8787 0.4148 -0.2362
vn 0.9095 0.4111 -0.0612
vn 0.6992 0.6867 -0.1989
vn 0.7248 0.6871 -0.0512
vn 0.5303 0.8320 -0.1632
vn 0.5446 0.8377 -0.0415
vn 0.3942 0.9084 -0.1393
vn 0.3970 0.9171 -0.0349
vn 0.8783 0.1130 -0.4646
vn 0.8011 0.4005 -0.4448
vn 0.6447 0.6656 -0.3758
vn 0.5002 0.8084 -0.3104
vn 0.3819 0.8846 -0.2677
vn 0.7562 0.1043 -0.6460
vn 0.6951 0.3765 -0.6125
vn 0.5733 0.6338 -0.5193
vn 0.4626 0.7746 -0.4312
vn 0.3662 0.8522 -0.3737
vn 0.6116 0.0969 -0.7853
vn 0.5734 0.3567 -0.7376
vn 0.4858 0.6085 -0.6274
vn 0.4059 0.7480 -0.5252
vn 0.3466 0.8218 -0.4523
vn 0.0214 0.9994 -0.0277
vn 0.0858 0.9959 -0.0291
vn 0.0897 0.9891 -0.1164
vn 0.0223 0.9936 -0.1108
vn 0.0922 0.9680 -0.2333
vn 0.0229 0.9740 -0.2255
vn 0.0955 0.9303 -0.3543
vn 0.0237 0.9367 -0.3493
vn 0.1025 0.8689 -0.4842
vn 0.0256 0.8732 -0.4868
vn 0.1758 0.9840 -0.0303
vn 0.1823 0.9758 -0.1210
vn 0.1855 0.9529 -0.2398
vn 0.1888 0.9151 -0.3563
vn 0.1992 0.8565 -0.4762
vn 0.2771 0.9603 -0.0317
vn 0.2817 0.9510 -0.1270
vn 0.2802 0.9273 -0.2481
vn 0.2749 0.8932 -0.3559
vn 0.2824 0.8388 -0.4655
vn 0.0383 0.3361 -0.9410
vn 0.1529 0.3438 -0.9265
vn 0.1513 0.0928 -0.9841
vn 0.3001 0.3468 -0.8887
vn 0.3034 0.0936 -0.9483
vn 0.4409 0.3484 -0.8272
vn 0.4578 0.0939 -0.8841
vn 0.0345 0.5959 -0.8023
vn 0.1356 0.6035 -0.7858
vn 0.2641 0.6041 -0.7518
vn 0.3816 0.6014 -0.7019
vn 0.0294 0.7676 -0.6402
vn 0.1164 0.7690 -0.6285
vn 0.2254 0.7621 -0.6070
vn 0.3212 0.7493 -0.5791
vn 1.0000 -0.0000 -0.0000
vn -0.2762 0.9611 -0.0000
vn -0.1751 0.9845 -0.0000
vn -0.3961 0.9182 -0.0000
vn -0.5442 0.8390 -0.0000
vn -0.7257 0.6880 -0.0000
vn -0.9117 0.4108 -0.0000
vn -0.9935 0.1135 -0.0000
vn -0.9980 -0.0000 -0.0634
vn -1.0000 -0.0000 -0.0000
vn -0.0000 0.9996 0.0271
vn -0.0000 0.9940 0.1097
vn -0.0000 0.9746 0.2240
vn -0.0000 0.9375 0.3480
vn -0.0000 0.8738 0.4863
vn -0.0000 0.7675 0.6410
vn -0.0000 0.5947 0.8040
vn -0.0000 0.3336 0.9427
vn 0.0209 0.9998 -0.0000
vn 0.0850 0.9964 -0.0000
vn 0.1751 0.9845 -0.0000
vn 0.2762 0.9611 -0.0000
vn 0.3961 0.9182 -0.0000
vn 0.5442 0.8390 -0.0000
vn 0.7257 0.6880 -0.0000
vn 0.9117 0.4108 -0.0000
vn 0.9935 0.1135 -0.0000
vn 0.1525 -0.0000 -0.9883
vn 0.3060 -0.0000 -0.9520
vn 0.4603 -0.0000 -0.8877
vn 0.6133 -0.0000 -0.7899
vn 0.7581 -0.0000 -0.6521
vn 0.8825 -0.0000 -0.4703
vn 0.9688 -0.0000 -0.2479
vn 0.9980 -0.0000 -0.0634
vn 0.1525 -0.0000 0.9883
vn 0.3060 -0.0000 0.9520
vn 0.4603 -0.0000 0.8877
vn 0.6133 -0.0000 0.7899
vn 0.7581 -0.0000 0.6521
vn 0.8825 -0.0000 0.4703
vn 0.9688 -0.0000 0.2478
vn 0.9980 -0.0000 0.0634
vn -0.1525 -0.0000 0.9883
vn -0.0380 -0.0000 0.9993
vn -0.3060 -0.0000 0.9520
vn -0.4603 -0.0000 0.8877
vn -0.6133 -0.0000 0.7899
vn -0.7581 -0.0000 0.6521
vn -0.8825 -0.0000 0.4703
vn -0.9688 -0.0000 0.2478
vn -0.9980 -0.0000 0.0634
vn -0.1525 -0.0000 -0.9883
vn -0.3060 -0.0000 -0.9520
vn -0.4603 -0.0000 -0.8877
vn -0.6133 -0.0000 -0.7899
vn -0.7581 -0.0000 -0.6521
vn -0.8825 -0.0000 -0.4703
vn -0.9688 -0.0000 -0.2479
vn -0.0000 -0.0000 -1.0000
vn -0.0000 1.0000 -0.0000
vn -0.0000 0.9253 -0.3793
vn -0.0000 0.9253 0.3793
vn 0.0001 0.1744 -0.9847
vn -0.0001 0.1744 -0.9847
vn 0.1920 0.1746 -0.9657
vn 0.1922 0.1746 -0.9657
vn 0.3767 0.1748 -0.9097
vn 0.3768 0.1748 -0.9096
vn 0.5470 0.1749 -0.8187
vn 0.5470 0.1749 -0.8186
vn 0.6962 0.1750 -0.6962
vn 0.8186 0.1751 -0.5470
vn 0.9096 0.1751 -0.3768
vn 0.9656 0.1751 -0.1921
vn 0.9846 0.1750 -0.0000
vn 0.9657 0.1749 0.1921
vn 0.9657 0.1749 0.1920
vn 0.9096 0.1748 0.3768
vn 0.9097 0.1748 0.3767
vn 0.8187 0.1746 0.5471
vn 0.8187 0.1746 0.5470
vn 0.6962 0.1744 0.6963
vn 0.6963 0.1744 0.6962
vn 0.5470 0.1742 0.8188
vn 0.5471 0.1742 0.8187
vn 0.3768 0.1740 0.9098
vn 0.3769 0.1740 0.9098
vn 0.1921 0.1737 0.9659
vn 0.1922 0.1737 0.9659
vn -0.0001 0.1735 0.9848
vn 0.0001 0.1735 0.9848
vn -0.1922 0.1733 0.9659
vn -0.1921 0.1733 0.9660
vn -0.3770 0.1731 0.9099
vn -0.3769 0.1731 0.9099
vn -0.5472 0.1730 0.8189
vn -0.5472 0.1730 0.8190
vn -0.6965 0.1729 0.6964
vn -0.6964 0.1729 0.6965
vn -0.5554 0.1606 0.8159
vn -0.5351 0.1590 0.8297
vn -0.2815 0.1338 0.9502
vn -0.8709 0.1338 -0.4728
vn -0.9697 0.1606 -0.1842
vn -0.9650 0.1590 -0.2083
vn -0.9849 0.1729 -0.0000
vn -0.9660 0.1730 -0.1921
vn -0.9660 0.1730 -0.1922
vn -0.9099 0.1731 -0.3769
vn -0.9099 0.1731 -0.3770
vn -0.8189 0.1733 -0.5471
vn -0.8189 0.1733 -0.5472
vn -0.6964 0.1735 -0.6963
vn -0.6963 0.1735 -0.6964
vn -0.5472 0.1737 -0.8188
vn -0.5471 0.1737 -0.8189
vn -0.3769 0.1740 -0.9098
vn -0.3768 0.1740 -0.9098
vn -0.1922 0.1742 -0.9658
vn -0.1920 0.1742 -0.9658
vn -0.0725 -0.9915 -0.1085
vn -0.0708 -0.9915 -0.1096
vn 0.0001 0.1734 -0.9848
vn -0.0001 0.1734 -0.9848
vn 0.1920 0.1737 -0.9659
vn 0.1922 0.1737 -0.9659
vn 0.3768 0.1740 -0.9098
vn 0.3769 0.1740 -0.9098
vn 0.5470 0.1742 -0.8188
vn 0.5471 0.1742 -0.8187
vn 0.6962 0.1745 -0.6963
vn 0.6963 0.1745 -0.6962
vn 0.8186 0.1747 -0.5471
vn 0.8187 0.1747 -0.5470
vn 0.9096 0.1749 -0.3768
vn 0.9097 0.1749 -0.3767
vn 0.9656 0.1751 -0.1920
vn 0.9845 0.1752 -0.0000
vn 0.9656 0.1753 0.1920
vn 0.9656 0.1753 0.1921
vn 0.9096 0.1753 0.3768
vn 0.8186 0.1753 0.5470
vn 0.6961 0.1752 0.6962
vn 0.6962 0.1752 0.6961
vn 0.5469 0.1751 0.8187
vn 0.5470 0.1751 0.8186
vn 0.3767 0.1749 0.9097
vn 0.3768 0.1749 0.9096
vn 0.1920 0.1747 0.9657
vn 0.1922 0.1747 0.9657
vn -0.0001 0.1745 0.9847
vn 0.0001 0.1745 0.9847
vn -0.1922 0.1742 0.9658
vn -0.1920 0.1742 0.9658
vn -0.3769 0.1740 0.9098
vn -0.3768 0.1740 0.9098
vn -0.5472 0.1737 0.8188
vn -0.5471 0.1737 0.8189
vn -0.6965 0.1734 0.6963
vn -0.6963 0.1734 0.6964
vn -0.8189 0.1732 0.5471
vn -0.8189 0.1732 0.5472
vn -0.9100 0.1730 0.3769
vn -0.9099 0.1730 0.3770
vn -0.9660 0.1728 0.1921
vn -0.9660 0.1728 0.1922
vn -0.9850 0.1727 -0.0000
vn -0.9634 0.1583 0.2163
vn -0.9568 0.1562 0.2453
vn -0.8360 0.1256 0.5341
vn -0.2135 0.1256 -0.9688
vn -0.5283 0.1583 -0.8342
vn -0.5031 0.1562 -0.8500
vn -0.6965 0.1727 -0.6965
vn -0.5473 0.1728 -0.8189
vn -0.5472 0.1728 -0.8190
vn -0.3770 0.1730 -0.9099
vn -0.3769 0.1730 -0.9100
vn -0.1922 0.1732 -0.9659
vn -0.1921 0.1732 -0.9660
vn -0.0274 -0.9915 -0.1276
vn -0.0255 -0.9915 -0.1280
vn 0.2294 -0.0000 -0.9733
vn 0.1605 -0.0000 -0.9870
vn 0.5844 -0.0000 -0.8115
vn 0.5260 -0.0000 -0.8505
vn 0.8505 -0.0000 -0.5260
vn 0.8115 -0.0000 -0.5844
vn 0.9870 -0.0000 -0.1606
vn 0.9733 -0.0000 -0.2294
vn 0.9733 -0.0000 0.2294
vn 0.9870 -0.0000 0.1606
vn 0.8115 -0.0000 0.5844
vn 0.8505 -0.0000 0.5260
vn 0.5260 -0.0000 0.8505
vn 0.5844 -0.0000 0.8115
vn 0.1605 -0.0000 0.9870
vn 0.2294 -0.0000 0.9733
vn -0.2294 -0.0000 0.9733
vn -0.1605 -0.0000 0.9870
vn -0.5844 -0.0000 0.8115
vn -0.5260 -0.0000 0.8505
vn -0.8505 -0.0000 0.5260
vn -0.8115 -0.0000 0.5844
vn -0.9870 -0.0000 0.1606
vn -0.9733 -0.0000 0.2294
vn -0.9733 -0.0000 -0.2294
vn -0.9870 -0.0000 -0.1606
vn -0.8115 -0.0000 -0.5844
vn -0.8505 -0.0000 -0.5260
vn -0.5260 -0.0000 -0.8505
vn -0.5844 -0.0000 -0.8115
vn -0.1605 -0.0000 -0.9870
vn -0.2294 -0.0000 -0.9733
vn -0.0235 -0.9915 -0.1283
vn -0.0742 -0.9915 -0.1073
vn -0.1085 -0.9915 -0.0725
vn -0.1073 -0.9915 -0.0742
vn -0.1096 -0.9915 -0.0708
vn -0.1280 -0.9915 -0.0255
vn -0.1276 -0.9915 -0.0274
vn -0.1283 -0.9915 -0.0235
vn -0.1280 -0.9915 0.0255
vn -0.1283 -0.9915 0.0235
vn -0.1276 -0.9915 0.0274
vn -0.1085 -0.9915 0.0725
vn -0.1096 -0.9915 0.0708
vn -0.1073 -0.9915 0.0742
vn -0.0725 -0.9915 0.1085
vn -0.0742 -0.9915 0.1073
vn -0.0708 -0.9915 0.1096
vn -0.0255 -0.9915 0.1280
vn -0.0274 -0.9915 0.1276
vn -0.0235 -0.9915 0.1283
vn 0.0255 -0.9915 0.1280
vn 0.0235 -0.9915 0.1283
vn 0.0274 -0.9915 0.1276
vn 0.0725 -0.9915 0.1085
vn 0.0708 -0.9915 0.1096
vn 0.0742 -0.9915 0.1073
vn 0.1085 -0.9915 0.0725
vn 0.1073 -0.9915 0.0742
vn 0.1096 -0.9915 0.0708
vn 0.1280 -0.9915 0.0255
vn 0.1276 -0.9915 0.0274
vn 0.1283 -0.9915 0.0235
vn 0.1280 -0.9915 -0.0255
vn 0.1283 -0.9915 -0.0235
vn 0.1276 -0.9915 -0.0274
vn 0.1085 -0.9915 -0.0725
vn 0.1096 -0.9915 -0.0708
vn 0.1073 -0.9915 -0.0742
vn 0.0725 -0.9915 -0.1085
vn 0.0742 -0.9915 -0.1073
vn 0.0708 -0.9915 -0.1096
vn 0.0255 -0.9915 -0.1280
vn 0.0274 -0.9915 -0.1276
vn 0.0235 -0.9915 -0.1283
vn 0.1951 -0.0000 -0.9808
vn 0.3827 -0.0000 -0.9239
vn 0.5556 -0.0000 -0.8315
vn 0.7071 -0.0000 -0.7071
vn 0.8315 -0.0000 -0.5556
vn 0.9239 -0.0000 -0.3827
vn 0.9808 -0.0000 -0.1951
vn 0.9808 -0.0000 0.1951
vn 0.9239 -0.0000 0.3827
vn 0.8315 -0.0000 0.5556
vn 0.7071 -0.0000 0.7071
vn 0.5556 -0.0000 0.8315
vn 0.3827 -0.0000 0.9239
vn 0.1951 -0.0000 0.9808
vn -0.1951 -0.0000 0.9808
vn -0.3827 -0.0000 0.9239
vn -0.5556 -0.0000 0.8315
vn -0.7071 -0.0000 0.7071
vn -0.8315 -0.0000 0.5556
vn -0.9239 -0.0000 0.3827
vn -0.9808 -0.0000 0.1951
vn -0.9808 -0.0000 -0.1951
vn -0.9239 -0.0000 -0.3827
vn -0.8315 -0.0000 -0.5556
vn -0.7071 -0.0000 -0.7071
vn -0.5556 -0.0000 -0.8315
vn -0.1951 -0.0000 -0.9808
vn -0.3827 -0.0000 -0.9239
vn -0.0330 0.9995 -0.0000
vn -0.9988 0.0486 -0.0000
vn -0.0495 0.9988 -0.0000
vn -0.9811 0.1935 -0.0000
vn -0.9250 0.3799 -0.0000
vn -0.8337 0.5522 -0.0000
vn -0.7102 0.7040 -0.0000
vn -0.5589 0.8292 -0.0000
vn -0.3855 0.9227 -0.0000
vn -0.1967 0.9805 -0.0000
vn -0.3793 0.9253 -0.0000
vn 0.3793 0.9253 -0.0000
vt 0.383510 0.256305
vt 0.397432 0.256305
vt 0.397432 0.272174
vt 0.383510 0.272174
vt 0.369312 0.105326
vt 0.383235 0.105326
vt 0.383235 0.314066
vt 0.369313 0.314066
vt 0.046200 0.018635
vt 0.045900 0.016267
vt 0.153751 0.013112
vt 0.153776 0.014985
vt 0.301885 0.200739
vt 0.295581 0.200739
vt 0.295581 0.133075
vt 0.301885 0.133075
vt 0.295332 0.200739
vt 0.263902 0.200739
vt 0.263732 0.200717
vt 0.263569 0.200653
vt 0.263418 0.200548
vt 0.263286 0.200408
vt 0.263178 0.200237
vt 0.263097 0.200042
vt 0.263048 0.199831
vt 0.263031 0.199611
vt 0.263031 0.134203
vt 0.263048 0.133983
vt 0.263097 0.133771
vt 0.263178 0.133576
vt 0.263286 0.133405
vt 0.263418 0.133265
vt 0.263569 0.133161
vt 0.263732 0.133096
vt 0.263902 0.133075
vt 0.295332 0.133075
vt 0.173055 0.213175
vt 0.172978 0.211596
vt 0.173636 0.211469
vt 0.173998 0.212762
vt 0.174251 0.211121
vt 0.174853 0.212179
vt 0.174825 0.210552
vt 0.175656 0.211395
vt 0.175361 0.209757
vt 0.176433 0.210394
vt 0.173187 0.210728
vt 0.173509 0.210641
vt 0.173852 0.210351
vt 0.174193 0.209880
vt 0.174505 0.209217
vt 0.173191 0.210462
vt 0.173251 0.210226
vt 0.173412 0.209860
vt 0.173629 0.209411
vt 0.173806 0.208835
vt 0.172553 0.210527
vt 0.172617 0.209985
vt 0.172799 0.209455
vt 0.173059 0.208966
vt 0.173304 0.208604
vt 0.180637 0.203998
vt 0.179218 0.205960
vt 0.177333 0.205326
vt 0.178452 0.203057
vt 0.175485 0.204875
vt 0.176279 0.202386
vt 0.173750 0.204645
vt 0.174112 0.201938
vt 0.172125 0.204646
vt 0.171976 0.201695
vt 0.178132 0.207682
vt 0.176522 0.207224
vt 0.175027 0.206863
vt 0.173731 0.206666
vt 0.172589 0.206700
vt 0.177234 0.209162
vt 0.175898 0.208683
vt 0.174756 0.208262
vt 0.173827 0.207977
vt 0.173032 0.207942
vt 0.163612 0.202651
vt 0.165719 0.202127
vt 0.167497 0.206037
vt 0.165926 0.206851
vt 0.169602 0.208403
vt 0.168606 0.209309
vt 0.171398 0.209556
vt 0.170972 0.210371
vt 0.167781 0.201794
vt 0.169033 0.205358
vt 0.170577 0.207636
vt 0.171880 0.208848
vt 0.169863 0.201648
vt 0.170575 0.204889
vt 0.171564 0.207043
vt 0.172393 0.208281
vt 0.154050 0.051658
vt 0.155981 0.046861
vt 0.157807 0.047636
vt 0.156303 0.051976
vt 0.159549 0.048242
vt 0.158488 0.052139
vt 0.161256 0.048657
vt 0.160661 0.052146
vt 0.162942 0.048873
vt 0.162829 0.052003
vt 0.158689 0.043704
vt 0.159984 0.044678
vt 0.161184 0.045517
vt 0.162348 0.046181
vt 0.163521 0.046587
vt 0.161431 0.042030
vt 0.162113 0.043050
vt 0.162759 0.043958
vt 0.163385 0.044691
vt 0.164140 0.045150
vt 0.163639 0.041465
vt 0.163810 0.042335
vt 0.164037 0.043145
vt 0.164320 0.043854
vt 0.164572 0.044363
vt 0.171277 0.049856
vt 0.169229 0.050669
vt 0.168366 0.048376
vt 0.170214 0.047959
vt 0.167852 0.046424
vt 0.169492 0.046227
vt 0.167540 0.044858
vt 0.168981 0.044684
vt 0.167316 0.043626
vt 0.168590 0.043350
vt 0.167127 0.051274
vt 0.166479 0.048707
vt 0.166240 0.046598
vt 0.166210 0.045048
vt 0.166195 0.043918
vt 0.164982 0.051712
vt 0.164665 0.048881
vt 0.164802 0.046686
vt 0.165090 0.045204
vt 0.165251 0.044175
vt 0.166842 0.039833
vt 0.167401 0.040481
vt 0.166553 0.041228
vt 0.166218 0.040805
vt 0.165858 0.041713
vt 0.165759 0.041293
vt 0.165008 0.042007
vt 0.165024 0.041411
vt 0.167854 0.041264
vt 0.166850 0.041839
vt 0.165977 0.042308
vt 0.165074 0.042688
vt 0.168237 0.042214
vt 0.167100 0.042641
vt 0.166103 0.043042
vt 0.165200 0.043393
vt 0.046462 0.002444
vt 0.046575 0.004028
vt 0.044004 0.004408
vt 0.043840 0.002942
vt 0.041705 0.005202
vt 0.041422 0.003799
vt 0.039642 0.006329
vt 0.039118 0.005032
vt 0.037775 0.007775
vt 0.036887 0.006683
vt 0.046554 0.005721
vt 0.044104 0.005996
vt 0.041931 0.006690
vt 0.040092 0.007643
vt 0.038518 0.008854
vt 0.046414 0.007572
vt 0.044111 0.007707
vt 0.042095 0.008203
vt 0.040473 0.008878
vt 0.039154 0.009819
vt 0.046202 0.009575
vt 0.044036 0.009511
vt 0.042128 0.009764
vt 0.040624 0.010161
vt 0.039618 0.010528
vt 0.029657 0.018893
vt 0.031018 0.014763
vt 0.032726 0.015249
vt 0.031604 0.019200
vt 0.034422 0.015672
vt 0.033555 0.019388
vt 0.036132 0.015997
vt 0.035564 0.019473
vt 0.037870 0.016203
vt 0.037641 0.019472
vt 0.032785 0.011465
vt 0.034286 0.012058
vt 0.035719 0.012674
vt 0.037091 0.013225
vt 0.038465 0.013584
vt 0.034771 0.008813
vt 0.036005 0.009619
vt 0.037107 0.010467
vt 0.038077 0.011233
vt 0.039116 0.011701
vt 0.044099 0.018992
vt 0.043811 0.016257
vt 0.043793 0.013727
vt 0.045860 0.013950
vt 0.043905 0.011489
vt 0.045988 0.011707
vt 0.041941 0.019236
vt 0.041690 0.016284
vt 0.041758 0.013664
vt 0.041969 0.011526
vt 0.039768 0.019399
vt 0.039699 0.016279
vt 0.039986 0.013674
vt 0.040392 0.011702
vt 0.040378 0.171554
vt 0.037835 0.170545
vt 0.038305 0.169101
vt 0.040794 0.169970
vt 0.038681 0.167531
vt 0.041087 0.168245
vt 0.038965 0.165813
vt 0.041276 0.166328
vt 0.039168 0.163961
vt 0.041398 0.164229
vt 0.035589 0.169249
vt 0.036126 0.167894
vt 0.036602 0.166457
vt 0.037005 0.164973
vt 0.037273 0.163402
vt 0.033531 0.167638
vt 0.034250 0.166426
vt 0.034909 0.165207
vt 0.035478 0.164041
vt 0.035818 0.162777
vt 0.031610 0.165669
vt 0.032629 0.164720
vt 0.033528 0.163774
vt 0.034300 0.162910
vt 0.034862 0.162268
vt 0.042617 0.154756
vt 0.042038 0.157204
vt 0.039846 0.156936
vt 0.040467 0.154174
vt 0.037691 0.156673
vt 0.038272 0.153710
vt 0.035683 0.156472
vt 0.036073 0.153332
vt 0.033831 0.156366
vt 0.033927 0.153054
vt 0.041701 0.159626
vt 0.039508 0.159576
vt 0.037433 0.159375
vt 0.035652 0.159148
vt 0.034113 0.159059
vt 0.041514 0.161985
vt 0.039319 0.161917
vt 0.037362 0.161593
vt 0.035800 0.161196
vt 0.034520 0.161027
vt 0.025942 0.152929
vt 0.027885 0.152787
vt 0.028607 0.156825
vt 0.026899 0.157080
vt 0.029780 0.160084
vt 0.028262 0.160472
vt 0.031148 0.162662
vt 0.029855 0.163294
vt 0.029831 0.152769
vt 0.030332 0.156571
vt 0.031271 0.159649
vt 0.032355 0.161986
vt 0.031841 0.152861
vt 0.032075 0.156407
vt 0.032700 0.159260
vt 0.033423 0.161356
vt 0.975406 0.989948
vt 0.970743 0.989888
vt 0.970743 0.722658
vt 0.975406 0.722718
vt 0.153692 0.009366
vt 0.153722 0.011238
vt 0.153660 0.007494
vt 0.153629 0.005623
vt 0.153598 0.003748
vt 0.153568 0.001869
vt 0.153539 0.000000
vt 0.369313 0.319089
vt 0.383235 0.319089
vt 0.383234 0.419389
vt 0.369312 0.419389
vt 0.171989 0.061574
vt 0.169931 0.062254
vt 0.167823 0.062762
vt 0.165676 0.063133
vt 0.163525 0.063383
vt 0.161360 0.063512
vt 0.159195 0.063516
vt 0.157019 0.063391
vt 0.154777 0.063137
vt 0.202494 0.059236
vt 0.202937 0.053381
vt 0.220133 0.056231
vt 0.218898 0.064165
vt 0.203335 0.047561
vt 0.203642 0.041787
vt 0.221857 0.040265
vt 0.221119 0.048262
vt 0.203829 0.036069
vt 0.222346 0.032243
vt 0.203865 0.030406
vt 0.222588 0.024202
vt 0.203729 0.024797
vt 0.222581 0.016144
vt 0.203404 0.019236
vt 0.222323 0.008072
vt 0.202882 0.013721
vt 0.221820 0.000000
vt 0.383510 0.315486
vt 0.397432 0.315487
vt 0.397432 0.335607
vt 0.383510 0.335607
vt 0.369312 0.104621
vt 0.383235 0.104621
vt 0.369312 0.103928
vt 0.383235 0.103928
vt 0.369312 0.103255
vt 0.383235 0.103255
vt 0.369312 0.102609
vt 0.383235 0.102609
vt 0.369312 0.101994
vt 0.383235 0.101994
vt 0.369312 0.101409
vt 0.383235 0.101409
vt 0.369312 0.100849
vt 0.383235 0.100849
vt 0.369312 0.100302
vt 0.383235 0.100302
vt 0.397432 0.272878
vt 0.383510 0.272878
vt 0.397432 0.273572
vt 0.383510 0.273572
vt 0.397432 0.274245
vt 0.383510 0.274245
vt 0.397432 0.274891
vt 0.383510 0.274891
vt 0.397432 0.275506
vt 0.383510 0.275506
vt 0.397432 0.276090
vt 0.383510 0.276090
vt 0.397432 0.276651
vt 0.383510 0.276651
vt 0.397432 0.277198
vt 0.383510 0.277198
vt 0.383509 0.063434
vt 0.383509 0.062730
vt 0.397432 0.062730
vt 0.397432 0.063434
vt 0.383509 0.062036
vt 0.397432 0.062036
vt 0.383509 0.061363
vt 0.397432 0.061363
vt 0.383509 0.060717
vt 0.397432 0.060717
vt 0.383509 0.060102
vt 0.397432 0.060102
vt 0.383509 0.059518
vt 0.397432 0.059518
vt 0.383509 0.058957
vt 0.397432 0.058957
vt 0.383509 0.058410
vt 0.397432 0.058410
vt 0.383235 0.314770
vt 0.369313 0.314770
vt 0.383235 0.315463
vt 0.369313 0.315463
vt 0.383235 0.316137
vt 0.369313 0.316137
vt 0.383235 0.316782
vt 0.369313 0.316782
vt 0.383235 0.317397
vt 0.369313 0.317397
vt 0.383235 0.317982
vt 0.369313 0.317982
vt 0.383235 0.318543
vt 0.369313 0.318543
vt 0.153776 0.177880
vt 0.153396 0.179811
vt 0.383509 0.020121
vt 0.397432 0.020121
vt 0.151055 0.191375
vt 0.150659 0.193308
vt 0.151449 0.189448
vt 0.151842 0.187524
vt 0.152234 0.185599
vt 0.152624 0.183672
vt 0.153012 0.181743
vt 0.204482 0.252937
vt 0.203404 0.258269
vt 0.205364 0.247549
vt 0.206064 0.242097
vt 0.206592 0.236576
vt 0.206965 0.230986
vt 0.207208 0.225321
vt 0.207354 0.219588
vt 0.369312 0.000000
vt 0.383235 0.000000
vt 0.207451 0.213790
vt 0.356324 0.114743
vt 0.356623 0.114813
vt 0.356910 0.115017
vt 0.357175 0.115350
vt 0.357407 0.115798
vt 0.357598 0.116343
vt 0.357739 0.116965
vt 0.357827 0.117641
vt 0.357856 0.118343
vt 0.357856 0.134492
vt 0.357856 0.276742
vt 0.357856 0.311213
vt 0.357856 0.327082
vt 0.357827 0.327784
vt 0.357739 0.328460
vt 0.357598 0.329082
vt 0.357407 0.329627
vt 0.357175 0.330075
vt 0.356910 0.330408
vt 0.356623 0.330612
vt 0.356324 0.330682
vt 0.342402 0.330682
vt 0.342402 0.114743
vt 0.397707 0.215938
vt 0.397706 0.000000
vt 0.411629 0.000000
vt 0.411928 0.000069
vt 0.412215 0.000274
vt 0.412480 0.000607
vt 0.412712 0.001054
vt 0.412903 0.001600
vt 0.413044 0.002222
vt 0.413131 0.002897
vt 0.413161 0.003600
vt 0.413161 0.212339
vt 0.413131 0.213041
vt 0.413044 0.213716
vt 0.412903 0.214338
vt 0.412712 0.214884
vt 0.412480 0.215331
vt 0.412215 0.215664
vt 0.411928 0.215869
vt 0.411629 0.215938
vt 0.959607 0.653156
vt 0.957142 0.653131
vt 0.957142 0.560537
vt 0.959607 0.560562
vt 0.568995 0.197796
vt 0.603720 0.197796
vt 0.603720 0.232521
vt 0.568995 0.232521
vt 0.712523 0.293481
vt 0.747248 0.293481
vt 0.747248 0.328206
vt 0.712523 0.328206
vt 0.664681 0.197796
vt 0.699406 0.197796
vt 0.699406 0.232521
vt 0.664681 0.232521
vt 0.616838 0.341324
vt 0.651563 0.341324
vt 0.651563 0.376049
vt 0.616838 0.376049
vt 0.521357 0.006016
vt 0.556082 0.006016
vt 0.556082 0.040741
vt 0.521357 0.040741
vt 0.760366 0.197796
vt 0.795091 0.197796
vt 0.795091 0.232521
vt 0.760366 0.232521
vt 0.664681 0.102111
vt 0.699406 0.102111
vt 0.699406 0.136836
vt 0.664681 0.136836
vt 0.712728 0.054268
vt 0.747453 0.054268
vt 0.747453 0.088993
vt 0.712728 0.088993
vt 0.617043 0.054268
vt 0.651768 0.054268
vt 0.651767 0.088993
vt 0.617043 0.088993
vt 0.616838 0.102111
vt 0.651563 0.102111
vt 0.651563 0.136836
vt 0.616838 0.136836
vt 0.521153 0.245639
vt 0.555878 0.245639
vt 0.555878 0.280364
vt 0.521153 0.280364
vt 0.521153 0.341324
vt 0.555878 0.341324
vt 0.555878 0.376049
vt 0.521153 0.376049
vt 0.568995 0.102111
vt 0.603720 0.102111
vt 0.603720 0.136836
vt 0.568995 0.136836
vt 0.760366 0.341324
vt 0.795091 0.341324
vt 0.795091 0.376049
vt 0.760366 0.376049
vt 0.617043 0.006016
vt 0.651768 0.006016
vt 0.651768 0.040741
vt 0.617043 0.040741
vt 0.760366 0.245639
vt 0.795091 0.245639
vt 0.795091 0.280364
vt 0.760366 0.280364
vt 0.521153 0.149953
vt 0.555878 0.149954
vt 0.555878 0.184679
vt 0.521153 0.184679
vt 0.664681 0.245639
vt 0.699406 0.245639
vt 0.699406 0.280364
vt 0.664681 0.280364
vt 0.616838 0.149953
vt 0.651563 0.149953
vt 0.651563 0.184678
vt 0.616838 0.184678
vt 0.760366 0.149953
vt 0.795091 0.149953
vt 0.795091 0.184678
vt 0.760366 0.184678
vt 0.569200 0.006016
vt 0.603925 0.006016
vt 0.603925 0.040741
vt 0.569200 0.040741
vt 0.760366 0.293481
vt 0.795091 0.293481
vt 0.795091 0.328206
vt 0.760366 0.328206
vt 0.712523 0.197796
vt 0.747248 0.197796
vt 0.747248 0.232521
vt 0.712523 0.232521
vt 0.473310 0.389167
vt 0.508035 0.389167
vt 0.508035 0.423892
vt 0.473310 0.423892
vt 0.422830 0.345969
vt 0.457555 0.345969
vt 0.457555 0.380694
vt 0.422830 0.380694
vt 0.712728 0.006016
vt 0.747453 0.006016
vt 0.747453 0.040741
vt 0.712728 0.040741
vt 0.760570 0.006016
vt 0.795295 0.006016
vt 0.795295 0.040741
vt 0.760570 0.040741
vt 0.712523 0.341324
vt 0.747248 0.341324
vt 0.747248 0.376049
vt 0.712523 0.376049
vt 0.664681 0.341324
vt 0.699405 0.341324
vt 0.699405 0.376049
vt 0.664681 0.376049
vt 0.422830 0.298126
vt 0.457555 0.298126
vt 0.457555 0.332851
vt 0.422830 0.332851
vt 0.664885 0.006016
vt 0.699610 0.006016
vt 0.699610 0.040741
vt 0.664885 0.040741
vt 0.616838 0.197796
vt 0.651563 0.197796
vt 0.651563 0.232521
vt 0.616838 0.232521
vt 0.422830 0.202441
vt 0.457555 0.202441
vt 0.457555 0.237166
vt 0.422830 0.237166
vt 0.473310 0.149953
vt 0.508035 0.149953
vt 0.508035 0.184678
vt 0.473310 0.184678
vt 0.568995 0.149953
vt 0.603720 0.149953
vt 0.603720 0.184678
vt 0.568995 0.184678
vt 0.616838 0.245639
vt 0.651563 0.245639
vt 0.651563 0.280364
vt 0.616838 0.280364
vt 0.473310 0.197796
vt 0.508035 0.197796
vt 0.508035 0.232521
vt 0.473310 0.232521
vt 0.616838 0.293481
vt 0.651563 0.293481
vt 0.651563 0.328206
vt 0.616838 0.328206
vt 0.760570 0.054268
vt 0.795295 0.054268
vt 0.795295 0.088993
vt 0.760570 0.088993
vt 0.712523 0.245639
vt 0.747248 0.245639
vt 0.747248 0.280364
vt 0.712523 0.280364
vt 0.712523 0.102111
vt 0.747248 0.102111
vt 0.747248 0.136836
vt 0.712523 0.136836
vt 0.473310 0.102111
vt 0.508035 0.102111
vt 0.508035 0.136836
vt 0.473310 0.136836
vt 0.521153 0.102111
vt 0.555878 0.102111
vt 0.555878 0.136836
vt 0.521153 0.136836
vt 0.664681 0.149953
vt 0.699406 0.149953
vt 0.699406 0.184678
vt 0.664681 0.184678
vt 0.473310 0.245639
vt 0.508035 0.245639
vt 0.508035 0.280364
vt 0.473310 0.280364
vt 0.568995 0.341324
vt 0.603720 0.341324
vt 0.603720 0.376049
vt 0.568995 0.376049
vt 0.521357 0.054268
vt 0.556082 0.054268
vt 0.556082 0.088993
vt 0.521357 0.088993
vt 0.521153 0.293481
vt 0.555878 0.293481
vt 0.555878 0.328206
vt 0.521153 0.328206
vt 0.473310 0.293481
vt 0.508035 0.293481
vt 0.508035 0.328206
vt 0.473310 0.328206
vt 0.473310 0.341324
vt 0.508035 0.341324
vt 0.508035 0.376049
vt 0.473310 0.376049
vt 0.422830 0.154598
vt 0.457555 0.154598
vt 0.457555 0.189323
vt 0.422830 0.189323
vt 0.664681 0.293481
vt 0.699406 0.293481
vt 0.699406 0.328206
vt 0.664681 0.328206
vt 0.664885 0.054268
vt 0.699610 0.054268
vt 0.699610 0.088993
vt 0.664885 0.088993
vt 0.760366 0.102111
vt 0.795091 0.102111
vt 0.795091 0.136836
vt 0.760366 0.136836
vt 0.568995 0.293481
vt 0.603720 0.293481
vt 0.603720 0.328206
vt 0.568995 0.328206
vt 0.568995 0.245639
vt 0.603720 0.245639
vt 0.603720 0.280364
vt 0.568995 0.280364
vt 0.422830 0.250284
vt 0.457556 0.250284
vt 0.457556 0.285009
vt 0.422830 0.285009
vt 0.712523 0.149953
vt 0.747248 0.149953
vt 0.747248 0.184678
vt 0.712523 0.184678
vt 0.422831 0.106756
vt 0.457556 0.106756
vt 0.457555 0.141481
vt 0.422830 0.141481
vt 0.521153 0.197796
vt 0.555878 0.197796
vt 0.555878 0.232521
vt 0.521153 0.232521
vt 0.569200 0.054268
vt 0.603925 0.054268
vt 0.603925 0.088993
vt 0.569200 0.088993
vt 0.422830 0.006016
vt 0.460193 0.006016
vt 0.460193 0.043378
vt 0.422830 0.043378
vt 0.473310 0.482578
vt 0.502282 0.482578
vt 0.502282 0.511549
vt 0.473310 0.511549
vt 0.899550 0.006016
vt 0.928522 0.006016
vt 0.928522 0.034988
vt 0.899550 0.034988
vt 0.928317 0.310946
vt 0.899345 0.310946
vt 0.899346 0.281974
vt 0.928317 0.281974
vt 0.899346 0.197796
vt 0.928317 0.197796
vt 0.928317 0.226768
vt 0.899346 0.226767
vt 0.660206 0.480304
vt 0.689178 0.480304
vt 0.689178 0.509275
vt 0.660206 0.509275
vt 0.899346 0.239885
vt 0.928317 0.239885
vt 0.928317 0.268857
vt 0.899346 0.268857
vt 0.899550 0.051585
vt 0.928522 0.051585
vt 0.928522 0.080556
vt 0.899550 0.080556
vt 0.899346 0.324063
vt 0.928317 0.324063
vt 0.928317 0.353035
vt 0.899346 0.353035
vt 0.899346 0.147679
vt 0.928317 0.147679
vt 0.928317 0.176651
vt 0.899346 0.176651
vt 0.897072 0.480304
vt 0.926043 0.480304
vt 0.926043 0.509275
vt 0.897072 0.509275
vt 0.851503 0.480304
vt 0.880474 0.480304
vt 0.880474 0.509275
vt 0.851503 0.509275
vt 0.712523 0.480304
vt 0.741495 0.480304
vt 0.741495 0.509275
vt 0.712523 0.509275
vt 0.758092 0.480304
vt 0.787063 0.480304
vt 0.787063 0.509275
vt 0.758092 0.509275
vt 0.614564 0.480304
vt 0.643535 0.480304
vt 0.643535 0.509275
vt 0.614564 0.509275
vt 0.805821 0.480304
vt 0.834793 0.480304
vt 0.834793 0.509275
vt 0.805821 0.509275
vt 0.563242 0.480304
vt 0.592214 0.480304
vt 0.592214 0.509275
vt 0.563242 0.509275
vt 0.899346 0.102111
vt 0.928317 0.102111
vt 0.928317 0.131082
vt 0.899346 0.131082
vt 0.521153 0.480304
vt 0.550124 0.480304
vt 0.550124 0.509275
vt 0.521153 0.509275
vt 0.614564 0.434735
vt 0.647015 0.434735
vt 0.647015 0.467186
vt 0.614564 0.467186
vt 0.853777 0.245639
vt 0.886228 0.245639
vt 0.886228 0.278090
vt 0.853777 0.278090
vt 0.853777 0.102111
vt 0.886228 0.102111
vt 0.886228 0.134562
vt 0.853777 0.134562
vt 0.805934 0.389167
vt 0.838385 0.389167
vt 0.838385 0.421617
vt 0.805934 0.421617
vt 0.568995 0.389167
vt 0.601446 0.389167
vt 0.601446 0.421618
vt 0.568995 0.421617
vt 0.616838 0.389167
vt 0.649289 0.389167
vt 0.649289 0.421617
vt 0.616838 0.421617
vt 0.760366 0.389167
vt 0.792817 0.389167
vt 0.792817 0.421617
vt 0.760366 0.421617
vt 0.475789 0.006016
vt 0.508240 0.006016
vt 0.508240 0.038467
vt 0.475789 0.038467
vt 0.851503 0.389167
vt 0.883954 0.389167
vt 0.883954 0.421617
vt 0.851503 0.421617
vt 0.422831 0.439380
vt 0.455282 0.439380
vt 0.455282 0.471831
vt 0.422831 0.471831
vt 0.473310 0.437009
vt 0.505761 0.437009
vt 0.505761 0.469460
vt 0.473310 0.469460
vt 0.853777 0.291207
vt 0.886228 0.291207
vt 0.886228 0.323658
vt 0.853777 0.323658
vt 0.521153 0.389167
vt 0.553604 0.389167
vt 0.553604 0.421618
vt 0.521153 0.421618
vt 0.808208 0.102111
vt 0.840659 0.102111
vt 0.840659 0.134562
vt 0.808208 0.134562
vt 0.712523 0.389167
vt 0.744974 0.389167
vt 0.744974 0.421618
vt 0.712523 0.421618
vt 0.521153 0.434735
vt 0.553604 0.434735
vt 0.553604 0.467186
vt 0.521153 0.467186
vt 0.422830 0.393812
vt 0.455281 0.393812
vt 0.455281 0.426262
vt 0.422830 0.426262
vt 0.808413 0.053859
vt 0.840864 0.053859
vt 0.840864 0.086310
vt 0.808413 0.086310
vt 0.853777 0.341324
vt 0.886228 0.341324
vt 0.886228 0.373775
vt 0.853777 0.373775
vt 0.853981 0.053859
vt 0.886432 0.053859
vt 0.886432 0.086310
vt 0.853981 0.086310
vt 0.897072 0.434735
vt 0.929522 0.434735
vt 0.929522 0.467186
vt 0.897072 0.467186
vt 0.808208 0.293481
vt 0.840659 0.293481
vt 0.840659 0.325932
vt 0.808208 0.325932
vt 0.808208 0.149953
vt 0.840659 0.149953
vt 0.840659 0.182405
vt 0.808209 0.182405
vt 0.664681 0.389167
vt 0.697132 0.389167
vt 0.697132 0.421617
vt 0.664681 0.421617
vt 0.808208 0.197796
vt 0.840659 0.197796
vt 0.840659 0.230247
vt 0.808208 0.230247
vt 0.851503 0.434735
vt 0.883954 0.434735
vt 0.883954 0.467186
vt 0.851503 0.467186
vt 0.853777 0.197796
vt 0.886228 0.197796
vt 0.886228 0.230247
vt 0.853777 0.230247
vt 0.758092 0.434735
vt 0.790543 0.434735
vt 0.790543 0.467186
vt 0.758092 0.467186
vt 0.712523 0.434735
vt 0.744974 0.434735
vt 0.744974 0.467186
vt 0.712523 0.467186
vt 0.664681 0.434735
vt 0.697132 0.434735
vt 0.697132 0.467186
vt 0.664681 0.467186
vt 0.803660 0.434735
vt 0.836111 0.434735
vt 0.836111 0.467186
vt 0.803660 0.467186
vt 0.853777 0.149954
vt 0.886228 0.149954
vt 0.886228 0.182405
vt 0.853777 0.182405
vt 0.475789 0.054063
vt 0.508240 0.054063
vt 0.508240 0.086514
vt 0.475789 0.086514
vt 0.853981 0.006016
vt 0.886432 0.006016
vt 0.886432 0.038467
vt 0.853981 0.038467
vt 0.808208 0.245639
vt 0.840659 0.245639
vt 0.840659 0.278090
vt 0.808208 0.278090
vt 0.808208 0.341324
vt 0.840659 0.341324
vt 0.840659 0.373775
vt 0.808208 0.373775
vt 0.568995 0.434735
vt 0.601446 0.434735
vt 0.601446 0.467186
vt 0.568995 0.467186
vt 0.897072 0.389167
vt 0.929522 0.389167
vt 0.929522 0.421617
vt 0.897072 0.421617
vt 0.808413 0.006016
vt 0.840864 0.006016
vt 0.840864 0.038467
vt 0.808413 0.038467
vt 0.420485 0.058842
vt 0.457627 0.058842
vt 0.457627 0.091293
vt 0.420485 0.091293
vt 0.381810 0.724281
vt 0.381810 0.988152
vt 0.025771 0.988152
vt 0.025771 0.724282
vt 0.257412 0.230975
vt 0.257774 0.218224
vt 0.258109 0.218561
vt 0.258086 0.230979
vt 0.754350 0.421617
vt 0.754350 0.389167
vt 0.609737 0.149953
vt 0.609737 0.184678
vt 0.760366 0.383150
vt 0.792817 0.383150
vt 0.603720 0.190695
vt 0.568995 0.190695
vt 0.798833 0.389167
vt 0.798833 0.421617
vt 0.610822 0.280364
vt 0.610822 0.245639
vt 0.792817 0.427634
vt 0.760366 0.427634
vt 0.616838 0.239623
vt 0.651563 0.239623
vt 0.467294 0.038467
vt 0.469773 0.006016
vt 0.657579 0.245639
vt 0.657579 0.280364
vt 0.475789 0.000000
vt 0.508240 0.000000
vt 0.651563 0.286380
vt 0.616838 0.286380
vt 0.514256 0.006016
vt 0.514256 0.038467
vt 0.467294 0.232521
vt 0.467294 0.197796
vt 0.508240 0.044483
vt 0.475789 0.046962
vt 0.473310 0.191780
vt 0.508035 0.191780
vt 0.845487 0.421617
vt 0.845487 0.389167
vt 0.514051 0.197796
vt 0.514051 0.232521
vt 0.851503 0.383150
vt 0.883954 0.383150
vt 0.508035 0.238537
vt 0.473310 0.238537
vt 0.889970 0.389167
vt 0.889970 0.421617
vt 0.610822 0.328206
vt 0.610822 0.293481
vt 0.883954 0.427634
vt 0.851503 0.427634
vt 0.616838 0.287465
vt 0.651563 0.287465
vt 0.416814 0.471831
vt 0.416814 0.439380
vt 0.657579 0.293481
vt 0.657579 0.328206
vt 0.422831 0.433364
vt 0.455282 0.433364
vt 0.651563 0.334222
vt 0.616838 0.334222
vt 0.461298 0.439380
vt 0.461298 0.471831
vt 0.754554 0.088993
vt 0.754554 0.054268
vt 0.455282 0.477847
vt 0.422831 0.477847
vt 0.760570 0.048252
vt 0.795295 0.048252
vt 0.467294 0.469460
vt 0.467294 0.437009
vt 0.801312 0.054268
vt 0.801312 0.088993
vt 0.473310 0.430993
vt 0.505761 0.430993
vt 0.795295 0.095009
vt 0.760570 0.095009
vt 0.511777 0.437009
vt 0.511777 0.469460
vt 0.706507 0.280364
vt 0.706507 0.245639
vt 0.505761 0.475476
vt 0.473310 0.475476
vt 0.712523 0.239623
vt 0.747248 0.239623
vt 0.847761 0.323658
vt 0.847761 0.291207
vt 0.753264 0.245639
vt 0.753264 0.280364
vt 0.853777 0.285191
vt 0.886228 0.285191
vt 0.747248 0.286380
vt 0.712523 0.286380
vt 0.892244 0.291207
vt 0.892244 0.323658
vt 0.706507 0.136836
vt 0.706507 0.102111
vt 0.886228 0.329674
vt 0.853777 0.329674
vt 0.712523 0.096095
vt 0.747248 0.096095
vt 0.515137 0.421618
vt 0.515137 0.389167
vt 0.753264 0.102111
vt 0.753264 0.136836
vt 0.521153 0.383150
vt 0.553604 0.383150
vt 0.747248 0.142852
vt 0.712523 0.142852
vt 0.559620 0.389167
vt 0.559620 0.421618
vt 0.467294 0.136836
vt 0.467294 0.102111
vt 0.553604 0.427634
vt 0.521153 0.427634
vt 0.473310 0.096095
vt 0.508035 0.096095
vt 0.802192 0.134562
vt 0.802192 0.102111
vt 0.514051 0.102111
vt 0.514051 0.136836
vt 0.808208 0.096095
vt 0.840659 0.096095
vt 0.508035 0.142852
vt 0.473310 0.142852
vt 0.846676 0.102111
vt 0.846676 0.134562
vt 0.515137 0.136836
vt 0.515137 0.102111
vt 0.840659 0.140578
vt 0.808208 0.140578
vt 0.521153 0.096095
vt 0.555878 0.096095
vt 0.706507 0.421618
vt 0.706507 0.389167
vt 0.561894 0.102111
vt 0.561894 0.136836
vt 0.712523 0.383150
vt 0.744974 0.383150
vt 0.555878 0.142852
vt 0.521153 0.142852
vt 0.750990 0.389167
vt 0.750990 0.421618
vt 0.658665 0.184678
vt 0.658665 0.149953
vt 0.744974 0.427634
vt 0.712523 0.427634
vt 0.664681 0.143937
vt 0.699406 0.143937
vt 0.515137 0.467186
vt 0.515137 0.434735
vt 0.705422 0.149953
vt 0.705422 0.184678
vt 0.521153 0.428719
vt 0.553604 0.428719
vt 0.699406 0.190695
vt 0.664681 0.190695
vt 0.559620 0.434735
vt 0.559620 0.467186
vt 0.467294 0.280364
vt 0.467294 0.245639
vt 0.553604 0.473202
vt 0.521153 0.473202
vt 0.473310 0.239623
vt 0.508035 0.239623
vt 0.416814 0.426262
vt 0.416814 0.393812
vt 0.514051 0.245639
vt 0.514051 0.280364
vt 0.422830 0.387795
vt 0.455281 0.387795
vt 0.508035 0.286380
vt 0.473310 0.286380
vt 0.461298 0.393812
vt 0.461298 0.426262
vt 0.562979 0.376049
vt 0.562979 0.341324
vt 0.455281 0.432279
vt 0.422830 0.432279
vt 0.568995 0.335308
vt 0.603720 0.335308
vt 0.802397 0.086310
vt 0.802397 0.053859
vt 0.609737 0.341324
vt 0.609737 0.376049
vt 0.808413 0.047843
vt 0.840864 0.047843
vt 0.603721 0.382065
vt 0.568995 0.382065
vt 0.846880 0.053859
vt 0.846880 0.086310
vt 0.515341 0.088993
vt 0.515341 0.054268
vt 0.840864 0.092326
vt 0.808413 0.092326
vt 0.521357 0.048252
vt 0.556082 0.048252
vt 0.847761 0.373775
vt 0.847761 0.341324
vt 0.562099 0.054268
vt 0.562099 0.088993
vt 0.853777 0.335308
vt 0.886228 0.335308
vt 0.556082 0.095009
vt 0.521357 0.095009
vt 0.892244 0.341324
vt 0.892244 0.373775
vt 0.515137 0.328206
vt 0.515137 0.293481
vt 0.886228 0.379791
vt 0.853777 0.379791
vt 0.521153 0.287465
vt 0.555878 0.287465
vt 0.847965 0.086310
vt 0.847965 0.053859
vt 0.561894 0.293481
vt 0.561894 0.328206
vt 0.853981 0.047843
vt 0.886432 0.047843
vt 0.555878 0.334223
vt 0.521153 0.334223
vt 0.892449 0.053859
vt 0.892449 0.086310
vt 0.467294 0.328206
vt 0.467294 0.293481
vt 0.886432 0.092326
vt 0.853981 0.092326
vt 0.473310 0.287465
vt 0.508035 0.287465
vt 0.891055 0.467186
vt 0.891055 0.434735
vt 0.514051 0.293481
vt 0.514051 0.328206
vt 0.897072 0.428719
vt 0.929522 0.428719
vt 0.508035 0.334223
vt 0.473310 0.334223
vt 0.935539 0.434735
vt 0.935539 0.467186
vt 0.467294 0.376049
vt 0.467294 0.341324
vt 0.929522 0.473202
vt 0.897072 0.473202
vt 0.473310 0.335308
vt 0.508035 0.335308
vt 0.802192 0.325932
vt 0.802192 0.293481
vt 0.514051 0.341324
vt 0.514051 0.376049
vt 0.808208 0.287465
vt 0.840659 0.287465
vt 0.508035 0.382065
vt 0.473310 0.382065
vt 0.846675 0.293481
vt 0.846676 0.325932
vt 0.801107 0.102111
vt 0.801107 0.136836
vt 0.840659 0.331949
vt 0.808208 0.331948
vt 0.795091 0.142852
vt 0.760366 0.142852
vt 0.802192 0.182405
vt 0.802192 0.149953
vt 0.760366 0.096095
vt 0.795091 0.096095
vt 0.808208 0.143937
vt 0.840659 0.143937
vt 0.754350 0.136836
vt 0.754350 0.102111
vt 0.846676 0.149953
vt 0.846676 0.182405
vt 0.705626 0.054268
vt 0.705626 0.088993
vt 0.840659 0.188421
vt 0.808209 0.188421
vt 0.699610 0.095009
vt 0.664885 0.095009
vt 0.658665 0.421617
vt 0.658665 0.389167
vt 0.664885 0.048252
vt 0.699610 0.048252
vt 0.562979 0.232521
vt 0.562979 0.197796
vt 0.664681 0.383150
vt 0.697132 0.383150
vt 0.658869 0.088993
vt 0.658869 0.054268
vt 0.568995 0.191780
vt 0.603720 0.191780
vt 0.703148 0.389167
vt 0.703148 0.421617
vt 0.705422 0.293481
vt 0.705422 0.328206
vt 0.609737 0.197796
vt 0.609737 0.232521
vt 0.697132 0.427634
vt 0.664681 0.427634
vt 0.699406 0.334222
vt 0.664681 0.334222
vt 0.603720 0.238537
vt 0.568995 0.238537
vt 0.802192 0.230247
vt 0.802192 0.197796
vt 0.664681 0.287465
vt 0.699406 0.287465
vt 0.706507 0.328206
vt 0.706507 0.293481
vt 0.808208 0.191780
vt 0.840659 0.191780
vt 0.658664 0.328206
vt 0.658664 0.293481
vt 0.712523 0.287465
vt 0.747248 0.287465
vt 0.846675 0.197796
vt 0.846675 0.230247
vt 0.463572 0.154598
vt 0.463572 0.189323
vt 0.753264 0.293481
vt 0.753264 0.328206
vt 0.840659 0.236263
vt 0.808208 0.236263
vt 0.457555 0.195340
vt 0.422830 0.195340
vt 0.747248 0.334223
vt 0.712523 0.334223
vt 0.845487 0.467186
vt 0.845487 0.434735
vt 0.422830 0.148582
vt 0.457555 0.148582
vt 0.658665 0.232521
vt 0.658664 0.197796
vt 0.851503 0.428719
vt 0.883954 0.428719
vt 0.416814 0.189323
vt 0.416814 0.154598
vt 0.664681 0.191780
vt 0.699406 0.191780
vt 0.889970 0.434735
vt 0.889970 0.467186
vt 0.562979 0.328206
vt 0.562979 0.293481
vt 0.705422 0.197796
vt 0.705422 0.232521
vt 0.883954 0.473202
vt 0.851503 0.473202
vt 0.568995 0.287465
vt 0.603720 0.287465
vt 0.699406 0.238537
vt 0.664681 0.238537
vt 0.847761 0.230247
vt 0.847761 0.197796
vt 0.609737 0.293481
vt 0.609737 0.328206
vt 0.610822 0.376049
vt 0.610822 0.341324
vt 0.853777 0.191780
vt 0.886228 0.191780
vt 0.603720 0.334222
vt 0.568995 0.334222
vt 0.616838 0.335308
vt 0.651563 0.335308
vt 0.892244 0.197796
vt 0.892244 0.230247
vt 0.562979 0.280364
vt 0.562979 0.245639
vt 0.657579 0.341324
vt 0.657579 0.376049
vt 0.886228 0.236263
vt 0.853777 0.236263
vt 0.568995 0.239623
vt 0.603720 0.239623
vt 0.651563 0.382065
vt 0.616838 0.382065
vt 0.752076 0.467186
vt 0.752076 0.434735
vt 0.609737 0.245639
vt 0.609737 0.280364
vt 0.515341 0.040741
vt 0.515341 0.006016
vt 0.758092 0.428719
vt 0.790543 0.428719
vt 0.603720 0.286380
vt 0.568995 0.286380
vt 0.521357 0.000000
vt 0.556082 0.000000
vt 0.796559 0.434735
vt 0.796559 0.467186
vt 0.416814 0.285009
vt 0.416814 0.250284
vt 0.562099 0.006016
vt 0.562099 0.040741
vt 0.790543 0.473202
vt 0.758092 0.473202
vt 0.422830 0.244268
vt 0.457556 0.244268
vt 0.556082 0.046757
vt 0.521357 0.046757
vt 0.706507 0.467186
vt 0.706507 0.434735
vt 0.463572 0.250284
vt 0.463572 0.285009
vt 0.754350 0.232521
vt 0.754350 0.197796
vt 0.712523 0.428719
vt 0.744974 0.428719
vt 0.457556 0.291025
vt 0.422830 0.291025
vt 0.760366 0.191780
vt 0.795091 0.191780
vt 0.750991 0.434735
vt 0.750991 0.467186
vt 0.706507 0.184678
vt 0.706507 0.149953
vt 0.801107 0.197796
vt 0.801107 0.232521
vt 0.744974 0.473202
vt 0.712523 0.473202
vt 0.712523 0.143937
vt 0.747248 0.143937
vt 0.795091 0.238537
vt 0.760366 0.238537
vt 0.658664 0.467186
vt 0.658665 0.434735
vt 0.753264 0.149953
vt 0.753264 0.184678
vt 0.658665 0.136836
vt 0.658664 0.102111
vt 0.664681 0.428719
vt 0.697132 0.428719
vt 0.747248 0.190695
vt 0.712523 0.190695
vt 0.664681 0.096095
vt 0.699406 0.096095
vt 0.703148 0.434735
vt 0.703148 0.467186
vt 0.416814 0.141481
vt 0.416814 0.106756
vt 0.705422 0.102111
vt 0.705422 0.136836
vt 0.697132 0.473202
vt 0.664681 0.473202
vt 0.422831 0.100740
vt 0.457556 0.100740
vt 0.699406 0.142852
vt 0.664681 0.142852
vt 0.797644 0.467186
vt 0.797644 0.434735
vt 0.463572 0.106756
vt 0.463572 0.141481
vt 0.706712 0.088993
vt 0.706712 0.054268
vt 0.803660 0.428719
vt 0.836111 0.428719
vt 0.457555 0.147497
vt 0.422830 0.147497
vt 0.712728 0.048252
vt 0.747453 0.048252
vt 0.842127 0.434735
vt 0.842128 0.467186
vt 0.515137 0.232521
vt 0.515137 0.197796
vt 0.753469 0.054268
vt 0.753469 0.088993
vt 0.836111 0.473202
vt 0.803660 0.473202
vt 0.521153 0.191780
vt 0.555878 0.191780
vt 0.747453 0.095009
vt 0.712728 0.095009
vt 0.847761 0.182405
vt 0.847761 0.149954
vt 0.561894 0.197796
vt 0.561894 0.232521
vt 0.611026 0.088993
vt 0.611026 0.054268
vt 0.853777 0.143937
vt 0.886228 0.143937
vt 0.555878 0.238537
vt 0.521153 0.238537
vt 0.617043 0.048252
vt 0.651768 0.048252
vt 0.892244 0.149954
vt 0.892244 0.182405
vt 0.563184 0.088993
vt 0.563184 0.054268
vt 0.657784 0.054268
vt 0.657784 0.088993
vt 0.886228 0.188421
vt 0.853777 0.188421
vt 0.569200 0.048252
vt 0.603925 0.048252
vt 0.651767 0.095009
vt 0.617043 0.095009
vt 0.467294 0.086514
vt 0.469773 0.054063
vt 0.609941 0.054268
vt 0.609941 0.088993
vt 0.610822 0.136836
vt 0.610822 0.102111
vt 0.475789 0.048047
vt 0.508240 0.048047
vt 0.603925 0.095009
vt 0.569200 0.095009
vt 0.616838 0.096095
vt 0.651563 0.096095
vt 0.514256 0.054063
vt 0.514256 0.086514
vt 0.416814 0.043378
vt 0.416814 0.006016
vt 0.657579 0.102111
vt 0.657579 0.136836
vt 0.508240 0.092531
vt 0.475789 0.095009
vt 0.422830 0.000000
vt 0.460193 0.000000
vt 0.651563 0.142852
vt 0.616838 0.142852
vt 0.847965 0.038467
vt 0.847965 0.006016
vt 0.466209 0.006016
vt 0.466209 0.043378
vt 0.515137 0.280364
vt 0.515137 0.245639
vt 0.853981 0.000000
vt 0.886432 0.000000
vt 0.460193 0.049395
vt 0.422830 0.049395
vt 0.521153 0.239623
vt 0.555878 0.239623
vt 0.892449 0.006016
vt 0.892449 0.038467
vt 0.467294 0.511549
vt 0.467294 0.482578
vt 0.561894 0.245639
vt 0.561894 0.280364
vt 0.886432 0.044483
vt 0.853981 0.044483
vt 0.473310 0.476562
vt 0.502282 0.476562
vt 0.555878 0.286380
vt 0.521153 0.286380
vt 0.802192 0.278090
vt 0.802192 0.245639
vt 0.508298 0.482578
vt 0.508298 0.511549
vt 0.515137 0.376049
vt 0.515137 0.341324
vt 0.808208 0.239623
vt 0.840659 0.239623
vt 0.502282 0.517565
vt 0.473310 0.517565
vt 0.521153 0.335308
vt 0.555878 0.335308
vt 0.846676 0.245639
vt 0.846676 0.278090
vt 0.893534 0.034988
vt 0.893534 0.006016
vt 0.561894 0.341324
vt 0.561894 0.376049
vt 0.840659 0.284106
vt 0.808208 0.284106
vt 0.899550 0.000000
vt 0.928522 0.000000
vt 0.555878 0.382065
vt 0.521153 0.382065
vt 0.802192 0.373775
vt 0.802192 0.341324
vt 0.934538 0.006016
vt 0.934538 0.034988
vt 0.562979 0.136836
vt 0.562979 0.102111
vt 0.808208 0.335308
vt 0.840659 0.335308
vt 0.928522 0.041004
vt 0.899550 0.041004
vt 0.568995 0.096095
vt 0.603720 0.096095
vt 0.846676 0.341324
vt 0.846676 0.373775
vt 0.934333 0.281974
vt 0.934333 0.310946
vt 0.609737 0.102111
vt 0.609737 0.136836
vt 0.840659 0.379791
vt 0.808208 0.379791
vt 0.928317 0.316962
vt 0.899345 0.316962
vt 0.603720 0.142852
vt 0.568995 0.142852
vt 0.562979 0.467186
vt 0.562979 0.434735
vt 0.893329 0.310946
vt 0.893329 0.281974
vt 0.754350 0.376049
vt 0.754350 0.341324
vt 0.568995 0.428719
vt 0.601446 0.428719
vt 0.899346 0.275958
vt 0.928317 0.275958
vt 0.760366 0.335308
vt 0.795091 0.335308
vt 0.607463 0.434735
vt 0.607463 0.467186
vt 0.893329 0.226767
vt 0.893329 0.197796
vt 0.801107 0.341324
vt 0.801107 0.376049
vt 0.601446 0.473202
vt 0.568995 0.473202
vt 0.899346 0.191780
vt 0.928317 0.191780
vt 0.795091 0.382065
vt 0.760366 0.382065
vt 0.891055 0.421617
vt 0.891055 0.389167
vt 0.934333 0.197796
vt 0.934333 0.226768
vt 0.611026 0.040741
vt 0.611026 0.006016
vt 0.897072 0.383150
vt 0.929522 0.383150
vt 0.928317 0.232784
vt 0.899346 0.232784
vt 0.617043 0.000000
vt 0.651768 0.000000
vt 0.935539 0.389167
vt 0.935539 0.421617
vt 0.654190 0.509275
vt 0.654190 0.480304
vt 0.657784 0.006016
vt 0.657784 0.040741
vt 0.929522 0.427634
vt 0.897072 0.427634
vt 0.660206 0.474288
vt 0.689178 0.474288
vt 0.651768 0.046757
vt 0.617043 0.046757
vt 0.802397 0.038467
vt 0.802397 0.006016
vt 0.695194 0.480304
vt 0.695194 0.509275
vt 0.754350 0.280364
vt 0.754350 0.245639
vt 0.808413 0.000000
vt 0.840864 0.000000
vt 0.689178 0.515291
vt 0.660206 0.515291
vt 0.760366 0.239623
vt 0.795091 0.239623
vt 0.846880 0.006016
vt 0.846880 0.038467
vt 0.893329 0.268857
vt 0.893329 0.239885
vt 0.801107 0.245639
vt 0.801107 0.280364
vt 0.840864 0.044483
vt 0.808413 0.044483
vt 0.899346 0.233869
vt 0.928317 0.233869
vt 0.795091 0.286380
vt 0.760366 0.286380
vt 0.414469 0.091293
vt 0.414469 0.058842
vt 0.934333 0.239885
vt 0.934333 0.268857
vt 0.515137 0.184679
vt 0.515137 0.149953
vt 0.420485 0.052825
vt 0.457627 0.052825
vt 0.928317 0.274873
vt 0.899346 0.274873
vt 0.521153 0.143937
vt 0.555878 0.143937
vt 0.463643 0.058842
vt 0.463643 0.091293
vt 0.893534 0.080556
vt 0.893534 0.051585
vt 0.561894 0.149953
vt 0.561894 0.184679
vt 0.457627 0.097309
vt 0.420485 0.097309
vt 0.899550 0.045569
vt 0.928522 0.045569
vt 0.555878 0.190695
vt 0.521153 0.190695
vt 0.934538 0.051585
vt 0.934538 0.080556
vt 0.658665 0.280364
vt 0.658665 0.245639
vt 0.928522 0.086572
vt 0.899550 0.086572
vt 0.664681 0.239623
vt 0.699406 0.239623
vt 0.893329 0.353035
vt 0.893329 0.324063
vt 0.705422 0.245639
vt 0.705422 0.280364
vt 0.899346 0.318047
vt 0.928317 0.318047
vt 0.699406 0.286380
vt 0.664681 0.286380
vt 0.934333 0.324063
vt 0.934333 0.353035
vt 0.610822 0.184678
vt 0.610822 0.149953
vt 0.928317 0.359051
vt 0.899346 0.359051
vt 0.616838 0.143937
vt 0.651563 0.143937
vt 0.893329 0.176651
vt 0.893329 0.147679
vt 0.657579 0.149953
vt 0.657579 0.184678
vt 0.899346 0.141663
vt 0.928317 0.141663
vt 0.651563 0.190695
vt 0.616838 0.190695
vt 0.934333 0.147679
vt 0.934333 0.176651
vt 0.754350 0.184678
vt 0.754350 0.149953
vt 0.928317 0.182667
vt 0.899346 0.182667
vt 0.760366 0.143937
vt 0.795091 0.143937
vt 0.891055 0.509275
vt 0.891055 0.480304
vt 0.801107 0.149953
vt 0.801107 0.184678
vt 0.897072 0.474287
vt 0.926043 0.474287
vt 0.795091 0.190695
vt 0.760366 0.190695
vt 0.914103 0.550624
vt 0.913948 0.560537
vt 0.820123 0.560537
vt 0.820277 0.550624
vt 0.932059 0.480304
vt 0.932059 0.509275
vt 0.563184 0.040741
vt 0.563184 0.006016
vt 0.254096 0.211384
vt 0.252521 0.211380
vt 0.252520 0.121136
vt 0.254095 0.121139
vt 0.926043 0.515291
vt 0.897072 0.515291
vt 0.569200 0.000000
vt 0.603925 0.000000
vt 0.432778 0.711701
vt 0.432933 0.701788
vt 0.820122 0.701788
vt 0.819968 0.711701
vt 0.845487 0.509275
vt 0.845487 0.480304
vt 0.609941 0.006016
vt 0.609941 0.040741
vt 0.322388 0.121303
vt 0.323963 0.121306
vt 0.323963 0.211550
vt 0.322388 0.211547
vt 0.851503 0.474287
vt 0.880474 0.474287
vt 0.603925 0.046757
vt 0.569200 0.046757
vt 0.252491 0.224689
vt 0.252491 0.228562
vt 0.251144 0.228562
vt 0.251144 0.224689
vt 0.886491 0.480304
vt 0.886491 0.509275
vt 0.754350 0.328206
vt 0.754350 0.293481
vt 0.249135 0.224689
vt 0.249135 0.228562
vt 0.236730 0.228562
vt 0.236730 0.224689
vt 0.880474 0.515291
vt 0.851503 0.515291
vt 0.760366 0.287465
vt 0.795091 0.287465
vt 0.261975 0.217893
vt 0.261974 0.218566
vt 0.706507 0.509275
vt 0.706507 0.480304
vt 0.801107 0.293481
vt 0.801107 0.328206
vt 0.712523 0.474287
vt 0.741495 0.474287
vt 0.795091 0.334223
vt 0.760366 0.334223
vt 0.747511 0.480304
vt 0.747511 0.509275
vt 0.706507 0.232521
vt 0.706507 0.197796
vt 0.741495 0.515291
vt 0.712523 0.515291
vt 0.712523 0.191780
vt 0.747248 0.191780
vt 0.752076 0.509275
vt 0.752076 0.480304
vt 0.753264 0.197796
vt 0.753264 0.232521
vt 0.758092 0.474287
vt 0.787063 0.474287
vt 0.747248 0.238537
vt 0.712523 0.238537
vt 0.793080 0.480304
vt 0.793080 0.509275
vt 0.467294 0.423892
vt 0.467294 0.389167
vt 0.787063 0.515291
vt 0.758092 0.515291
vt 0.473310 0.383150
vt 0.508035 0.383150
vt 0.608548 0.509275
vt 0.608548 0.480304
vt 0.514051 0.389167
vt 0.514051 0.423892
vt 0.614564 0.474288
vt 0.643535 0.474288
vt 0.508035 0.429908
vt 0.473310 0.429908
vt 0.649552 0.480304
vt 0.649552 0.509275
vt 0.416814 0.380694
vt 0.416814 0.345969
vt 0.643535 0.515291
vt 0.614564 0.515291
vt 0.422830 0.339953
vt 0.457555 0.339953
vt 0.799805 0.509275
vt 0.799805 0.480304
vt 0.463572 0.345969
vt 0.463572 0.380694
vt 0.805821 0.474287
vt 0.834793 0.474287
vt 0.457555 0.386710
vt 0.422830 0.386710
vt 0.840809 0.480304
vt 0.840809 0.509275
vt 0.706712 0.040741
vt 0.706712 0.006016
vt 0.834793 0.515291
vt 0.805821 0.515291
vt 0.712728 0.000000
vt 0.747453 0.000000
vt 0.557226 0.509275
vt 0.557226 0.480304
vt 0.753469 0.006016
vt 0.753469 0.040741
vt 0.563242 0.474288
vt 0.592214 0.474288
vt 0.747453 0.046757
vt 0.712728 0.046757
vt 0.598230 0.480304
vt 0.598230 0.509275
vt 0.754554 0.040741
vt 0.754554 0.006016
vt 0.592214 0.515291
vt 0.563242 0.515291
vt 0.760570 0.000000
vt 0.795295 0.000000
vt 0.893329 0.131082
vt 0.893329 0.102111
vt 0.801312 0.006016
vt 0.801312 0.040741
vt 0.899346 0.096095
vt 0.928317 0.096095
vt 0.795295 0.046757
vt 0.760570 0.046757
vt 0.934333 0.102111
vt 0.934333 0.131082
vt 0.706507 0.376049
vt 0.706507 0.341324
vt 0.928317 0.137098
vt 0.899346 0.137098
vt 0.712523 0.335308
vt 0.747248 0.335308
vt 0.515137 0.509275
vt 0.515137 0.480304
vt 0.753264 0.341324
vt 0.753264 0.376049
vt 0.521153 0.474288
vt 0.550124 0.474288
vt 0.747248 0.382065
vt 0.712523 0.382065
vt 0.556141 0.480304
vt 0.556141 0.509275
vt 0.658664 0.376049
vt 0.658664 0.341324
vt 0.550124 0.515291
vt 0.521153 0.515291
vt 0.664681 0.335308
vt 0.699405 0.335308
vt 0.608548 0.467186
vt 0.608548 0.434735
vt 0.705422 0.341324
vt 0.705422 0.376049
vt 0.614564 0.428719
vt 0.647015 0.428719
vt 0.699405 0.382065
vt 0.664681 0.382065
vt 0.653031 0.434735
vt 0.653031 0.467186
vt 0.416814 0.332851
vt 0.416814 0.298126
vt 0.647015 0.473202
vt 0.614564 0.473202
vt 0.422830 0.292110
vt 0.457555 0.292110
vt 0.847761 0.278090
vt 0.847761 0.245639
vt 0.463572 0.298126
vt 0.463572 0.332851
vt 0.853777 0.239623
vt 0.886228 0.239623
vt 0.457555 0.338868
vt 0.422830 0.338868
vt 0.892244 0.245639
vt 0.892244 0.278090
vt 0.658869 0.040741
vt 0.658869 0.006016
vt 0.886228 0.284106
vt 0.853777 0.284106
vt 0.664885 0.000000
vt 0.699610 0.000000
vt 0.847761 0.134562
vt 0.847761 0.102111
vt 0.705626 0.006016
vt 0.705626 0.040741
vt 0.853777 0.096095
vt 0.886228 0.096095
vt 0.699610 0.046757
vt 0.664885 0.046757
vt 0.892244 0.102111
vt 0.892244 0.134562
vt 0.610822 0.232521
vt 0.610822 0.197796
vt 0.886228 0.140578
vt 0.853777 0.140578
vt 0.616838 0.191780
vt 0.651563 0.191780
vt 0.799918 0.421617
vt 0.799918 0.389167
vt 0.657579 0.197796
vt 0.657579 0.232521
vt 0.805934 0.383150
vt 0.838385 0.383150
vt 0.651563 0.238537
vt 0.616838 0.238537
vt 0.844402 0.389167
vt 0.844402 0.421617
vt 0.416814 0.237166
vt 0.416814 0.202441
vt 0.838385 0.427634
vt 0.805934 0.427634
vt 0.422830 0.196425
vt 0.457555 0.196425
vt 0.562979 0.421617
vt 0.562979 0.389167
vt 0.463572 0.202441
vt 0.463572 0.237166
vt 0.568995 0.383150
vt 0.601446 0.383150
vt 0.457555 0.243182
vt 0.422830 0.243182
vt 0.607463 0.389167
vt 0.607463 0.421618
vt 0.467294 0.184678
vt 0.467294 0.149953
vt 0.601446 0.427634
vt 0.568995 0.427634
vt 0.473310 0.143937
vt 0.508035 0.143937
vt 0.610822 0.421617
vt 0.610822 0.389167
vt 0.514051 0.149953
vt 0.514051 0.184678
vt 0.616838 0.383150
vt 0.649289 0.383150
vt 0.508035 0.190695
vt 0.473310 0.190695
vt 0.655305 0.389167
vt 0.655305 0.421617
vt 0.562979 0.184678
vt 0.562979 0.149953
vt 0.649289 0.427634
vt 0.616838 0.427634
vt 0.568995 0.143937
vt 0.603720 0.143937
vt 0.322385 0.212760
vt 0.254093 0.212596
vt 0.256593 0.208907
vt 0.256575 0.123645
vt 0.432933 0.653131
vt 0.820123 0.653131
vt 0.319891 0.123779
vt 0.319908 0.209041
vt 0.331213 0.082399
vt 0.338130 0.082399
vt 0.338130 0.089315
vt 0.331213 0.089315
vt 0.326331 0.089315
vt 0.326331 0.082399
vt 0.331213 0.077516
vt 0.338130 0.077516
vt 0.343013 0.082399
vt 0.343013 0.089315
vt 0.338130 0.094198
vt 0.331213 0.094198
vt 0.270962 0.038939
vt 0.264046 0.038939
vt 0.264046 0.032023
vt 0.270962 0.032023
vt 0.275845 0.032023
vt 0.275845 0.038939
vt 0.270962 0.043822
vt 0.264046 0.043822
vt 0.259163 0.038939
vt 0.259163 0.032023
vt 0.264046 0.027140
vt 0.270962 0.027140
vt 0.388821 0.711701
vt 0.388976 0.701788
vt 0.388976 0.653131
vt 0.388976 0.560537
vt 0.432933 0.560537
vt 0.397432 0.079584
vt 0.383509 0.079584
vt 0.175571 0.190695
vt 0.177739 0.191267
vt 0.179913 0.192072
vt 0.215141 0.105500
vt 0.219535 0.101490
vt 0.221336 0.206961
vt 0.217903 0.199590
vt 0.433088 0.550624
vt 0.173406 0.190316
vt 0.169151 0.190082
vt 0.171268 0.190114
vt 0.167062 0.190215
vt 0.164990 0.190510
vt 0.184954 0.204523
vt 0.184117 0.194340
vt 0.313883 0.200739
vt 0.313883 0.133075
vt 0.314053 0.133096
vt 0.314217 0.133161
vt 0.314367 0.133265
vt 0.314499 0.133405
vt 0.314608 0.133576
vt 0.314688 0.133771
vt 0.314738 0.133983
vt 0.314755 0.134203
vt 0.314755 0.139175
vt 0.314755 0.149976
vt 0.314755 0.194550
vt 0.314755 0.199611
vt 0.314738 0.199831
vt 0.314688 0.200042
vt 0.314608 0.200237
vt 0.314499 0.200408
vt 0.314367 0.200548
vt 0.314217 0.200653
vt 0.314053 0.200717
vt 0.162872 0.190969
vt 0.383509 0.000000
vt 0.397432 0.000000
vt 0.220501 0.274049
vt 0.219352 0.281965
vt 0.221398 0.266136
vt 0.222044 0.258230
vt 0.222588 0.242454
vt 0.222440 0.250335
vt 0.222488 0.234590
vt 0.222139 0.226749
vt 0.221541 0.218935
vt 0.959607 0.701812
vt 0.957142 0.701788
vt 0.913948 0.653131
vt 0.218216 0.210271
vt 0.206758 0.208291
vt 0.174145 0.072904
vt 0.200378 0.072444
vt 0.386511 0.560512
vt 0.386511 0.653106
vt 0.383510 0.221834
vt 0.397432 0.221834
vt 0.173535 0.087029
vt 0.171454 0.087419
vt 0.169334 0.087716
vt 0.167184 0.087941
vt 0.165035 0.088103
vt 0.162880 0.088200
vt 0.160729 0.088230
vt 0.158574 0.088187
vt 0.957297 0.550624
vt 0.156356 0.088072
vt 0.214163 0.072203
vt 0.219099 0.075931
vt 0.214471 0.082699
vt 0.176751 0.104645
vt 0.174966 0.082910
vt 0.913948 0.701788
vt 0.913793 0.711701
vt 0.056039 0.298603
vt 0.038989 0.298603
vt 0.038989 0.293943
vt 0.056039 0.293943
vt 0.038989 0.289255
vt 0.056039 0.289255
vt 0.038989 0.284545
vt 0.056039 0.284545
vt 0.038989 0.279819
vt 0.056039 0.279819
vt 0.038989 0.275081
vt 0.056039 0.275081
vt 0.038989 0.270338
vt 0.056039 0.270338
vt 0.038989 0.265594
vt 0.056039 0.265594
vt 0.038989 0.260857
vt 0.056039 0.260857
vt 0.038989 0.256130
vt 0.056039 0.256130
vt 0.038989 0.251420
vt 0.056039 0.251420
vt 0.038989 0.246733
vt 0.056039 0.246733
vt 0.038989 0.242073
vt 0.056039 0.242073
vt 0.038989 0.237446
vt 0.056039 0.237446
vt 0.038989 0.232858
vt 0.056039 0.232858
vt 0.038989 0.228313
vt 0.056039 0.228313
vt 0.038989 0.223818
vt 0.056039 0.223818
vt 0.038989 0.219376
vt 0.056039 0.219376
vt 0.038989 0.214994
vt 0.056039 0.214994
vt 0.038989 0.210676
vt 0.056039 0.210676
vt 0.038989 0.206427
vt 0.056039 0.206427
vt 0.038989 0.202252
vt 0.056039 0.202252
vt 0.038989 0.195345
vt 0.056039 0.195345
vt 0.056098 0.344529
vt 0.039038 0.344529
vt 0.038989 0.338424
vt 0.056039 0.338424
vt 0.038989 0.334249
vt 0.056039 0.334249
vt 0.038989 0.330000
vt 0.056039 0.330000
vt 0.038989 0.325682
vt 0.056039 0.325682
vt 0.038989 0.321299
vt 0.056039 0.321299
vt 0.038989 0.316858
vt 0.056039 0.316858
vt 0.038989 0.312362
vt 0.056039 0.312362
vt 0.038989 0.307818
vt 0.056039 0.307818
vt 0.138252 0.457238
vt 0.131715 0.455938
vt 0.125557 0.453387
vt 0.120015 0.449684
vt 0.115301 0.444971
vt 0.111598 0.439429
vt 0.109047 0.433271
vt 0.107747 0.426734
vt 0.107747 0.420068
vt 0.109047 0.413531
vt 0.111598 0.407373
vt 0.109474 0.397049
vt 0.120014 0.397117
vt 0.125556 0.393415
vt 0.131714 0.390864
vt 0.138251 0.389563
vt 0.144917 0.389563
vt 0.151454 0.390863
vt 0.157612 0.393414
vt 0.163154 0.397117
vt 0.167867 0.401830
vt 0.171571 0.407372
vt 0.174121 0.413530
vt 0.175422 0.420067
vt 0.175422 0.426733
vt 0.174121 0.433270
vt 0.171571 0.439428
vt 0.167868 0.444970
vt 0.163155 0.449683
vt 0.157613 0.453386
vt 0.151455 0.455938
vt 0.144917 0.457238
vt 0.038989 0.303230
vt 0.056039 0.303230
vt 0.152906 0.356894
vt 0.139377 0.368244
vt 0.133064 0.361216
vt 0.149642 0.352123
vt 0.056132 0.483762
vt 0.039097 0.483762
vt 0.039097 0.479267
vt 0.056132 0.479267
vt 0.039097 0.474722
vt 0.056132 0.474722
vt 0.039097 0.470134
vt 0.056132 0.470134
vt 0.039097 0.465508
vt 0.056132 0.465508
vt 0.039097 0.460848
vt 0.056132 0.460848
vt 0.039097 0.456161
vt 0.056132 0.456161
vt 0.039097 0.451451
vt 0.056132 0.451451
vt 0.039097 0.446724
vt 0.056132 0.446724
vt 0.039097 0.441987
vt 0.056132 0.441987
vt 0.039097 0.437243
vt 0.056132 0.437243
vt 0.039097 0.432500
vt 0.056132 0.432500
vt 0.039097 0.427762
vt 0.056132 0.427762
vt 0.039097 0.423036
vt 0.056132 0.423036
vt 0.039097 0.418326
vt 0.056132 0.418326
vt 0.039097 0.413638
vt 0.056132 0.413638
vt 0.039097 0.408979
vt 0.056132 0.408979
vt 0.039097 0.404352
vt 0.056132 0.404352
vt 0.039097 0.399764
vt 0.056132 0.399764
vt 0.039097 0.395220
vt 0.056132 0.395220
vt 0.039097 0.390724
vt 0.056132 0.390724
vt 0.039097 0.386283
vt 0.056132 0.386283
vt 0.039097 0.381901
vt 0.056132 0.381901
vt 0.039097 0.377584
vt 0.056132 0.377584
vt 0.039097 0.373335
vt 0.056132 0.373335
vt 0.039097 0.369160
vt 0.056132 0.369160
vt 0.039097 0.361539
vt 0.056132 0.361539
vt 0.056089 0.511585
vt 0.039113 0.511616
vt 0.039097 0.505326
vt 0.056132 0.505326
vt 0.039097 0.501151
vt 0.056132 0.501151
vt 0.039097 0.496903
vt 0.056132 0.496903
vt 0.039097 0.492585
vt 0.056132 0.492585
vt 0.125556 0.462345
vt 0.131714 0.459794
vt 0.138252 0.458493
vt 0.144917 0.458493
vt 0.151454 0.459793
vt 0.157612 0.462344
vt 0.163154 0.466048
vt 0.174706 0.465148
vt 0.171571 0.476303
vt 0.174121 0.482460
vt 0.175422 0.488998
vt 0.175422 0.495663
vt 0.174121 0.502200
vt 0.171571 0.508358
vt 0.167868 0.513901
vt 0.163155 0.518614
vt 0.157612 0.522317
vt 0.151455 0.524868
vt 0.144917 0.526168
vt 0.138252 0.526168
vt 0.131714 0.524868
vt 0.125557 0.522317
vt 0.120015 0.518614
vt 0.115301 0.513901
vt 0.111598 0.508359
vt 0.109047 0.502201
vt 0.107747 0.495663
vt 0.107747 0.488998
vt 0.109047 0.482461
vt 0.111598 0.476303
vt 0.115301 0.470761
vt 0.120014 0.466048
vt 0.039097 0.488203
vt 0.056132 0.488203
vt 0.130531 0.352115
vt 0.147374 0.346806
vt 0.231303 0.396267
vt 0.246149 0.386881
vt 0.252376 0.392777
vt 0.239264 0.405833
vt 0.258457 0.399083
vt 0.248382 0.413470
vt 0.266495 0.402075
vt 0.259415 0.419213
vt 0.274542 0.405611
vt 0.270756 0.422759
vt 0.283109 0.405326
vt 0.283146 0.423843
vt 0.291891 0.405468
vt 0.294988 0.422764
vt 0.299700 0.401878
vt 0.306846 0.419001
vt 0.307901 0.398667
vt 0.317372 0.413474
vt 0.313763 0.392381
vt 0.326898 0.405471
vt 0.320101 0.386275
vt 0.334516 0.396340
vt 0.323106 0.378215
vt 0.340262 0.385301
vt 0.326647 0.370141
vt 0.343819 0.373951
vt 0.326357 0.361535
vt 0.344924 0.361554
vt 0.326565 0.352717
vt 0.343893 0.349704
vt 0.323027 0.344869
vt 0.340195 0.337820
vt 0.319879 0.336644
vt 0.334725 0.327258
vt 0.313652 0.330748
vt 0.326764 0.317692
vt 0.307571 0.324443
vt 0.317646 0.310055
vt 0.299533 0.321450
vt 0.306613 0.304313
vt 0.291486 0.317915
vt 0.295272 0.300766
vt 0.282919 0.318199
vt 0.282882 0.299682
vt 0.274137 0.318058
vt 0.271040 0.300762
vt 0.266328 0.321648
vt 0.259182 0.304524
vt 0.258127 0.324858
vt 0.248656 0.310052
vt 0.252265 0.331144
vt 0.239130 0.318054
vt 0.245927 0.337250
vt 0.231512 0.327185
vt 0.242922 0.345310
vt 0.225766 0.338224
vt 0.239381 0.353384
vt 0.222209 0.349574
vt 0.239671 0.361991
vt 0.221104 0.361972
vt 0.239463 0.370808
vt 0.222135 0.373821
vt 0.243001 0.378656
vt 0.225833 0.385706
vt 0.127388 0.343207
vt 0.146184 0.341149
vt 0.157036 0.360938
vt 0.145201 0.375683
vt 0.161878 0.364096
vt 0.153723 0.379759
vt 0.167241 0.366251
vt 0.161950 0.384402
vt 0.172922 0.367316
vt 0.171383 0.384907
vt 0.178702 0.367253
vt 0.180760 0.386048
vt 0.184358 0.366064
vt 0.189668 0.382904
vt 0.189674 0.363793
vt 0.198768 0.380371
vt 0.194444 0.360529
vt 0.205796 0.374058
vt 0.198488 0.356398
vt 0.213235 0.368234
vt 0.201646 0.351555
vt 0.217312 0.359711
vt 0.203802 0.346191
vt 0.221956 0.351483
vt 0.204866 0.340508
vt 0.222461 0.342048
vt 0.204805 0.334727
vt 0.223603 0.332669
vt 0.203613 0.329070
vt 0.220459 0.323759
vt 0.201345 0.323753
vt 0.217924 0.314657
vt 0.198079 0.318982
vt 0.211609 0.307629
vt 0.193949 0.314938
vt 0.205784 0.300190
vt 0.189106 0.311780
vt 0.197261 0.296114
vt 0.183743 0.309625
vt 0.189032 0.291471
vt 0.178060 0.308560
vt 0.179598 0.290968
vt 0.172281 0.308623
vt 0.170220 0.289827
vt 0.166624 0.309813
vt 0.161312 0.292973
vt 0.161308 0.312083
vt 0.152212 0.295508
vt 0.156538 0.315348
vt 0.145186 0.301823
vt 0.152497 0.319480
vt 0.137749 0.307648
vt 0.149339 0.324321
vt 0.133675 0.316170
vt 0.147187 0.329686
vt 0.129033 0.324397
vt 0.146123 0.335368
vt 0.128529 0.333829
vt 0.266387 0.475292
vt 0.232367 0.475275
vt 0.233290 0.465262
vt 0.266610 0.471934
vt 0.236155 0.455633
vt 0.267489 0.468693
vt 0.240848 0.446763
vt 0.268988 0.465695
vt 0.247181 0.438994
vt 0.271050 0.463055
vt 0.254902 0.432622
vt 0.273596 0.460878
vt 0.263707 0.427883
vt 0.276530 0.459250
vt 0.273256 0.424948
vt 0.279742 0.458240
vt 0.283181 0.423911
vt 0.283109 0.457893
vt 0.293115 0.424791
vt 0.286500 0.458232
vt 0.302707 0.427552
vt 0.289820 0.459020
vt 0.311595 0.432113
vt 0.292887 0.460440
vt 0.319437 0.438318
vt 0.295589 0.462433
vt 0.325926 0.445938
vt 0.297829 0.464921
vt 0.330805 0.454688
vt 0.299529 0.467807
vt 0.333880 0.464234
vt 0.300621 0.470974
vt 0.335025 0.474207
vt 0.301064 0.474298
vt 0.334192 0.484220
vt 0.300842 0.477650
vt 0.331411 0.493885
vt 0.299962 0.480900
vt 0.326786 0.502825
vt 0.298458 0.483920
vt 0.320497 0.510692
vt 0.296387 0.486593
vt 0.312784 0.517180
vt 0.293829 0.488815
vt 0.303946 0.522038
vt 0.290881 0.490499
vt 0.294326 0.525077
vt 0.287658 0.491579
vt 0.284294 0.526178
vt 0.284283 0.492011
vt 0.274238 0.525299
vt 0.280886 0.491780
vt 0.264548 0.522471
vt 0.277599 0.490894
vt 0.255598 0.517806
vt 0.274549 0.489387
vt 0.247734 0.511483
vt 0.271852 0.487318
vt 0.241261 0.503748
vt 0.269612 0.484768
vt 0.266827 0.478636
vt 0.233427 0.485285
vt 0.267916 0.481836
vt 0.236430 0.494900
vt 0.956987 0.711701
vt 0.386511 0.701763
vt 0.389130 0.550624
vt 0.046534 0.149871
vt 0.049755 0.023945
vt 0.149463 0.021362
vt 0.149520 0.170468
vt 0.391174 0.722658
vt 0.391174 0.989888
vt 0.970899 0.712545
vt 0.391329 0.712545
vt 0.386511 0.722597
vt 0.386510 0.989827
vt 0.391018 1.000000
vt 0.970587 1.000000
vt 0.235382 0.228562
vt 0.235382 0.224689
vt 0.288973 0.218238
vt 0.292668 0.218238
vt 0.292668 0.245891
vt 0.288973 0.245891
vt 0.258098 0.232989
vt 0.261972 0.232976
vt 0.261976 0.234324
vt 0.258103 0.234337
vt 0.251113 0.223341
vt 0.250688 0.221764
vt 0.250667 0.219473
vt 0.251107 0.219469
vt 0.251144 0.223342
vt 0.236730 0.223342
vt 0.249135 0.223342
vt 0.277140 0.218238
vt 0.277140 0.245891
vt 0.256754 0.232999
vt 0.256737 0.230994
vt 0.256737 0.230970
vt 0.272796 0.218251
vt 0.272796 0.245908
vt 0.270610 0.245908
vt 0.270610 0.218251
vt 0.261965 0.230968
vt 0.252887 0.232995
vt 0.252888 0.232556
vt 0.255175 0.232558
vt 0.256753 0.232969
vt 0.276658 0.218230
vt 0.276658 0.245887
vt 0.249436 0.223312
vt 0.249726 0.223223
vt 0.249993 0.223078
vt 0.250227 0.222882
vt 0.250421 0.222643
vt 0.250566 0.222370
vt 0.250656 0.222073
vt 0.255484 0.232523
vt 0.255779 0.232430
vt 0.256051 0.232283
vt 0.256288 0.232088
vt 0.256481 0.231853
vt 0.256623 0.231585
vt 0.256710 0.231295
vt 0.273279 0.218248
vt 0.273279 0.245905
vt 0.273761 0.218246
vt 0.273761 0.245903
vt 0.274244 0.218243
vt 0.274244 0.245900
vt 0.274727 0.218241
vt 0.274727 0.245898
vt 0.275210 0.218238
vt 0.275209 0.245895
vt 0.275692 0.218235
vt 0.275692 0.245892
vt 0.276175 0.218233
vt 0.276175 0.245890
vt 0.247254 0.082399
vt 0.254170 0.082399
vt 0.254170 0.089315
vt 0.247254 0.089315
vt 0.242371 0.089315
vt 0.242371 0.082399
vt 0.247254 0.077516
vt 0.254170 0.077516
vt 0.259053 0.082399
vt 0.259053 0.089315
vt 0.254170 0.094198
vt 0.247254 0.094198
vt 0.287754 0.055731
vt 0.280838 0.055731
vt 0.280838 0.048815
vt 0.287754 0.048815
vt 0.292637 0.048815
vt 0.292637 0.055731
vt 0.287754 0.060614
vt 0.280838 0.060614
vt 0.275955 0.055731
vt 0.275955 0.048815
vt 0.280838 0.043932
vt 0.287754 0.043932
vt 0.254170 0.022147
vt 0.247254 0.022147
vt 0.247254 0.015231
vt 0.254170 0.015231
vt 0.259053 0.015231
vt 0.259053 0.022147
vt 0.254170 0.027030
vt 0.247254 0.027030
vt 0.242371 0.022147
vt 0.242371 0.015231
vt 0.247254 0.010348
vt 0.254170 0.010348
vt 0.314422 0.065607
vt 0.321338 0.065607
vt 0.321338 0.072523
vt 0.314422 0.072523
vt 0.309539 0.072523
vt 0.309539 0.065607
vt 0.314422 0.060724
vt 0.321338 0.060724
vt 0.326221 0.065607
vt 0.326221 0.072523
vt 0.321338 0.077406
vt 0.314422 0.077406
vt 0.280838 0.065607
vt 0.287754 0.065607
vt 0.287754 0.072523
vt 0.280838 0.072523
vt 0.275955 0.072523
vt 0.275955 0.065607
vt 0.280838 0.060724
vt 0.287754 0.060724
vt 0.292637 0.065607
vt 0.292637 0.072523
vt 0.287754 0.077406
vt 0.280838 0.077406
vt 0.297630 0.048815
vt 0.304546 0.048815
vt 0.304546 0.055731
vt 0.297630 0.055731
vt 0.292747 0.055731
vt 0.292747 0.048815
vt 0.297630 0.043932
vt 0.304546 0.043932
vt 0.309429 0.048815
vt 0.309429 0.055731
vt 0.304546 0.060614
vt 0.297630 0.060614
vt 0.297630 0.015231
vt 0.304546 0.015231
vt 0.304546 0.022147
vt 0.297630 0.022147
vt 0.292747 0.022147
vt 0.292747 0.015231
vt 0.297630 0.010348
vt 0.304546 0.010348
vt 0.309429 0.015231
vt 0.309429 0.022147
vt 0.304546 0.027030
vt 0.297630 0.027030
vt 0.254170 0.048815
vt 0.254170 0.055731
vt 0.247254 0.055731
vt 0.247254 0.048815
vt 0.247254 0.043932
vt 0.254170 0.043932
vt 0.259053 0.048815
vt 0.259053 0.055731
vt 0.254170 0.060614
vt 0.247254 0.060614
vt 0.242371 0.055731
vt 0.242371 0.048815
vt 0.280838 0.089315
vt 0.280838 0.082399
vt 0.287754 0.082399
vt 0.287754 0.089315
vt 0.287754 0.094198
vt 0.280838 0.094198
vt 0.275955 0.089315
vt 0.275955 0.082399
vt 0.280838 0.077516
vt 0.287754 0.077516
vt 0.292637 0.082399
vt 0.292637 0.089315
vt 0.331213 0.106107
vt 0.331213 0.099191
vt 0.338130 0.099191
vt 0.338130 0.106107
vt 0.338130 0.110990
vt 0.331213 0.110990
vt 0.326331 0.106107
vt 0.326331 0.099191
vt 0.331213 0.094308
vt 0.338130 0.094308
vt 0.343013 0.099191
vt 0.343013 0.106107
vt 0.280838 0.032023
vt 0.287754 0.032023
vt 0.287754 0.038939
vt 0.280838 0.038939
vt 0.275955 0.038939
vt 0.275955 0.032023
vt 0.280838 0.027140
vt 0.287754 0.027140
vt 0.292637 0.032023
vt 0.292637 0.038939
vt 0.287754 0.043822
vt 0.280838 0.043822
vt 0.247254 0.099190
vt 0.254170 0.099191
vt 0.254170 0.106107
vt 0.247254 0.106107
vt 0.242371 0.106107
vt 0.242371 0.099190
vt 0.247254 0.094308
vt 0.254170 0.094308
vt 0.259053 0.099190
vt 0.259053 0.106107
vt 0.254170 0.110990
vt 0.247254 0.110989
vt 0.247254 0.072523
vt 0.247254 0.065607
vt 0.254170 0.065607
vt 0.254170 0.072523
vt 0.254170 0.077406
vt 0.247254 0.077406
vt 0.242371 0.072523
vt 0.242371 0.065607
vt 0.247254 0.060724
vt 0.254170 0.060724
vt 0.259053 0.065607
vt 0.259053 0.072523
vt 0.314422 0.048815
vt 0.321338 0.048815
vt 0.321338 0.055731
vt 0.314422 0.055731
vt 0.309539 0.055731
vt 0.309539 0.048815
vt 0.314422 0.043932
vt 0.321338 0.043932
vt 0.326221 0.048815
vt 0.326221 0.055731
vt 0.321338 0.060614
vt 0.314422 0.060614
vt 0.297630 0.082399
vt 0.304546 0.082399
vt 0.304546 0.089315
vt 0.297630 0.089315
vt 0.292747 0.089315
vt 0.292747 0.082399
vt 0.297630 0.077516
vt 0.304546 0.077516
vt 0.309429 0.082399
vt 0.309429 0.089315
vt 0.304546 0.094198
vt 0.297630 0.094198
vt 0.314422 0.032023
vt 0.321338 0.032023
vt 0.321338 0.038939
vt 0.314422 0.038939
vt 0.309539 0.038939
vt 0.309539 0.032023
vt 0.314422 0.027140
vt 0.321338 0.027140
vt 0.326221 0.032023
vt 0.326221 0.038939
vt 0.321338 0.043822
vt 0.314422 0.043822
vt 0.297630 0.038939
vt 0.297630 0.032023
vt 0.304546 0.032023
vt 0.304546 0.038939
vt 0.304546 0.043822
vt 0.297630 0.043822
vt 0.292747 0.038939
vt 0.292747 0.032023
vt 0.297630 0.027140
vt 0.304546 0.027140
vt 0.309429 0.032023
vt 0.309429 0.038939
vt 0.297630 0.065607
vt 0.304546 0.065607
vt 0.304546 0.072523
vt 0.297630 0.072523
vt 0.292747 0.072523
vt 0.292747 0.065607
vt 0.297630 0.060724
vt 0.304546 0.060724
vt 0.309429 0.065607
vt 0.309429 0.072523
vt 0.304546 0.077406
vt 0.297630 0.077406
vt 0.331213 0.015231
vt 0.338130 0.015231
vt 0.338130 0.022147
vt 0.331213 0.022147
vt 0.326331 0.022147
vt 0.326331 0.015231
vt 0.331213 0.010348
vt 0.338130 0.010348
vt 0.343013 0.015231
vt 0.343013 0.022147
vt 0.338130 0.027030
vt 0.331213 0.027030
vt 0.270962 0.022147
vt 0.264046 0.022147
vt 0.264046 0.015231
vt 0.270962 0.015231
vt 0.275845 0.015231
vt 0.275845 0.022147
vt 0.270962 0.027030
vt 0.264046 0.027030
vt 0.259163 0.022147
vt 0.259163 0.015231
vt 0.264046 0.010348
vt 0.270962 0.010348
vt 0.331213 0.048815
vt 0.338130 0.048815
vt 0.338130 0.055731
vt 0.331213 0.055731
vt 0.326331 0.055731
vt 0.326331 0.048815
vt 0.331213 0.043932
vt 0.338130 0.043932
vt 0.343013 0.048815
vt 0.343013 0.055731
vt 0.338130 0.060614
vt 0.331213 0.060614
vt 0.314422 0.082399
vt 0.321338 0.082399
vt 0.321338 0.089315
vt 0.314422 0.089315
vt 0.309539 0.089315
vt 0.309539 0.082399
vt 0.314422 0.077516
vt 0.321338 0.077516
vt 0.326221 0.082399
vt 0.326221 0.089315
vt 0.321338 0.094198
vt 0.314422 0.094198
vt 0.280838 0.015231
vt 0.287754 0.015231
vt 0.287754 0.022147
vt 0.280838 0.022147
vt 0.275955 0.022147
vt 0.275955 0.015231
vt 0.280838 0.010348
vt 0.287754 0.010348
vt 0.292637 0.015231
vt 0.292637 0.022147
vt 0.287754 0.027030
vt 0.280838 0.027030
vt 0.331213 0.032023
vt 0.338130 0.032023
vt 0.338130 0.038939
vt 0.331213 0.038939
vt 0.326331 0.038939
vt 0.326331 0.032023
vt 0.331213 0.027140
vt 0.338130 0.027140
vt 0.343013 0.032023
vt 0.343013 0.038939
vt 0.338130 0.043822
vt 0.331213 0.043822
vt 0.264046 0.099191
vt 0.270962 0.099191
vt 0.270962 0.106107
vt 0.264046 0.106107
vt 0.259163 0.106107
vt 0.259163 0.099191
vt 0.264046 0.094308
vt 0.270962 0.094308
vt 0.275845 0.099191
vt 0.275845 0.106107
vt 0.270962 0.110990
vt 0.264046 0.110990
vt 0.247254 0.032023
vt 0.254170 0.032023
vt 0.254170 0.038939
vt 0.247254 0.038939
vt 0.242371 0.038939
vt 0.242371 0.032023
vt 0.247254 0.027140
vt 0.254170 0.027140
vt 0.259053 0.032023
vt 0.259053 0.038939
vt 0.254170 0.043822
vt 0.247254 0.043822
vt 0.314422 0.099191
vt 0.321338 0.099191
vt 0.321338 0.106107
vt 0.314422 0.106107
vt 0.309539 0.106107
vt 0.309539 0.099191
vt 0.314422 0.094308
vt 0.321338 0.094308
vt 0.326221 0.099191
vt 0.326221 0.106107
vt 0.321338 0.110990
vt 0.314422 0.110990
vt 0.314422 0.022147
vt 0.314422 0.015231
vt 0.321338 0.015231
vt 0.321338 0.022147
vt 0.321338 0.027030
vt 0.314422 0.027030
vt 0.309539 0.022147
vt 0.309539 0.015231
vt 0.314422 0.010348
vt 0.321338 0.010348
vt 0.326221 0.015231
vt 0.326221 0.022147
vt 0.297630 0.099191
vt 0.304546 0.099191
vt 0.304546 0.106107
vt 0.297630 0.106107
vt 0.292747 0.106107
vt 0.292747 0.099191
vt 0.297630 0.094308
vt 0.304546 0.094308
vt 0.309429 0.099191
vt 0.309429 0.106107
vt 0.304546 0.110990
vt 0.297630 0.110990
vt 0.331213 0.065607
vt 0.338130 0.065607
vt 0.338130 0.072523
vt 0.331213 0.072523
vt 0.326331 0.072523
vt 0.326331 0.065607
vt 0.331213 0.060724
vt 0.338130 0.060724
vt 0.343013 0.065607
vt 0.343013 0.072523
vt 0.338130 0.077406
vt 0.331213 0.077406
vt 0.280838 0.099191
vt 0.287754 0.099191
vt 0.287754 0.106107
vt 0.280838 0.106107
vt 0.275955 0.106107
vt 0.275955 0.099191
vt 0.280838 0.094308
vt 0.287754 0.094308
vt 0.292637 0.099191
vt 0.292637 0.106107
vt 0.287754 0.110990
vt 0.280838 0.110990
vt 0.258111 0.217216
vt 0.261976 0.217221
vt 0.256765 0.218558
vt 0.254098 0.119927
vt 0.322390 0.120090
s 1
g Plane_Material.001
usemtl Material.001
f 1362/1/1 1371/2/2 263/3/3 62/4/4
f 186/5/5 273/6/6 245/7/7 124/8/8
f 1642/9/9 165/10/10 283/11/11 1643/12/12
f 1348/13/13 317/14/13 320/15/13 1339/16/13
f 318/17/13 246/18/13 253/19/13 252/20/13 251/21/13 250/22/13 249/23/13 248/24/13 247/25/13 245/26/13 273/27/13 280/28/13 279/29/13 278/30/13 277/31/13 276/32/13 275/33/13 274/34/13 272/35/13 319/36/13
f 1/37/14 8/38/15 9/39/16 4/40/17
f 4/40/17 9/39/16 10/41/18 5/42/19
f 5/42/19 10/41/18 11/43/20 6/44/21
f 6/44/21 11/43/20 12/45/22 7/46/23
f 8/38/15 13/47/24 14/48/25 9/39/16
f 9/39/16 14/48/25 15/49/26 10/41/18
f 10/41/18 15/49/26 16/50/27 11/43/20
f 11/43/20 16/50/27 17/51/28 12/45/22
f 13/47/24 18/52/29 19/53/30 14/48/25
f 14/48/25 19/53/30 20/54/31 15/49/26
f 15/49/26 20/54/31 21/55/32 16/50/27
f 16/50/27 21/55/32 22/56/33 17/51/28
f 18/52/29 46/57/34 51/58/35 19/53/30
f 19/53/30 51/58/35 56/59/36 20/54/31
f 20/54/31 56/59/36 61/60/37 21/55/32
f 21/55/32 61/60/37 23/61/38 22/56/33
f 1633/62/39 28/63/40 29/64/41 24/65/42
f 24/65/42 29/64/41 30/66/43 25/67/44
f 25/67/44 30/66/43 31/68/45 26/69/46
f 26/69/46 31/68/45 32/70/47 27/71/48
f 28/63/40 33/72/49 34/73/50 29/64/41
f 29/64/41 34/73/50 35/74/51 30/66/43
f 30/66/43 35/74/51 36/75/52 31/68/45
f 31/68/45 36/75/52 37/76/53 32/70/47
f 33/72/49 38/77/54 39/78/55 34/73/50
f 34/73/50 39/78/55 40/79/56 35/74/51
f 35/74/51 40/79/56 41/80/57 36/75/52
f 36/75/52 41/80/57 42/81/58 37/76/53
f 38/77/54 7/46/23 12/45/22 39/78/55
f 39/78/55 12/45/22 17/51/28 40/79/56
f 40/79/56 17/51/28 22/56/33 41/80/57
f 41/80/57 22/56/33 23/61/38 42/81/58
f 3/82/59 47/83/60 48/84/61 43/85/62
f 43/85/62 48/84/61 49/86/63 44/87/64
f 44/87/64 49/86/63 50/88/65 45/89/66
f 45/89/66 50/88/65 51/58/35 46/57/34
f 47/83/60 52/90/67 53/91/68 48/84/61
f 48/84/61 53/91/68 54/92/69 49/86/63
f 49/86/63 54/92/69 55/93/70 50/88/65
f 50/88/65 55/93/70 56/59/36 51/58/35
f 52/90/67 57/94/71 58/95/72 53/91/68
f 53/91/68 58/95/72 59/96/73 54/92/69
f 54/92/69 59/96/73 60/97/74 55/93/70
f 55/93/70 60/97/74 61/60/37 56/59/36
f 57/94/71 27/71/48 32/70/47 58/95/72
f 58/95/72 32/70/47 37/76/53 59/96/73
f 59/96/73 37/76/53 42/81/58 60/97/74
f 60/97/74 42/81/58 23/61/38 61/60/37
f 62/98/4 69/99/75 70/100/76 65/101/77
f 65/101/77 70/100/76 71/102/78 66/103/79
f 66/103/79 71/102/78 72/104/80 67/105/81
f 67/105/81 72/104/80 73/106/82 68/107/83
f 69/99/75 74/108/84 75/109/85 70/100/76
f 70/100/76 75/109/85 76/110/86 71/102/78
f 71/102/78 76/110/86 77/111/87 72/104/80
f 72/104/80 77/111/87 78/112/88 73/106/82
f 74/108/84 79/113/89 80/114/90 75/109/85
f 75/109/85 80/114/90 81/115/91 76/110/86
f 76/110/86 81/115/91 82/116/92 77/111/87
f 77/111/87 82/116/92 83/117/93 78/112/88
f 79/113/89 107/118/94 112/119/95 80/114/90
f 80/114/90 112/119/95 117/120/96 81/115/91
f 81/115/91 117/120/96 122/121/97 82/116/92
f 82/116/92 122/121/97 84/122/98 83/117/93
f 1634/123/99 89/124/100 90/125/101 85/126/102
f 85/126/102 90/125/101 91/127/103 86/128/104
f 86/128/104 91/127/103 92/129/105 87/130/106
f 87/130/106 92/129/105 93/131/107 88/132/108
f 89/124/100 94/133/109 95/134/110 90/125/101
f 90/125/101 95/134/110 96/135/111 91/127/103
f 91/127/103 96/135/111 97/136/112 92/129/105
f 92/129/105 97/136/112 98/137/113 93/131/107
f 94/133/109 99/138/114 100/139/115 95/134/110
f 95/134/110 100/139/115 101/140/116 96/135/111
f 96/135/111 101/140/116 102/141/117 97/136/112
f 97/136/112 102/141/117 103/142/118 98/137/113
f 99/138/114 68/107/83 73/106/82 100/139/115
f 100/139/115 73/106/82 78/112/88 101/140/116
f 101/140/116 78/112/88 83/117/93 102/141/117
f 102/141/117 83/117/93 84/122/98 103/142/118
f 64/143/119 108/144/120 109/145/121 104/146/122
f 104/146/122 109/145/121 110/147/123 105/148/124
f 105/148/124 110/147/123 111/149/125 106/150/126
f 106/150/126 111/149/125 112/119/95 107/118/94
f 108/144/120 113/151/127 114/152/128 109/145/121
f 109/145/121 114/152/128 115/153/129 110/147/123
f 110/147/123 115/153/129 116/154/130 111/149/125
f 111/149/125 116/154/130 117/120/96 112/119/95
f 113/151/127 118/155/131 119/156/132 114/152/128
f 114/152/128 119/156/132 120/157/133 115/153/129
f 115/153/129 120/157/133 121/158/134 116/154/130
f 116/154/130 121/158/134 122/121/97 117/120/96
f 118/155/131 88/132/108 93/131/107 119/156/132
f 119/156/132 93/131/107 98/137/113 120/157/133
f 120/157/133 98/137/113 103/142/118 121/158/134
f 121/158/134 103/142/118 84/122/98 122/121/97
f 123/159/135 130/160/136 131/161/137 126/162/138
f 126/162/138 131/161/137 132/163/139 127/164/140
f 127/164/140 132/163/139 133/165/141 128/166/142
f 128/166/142 133/165/141 134/167/143 129/168/144
f 130/160/136 135/169/145 136/170/146 131/161/137
f 131/161/137 136/170/146 137/171/147 132/163/139
f 132/163/139 137/171/147 138/172/148 133/165/141
f 133/165/141 138/172/148 139/173/149 134/167/143
f 135/169/145 140/174/150 141/175/151 136/170/146
f 136/170/146 141/175/151 142/176/152 137/171/147
f 137/171/147 142/176/152 143/177/153 138/172/148
f 138/172/148 143/177/153 144/178/154 139/173/149
f 140/174/150 168/179/155 173/180/156 141/175/151
f 141/175/151 173/180/156 178/181/157 142/176/152
f 142/176/152 178/181/157 183/182/158 143/177/153
f 143/177/153 183/182/158 145/183/159 144/178/154
f 124/184/8 150/185/160 151/186/161 146/187/162
f 146/187/162 151/186/161 152/188/163 147/189/164
f 147/189/164 152/188/163 153/190/165 148/191/166
f 148/191/166 153/190/165 154/192/167 149/193/168
f 150/185/160 155/194/169 156/195/170 151/186/161
f 151/186/161 156/195/170 157/196/171 152/188/163
f 152/188/163 157/196/171 158/197/172 153/190/165
f 153/190/165 158/197/172 159/198/173 154/192/167
f 155/194/169 160/199/174 161/200/175 156/195/170
f 156/195/170 161/200/175 162/201/176 157/196/171
f 157/196/171 162/201/176 163/202/177 158/197/172
f 158/197/172 163/202/177 164/203/178 159/198/173
f 160/199/174 129/168/144 134/167/143 161/200/175
f 161/200/175 134/167/143 139/173/149 162/201/176
f 162/201/176 139/173/149 144/178/154 163/202/177
f 163/202/177 144/178/154 145/183/159 164/203/178
f 1642/9/9 169/204/179 170/205/180 165/10/10
f 165/10/10 170/205/180 171/206/181 166/207/182
f 166/207/182 171/206/181 172/208/183 167/209/184
f 167/209/184 172/208/183 173/180/156 168/179/155
f 169/204/179 174/210/185 175/211/186 170/205/180
f 170/205/180 175/211/186 176/212/187 171/206/181
f 171/206/181 176/212/187 177/213/188 172/208/183
f 172/208/183 177/213/188 178/181/157 173/180/156
f 174/210/185 179/214/189 180/215/190 175/211/186
f 175/211/186 180/215/190 181/216/191 176/212/187
f 176/212/187 181/216/191 182/217/192 177/213/188
f 177/213/188 182/217/192 183/182/158 178/181/157
f 179/214/189 149/193/168 154/192/167 180/215/190
f 180/215/190 154/192/167 159/198/173 181/216/191
f 181/216/191 159/198/173 164/203/178 182/217/192
f 182/217/192 164/203/178 145/183/159 183/182/158
f 184/218/193 191/219/194 192/220/195 187/221/196
f 187/221/196 192/220/195 193/222/197 188/223/198
f 188/223/198 193/222/197 194/224/199 189/225/200
f 189/225/200 194/224/199 195/226/201 190/227/202
f 191/219/194 196/228/203 197/229/204 192/220/195
f 192/220/195 197/229/204 198/230/205 193/222/197
f 193/222/197 198/230/205 199/231/206 194/224/199
f 194/224/199 199/231/206 200/232/207 195/226/201
f 196/228/203 201/233/208 202/234/209 197/229/204
f 197/229/204 202/234/209 203/235/210 198/230/205
f 198/230/205 203/235/210 204/236/211 199/231/206
f 199/231/206 204/236/211 205/237/212 200/232/207
f 201/233/208 229/238/213 234/239/214 202/234/209
f 202/234/209 234/239/214 239/240/215 203/235/210
f 203/235/210 239/240/215 244/241/216 204/236/211
f 204/236/211 244/241/216 206/242/217 205/237/212
f 1641/243/218 211/244/219 212/245/220 207/246/221
f 207/246/221 212/245/220 213/247/222 208/248/223
f 208/248/223 213/247/222 214/249/224 209/250/225
f 209/250/225 214/249/224 215/251/226 210/252/227
f 211/244/219 216/253/228 217/254/229 212/245/220
f 212/245/220 217/254/229 218/255/230 213/247/222
f 213/247/222 218/255/230 219/256/231 214/249/224
f 214/249/224 219/256/231 220/257/232 215/251/226
f 216/253/228 221/258/233 222/259/234 217/254/229
f 217/254/229 222/259/234 223/260/235 218/255/230
f 218/255/230 223/260/235 224/261/236 219/256/231
f 219/256/231 224/261/236 225/262/237 220/257/232
f 221/258/233 190/227/202 195/226/201 222/259/234
f 222/259/234 195/226/201 200/232/207 223/260/235
f 223/260/235 200/232/207 205/237/212 224/261/236
f 224/261/236 205/237/212 206/242/217 225/262/237
f 186/263/5 230/264/238 231/265/239 226/266/240
f 226/266/240 231/265/239 232/267/241 227/268/242
f 227/268/242 232/267/241 233/269/243 228/270/244
f 228/270/244 233/269/243 234/239/214 229/238/213
f 230/264/238 235/271/245 236/272/246 231/265/239
f 231/265/239 236/272/246 237/273/247 232/267/241
f 232/267/241 237/273/247 238/274/248 233/269/243
f 233/269/243 238/274/248 239/240/215 234/239/214
f 235/271/245 240/275/249 241/276/250 236/272/246
f 236/272/246 241/276/250 242/277/251 237/273/247
f 237/273/247 242/277/251 243/278/252 238/274/248
f 238/274/248 243/278/252 244/241/216 239/240/215
f 240/275/249 210/252/227 215/251/226 241/276/250
f 241/276/250 215/251/226 220/257/232 242/277/251
f 242/277/251 220/257/232 225/262/237 243/278/252
f 243/278/252 225/262/237 206/242/217 244/241/216
f 185/279/253 1645/280/253 1648/281/253 300/282/253
f 166/207/182 167/209/184 287/283/254 285/284/255
f 167/209/184 168/179/155 289/285/256 287/283/254
f 168/179/155 140/174/150 291/286/257 289/285/256
f 140/174/150 135/169/145 293/287/258 291/286/257
f 135/169/145 130/160/136 295/288/259 293/287/258
f 130/160/136 123/159/135 297/289/260 295/288/259
f 123/290/135 246/291/261 318/292/262 297/293/260
f 1373/294/263 1363/295/264 89/124/100 1634/123/99
f 1363/295/264 1365/296/265 94/133/109 89/124/100
f 1365/296/265 1368/297/266 99/138/114 94/133/109
f 1368/297/266 1370/298/267 68/107/83 99/138/114
f 1370/298/267 1372/299/268 67/105/81 68/107/83
f 1372/299/268 1361/300/269 66/103/79 67/105/81
f 1361/300/269 1369/301/270 65/101/77 66/103/79
f 1369/301/270 1362/302/1 62/98/4 65/101/77
f 1357/303/271 1347/304/272 301/305/272 1635/306/271
f 1346/307/273 1345/308/274 305/309/274 303/310/273
f 1345/308/274 1344/311/275 307/312/275 305/309/274
f 1344/311/275 1343/313/276 309/314/276 307/312/275
f 1343/313/276 1342/315/277 311/316/277 309/314/276
f 1342/315/277 1341/317/278 313/318/278 311/316/277
f 1341/317/278 1340/319/279 316/320/279 313/318/278
f 1340/321/279 1339/322/253 320/323/253 316/324/279
f 1641/243/218 207/246/221 169/204/179 1642/9/9
f 207/246/221 208/248/223 174/210/185 169/204/179
f 208/248/223 209/250/225 179/214/189 174/210/185
f 209/250/225 210/252/227 149/193/168 179/214/189
f 210/252/227 240/275/249 148/191/166 149/193/168
f 240/275/249 235/271/245 147/189/164 148/191/166
f 235/271/245 230/264/238 146/187/162 147/189/164
f 230/264/238 186/263/5 124/184/8 146/187/162
f 186/5/5 226/325/240 280/326/280 273/6/6
f 226/325/240 227/327/242 279/328/281 280/326/280
f 227/327/242 228/329/244 278/330/282 279/328/281
f 228/329/244 229/331/213 277/332/283 278/330/282
f 229/331/213 201/333/208 276/334/284 277/332/283
f 201/333/208 196/335/203 275/336/285 276/334/284
f 196/335/203 191/337/194 274/338/286 275/336/285
f 191/337/194 184/339/193 272/340/287 274/338/286
f 263/3/3 265/341/288 69/342/75 62/4/4
f 265/341/288 266/343/289 74/344/84 69/342/75
f 266/343/289 267/345/290 79/346/89 74/344/84
f 267/345/290 268/347/291 107/348/94 79/346/89
f 268/347/291 269/349/292 106/350/126 107/348/94
f 269/349/292 270/351/293 105/352/124 106/350/126
f 270/351/293 271/353/294 104/354/122 105/352/124
f 271/353/294 264/355/295 64/356/119 104/354/122
f 3/357/59 43/358/62 262/359/296 255/360/297
f 43/358/62 44/361/64 261/362/298 262/359/296
f 44/361/64 45/363/66 260/364/299 261/362/298
f 45/363/66 46/365/34 259/366/300 260/364/299
f 46/365/34 18/367/29 258/368/301 259/366/300
f 18/367/29 13/369/24 257/370/302 258/368/301
f 13/369/24 8/371/15 256/372/303 257/370/302
f 8/371/15 1/373/14 254/374/304 256/372/303
f 245/7/7 247/375/305 150/376/160 124/8/8
f 247/375/305 248/377/306 155/378/169 150/376/160
f 248/377/306 249/379/307 160/380/174 155/378/169
f 249/379/307 250/381/308 129/382/144 160/380/174
f 250/381/308 251/383/309 128/384/142 129/382/144
f 251/383/309 252/385/310 127/386/140 128/384/142
f 252/385/310 253/387/311 126/388/138 127/386/140
f 253/387/311 246/291/261 123/290/135 126/388/138
f 1644/389/271 302/390/272 211/244/219 1641/243/218
f 1349/391/260 1348/392/262 254/374/304 1/373/14
f 314/393/278 315/394/279 184/218/193 187/221/196
f 312/395/277 314/393/278 187/221/196 188/223/198
f 310/396/276 312/395/277 188/223/198 189/225/200
f 308/397/275 310/396/276 189/225/200 190/227/202
f 306/398/274 308/397/275 190/227/202 221/258/233
f 304/399/273 306/398/274 221/258/233 216/253/228
f 302/390/272 304/399/273 216/253/228 211/244/219
f 1347/304/272 1346/307/273 303/310/273 301/305/272
f 1350/400/259 1349/401/260 1/37/14 4/40/17
f 1351/402/258 1350/400/259 4/40/17 5/42/19
f 1352/403/257 1351/402/258 5/42/19 6/44/21
f 1353/404/256 1352/403/257 6/44/21 7/46/23
f 1354/405/254 1353/404/256 7/46/23 38/77/54
f 1355/406/255 1354/405/254 38/77/54 33/72/49
f 1356/407/11 1355/406/255 33/72/49 28/63/40
f 165/10/10 166/207/182 285/284/255 283/11/11
f 315/408/279 319/409/253 272/340/287 184/339/193
f 1358/410/12 1356/407/11 28/63/40 1633/62/39
f 298/411/312 296/412/312 294/413/312 292/414/312 290/415/312 288/416/312 286/417/312 284/418/312 1636/419/312 1323/420/312 1937/421/312 1364/422/312 1635/423/312 301/424/312 303/425/312 305/426/312 307/427/312 309/428/312 311/429/312 313/430/312 316/431/312 320/432/312 317/433/312
f 318/434/2 319/435/2 315/436/2 314/437/2 312/438/2 310/439/2 308/440/2 306/441/2 304/442/2 302/443/2 1644/444/2 1643/445/2 283/446/2 285/447/2 287/448/2 289/449/2 291/450/2 293/451/2 295/452/2 297/453/2
f 1336/454/253 1334/455/253 1638/456/253 63/457/253
f 321/458/313 322/459/313 324/460/313 323/461/313
f 325/462/313 326/463/313 328/464/313 327/465/313
f 329/466/313 330/467/313 332/468/313 331/469/313
f 333/470/313 334/471/313 336/472/313 335/473/313
f 337/474/313 338/475/313 340/476/313 339/477/313
f 341/478/313 342/479/313 344/480/313 343/481/313
f 345/482/313 346/483/313 348/484/313 347/485/313
f 349/486/313 350/487/313 352/488/313 351/489/313
f 353/490/313 354/491/313 356/492/313 355/493/313
f 357/494/313 358/495/313 360/496/313 359/497/313
f 361/498/313 362/499/313 364/500/313 363/501/313
f 365/502/313 366/503/313 368/504/313 367/505/313
f 369/506/313 370/507/313 372/508/313 371/509/313
f 373/510/313 374/511/313 376/512/313 375/513/313
f 377/514/313 378/515/313 380/516/313 379/517/313
f 381/518/313 382/519/313 384/520/313 383/521/313
f 385/522/313 386/523/313 388/524/313 387/525/313
f 389/526/313 390/527/313 392/528/313 391/529/313
f 393/530/313 394/531/313 396/532/313 395/533/313
f 397/534/313 398/535/313 400/536/313 399/537/313
f 401/538/313 402/539/313 404/540/313 403/541/313
f 405/542/313 406/543/313 408/544/313 407/545/313
f 409/546/313 410/547/313 412/548/313 411/549/313
f 413/550/313 414/551/313 416/552/313 415/553/313
f 417/554/313 418/555/313 420/556/313 419/557/313
f 421/558/313 422/559/313 424/560/313 423/561/313
f 425/562/313 426/563/313 428/564/313 427/565/313
f 429/566/313 430/567/313 432/568/313 431/569/313
f 433/570/313 434/571/313 436/572/313 435/573/313
f 437/574/313 438/575/313 440/576/313 439/577/313
f 441/578/313 442/579/313 444/580/313 443/581/313
f 445/582/313 446/583/313 448/584/313 447/585/313
f 449/586/313 450/587/313 452/588/313 451/589/313
f 453/590/313 454/591/313 456/592/313 455/593/313
f 457/594/313 458/595/313 460/596/313 459/597/313
f 461/598/313 462/599/313 464/600/313 463/601/313
f 465/602/313 466/603/313 468/604/313 467/605/313
f 469/606/313 470/607/313 472/608/313 471/609/313
f 473/610/313 474/611/313 476/612/313 475/613/313
f 477/614/313 478/615/313 480/616/313 479/617/313
f 481/618/313 482/619/313 484/620/313 483/621/313
f 485/622/313 486/623/313 488/624/313 487/625/313
f 489/626/313 490/627/313 492/628/313 491/629/313
f 493/630/313 494/631/313 496/632/313 495/633/313
f 497/634/313 498/635/313 500/636/313 499/637/313
f 501/638/313 502/639/313 504/640/313 503/641/313
f 505/642/313 506/643/313 508/644/313 507/645/313
f 509/646/313 510/647/313 512/648/313 511/649/313
f 513/650/313 514/651/313 516/652/313 515/653/313
f 517/654/313 518/655/313 520/656/313 519/657/313
f 536/658/313 535/659/313 533/660/313 534/661/313
f 532/662/313 531/663/313 529/664/313 530/665/313
f 528/666/313 527/667/313 525/668/313 526/669/313
f 524/670/313 523/671/313 521/672/313 522/673/313
f 537/674/313 538/675/313 540/676/313 539/677/313
f 541/678/313 542/679/313 544/680/313 543/681/313
f 545/682/313 546/683/313 548/684/313 547/685/313
f 549/686/313 550/687/313 552/688/313 551/689/313
f 553/690/313 554/691/313 556/692/313 555/693/313
f 557/694/313 558/695/313 560/696/313 559/697/313
f 561/698/313 562/699/313 564/700/313 563/701/313
f 565/702/313 566/703/313 568/704/313 567/705/313
f 569/706/313 570/707/313 572/708/313 571/709/313
f 573/710/313 574/711/313 576/712/313 575/713/313
f 577/714/313 578/715/313 580/716/313 579/717/313
f 581/718/313 582/719/313 584/720/313 583/721/313
f 585/722/313 586/723/313 588/724/313 587/725/313
f 589/726/313 590/727/313 592/728/313 591/729/313
f 593/730/313 594/731/313 596/732/313 595/733/313
f 597/734/313 598/735/313 600/736/313 599/737/313
f 601/738/313 602/739/313 604/740/313 603/741/313
f 605/742/313 606/743/313 608/744/313 607/745/313
f 609/746/313 610/747/313 612/748/313 611/749/313
f 613/750/313 614/751/313 616/752/313 615/753/313
f 617/754/313 618/755/313 620/756/313 619/757/313
f 621/758/313 622/759/313 624/760/313 623/761/313
f 625/762/313 626/763/313 628/764/313 627/765/313
f 629/766/313 630/767/313 632/768/313 631/769/313
f 633/770/313 634/771/313 636/772/313 635/773/313
f 637/774/313 638/775/313 640/776/313 639/777/313
f 641/778/313 642/779/313 644/780/313 643/781/313
f 645/782/313 646/783/313 648/784/313 647/785/313
f 649/786/313 650/787/313 652/788/313 651/789/313
f 653/790/313 654/791/313 656/792/313 655/793/313
f 657/794/313 658/795/313 660/796/313 659/797/313
f 661/798/313 662/799/313 664/800/313 663/801/313
f 665/802/313 666/803/313 668/804/313 667/805/313
f 669/806/313 670/807/313 672/808/313 671/809/313
f 673/810/313 674/811/313 676/812/313 675/813/313
f 677/814/313 678/815/313 680/816/313 679/817/313
f 681/818/313 682/819/313 684/820/313 683/821/313
f 685/822/313 686/823/313 688/824/313 687/825/313
f 689/826/313 690/827/313 692/828/313 691/829/313
f 693/830/313 694/831/313 696/832/313 695/833/313
f 697/834/313 698/835/313 700/836/313 699/837/313
f 701/838/313 702/839/313 704/840/313 703/841/313
f 705/842/313 706/843/313 708/844/313 707/845/313
f 709/846/313 710/847/313 712/848/313 711/849/313
f 713/850/313 714/851/313 716/852/313 715/853/313
f 717/854/313 718/855/313 720/856/313 719/857/313
f 721/858/313 722/859/313 724/860/313 723/861/313
f 725/862/313 726/863/313 728/864/313 727/865/313
f 729/866/313 730/867/313 732/868/313 731/869/313
f 733/870/313 734/871/313 736/872/313 735/873/313
f 737/874/313 738/875/313 740/876/313 739/877/313
f 741/878/313 742/879/313 744/880/313 743/881/313
f 745/882/313 746/883/313 748/884/313 747/885/313
f 749/886/313 750/887/313 752/888/313 751/889/313
f 753/890/313 754/891/313 756/892/313 755/893/313
f 757/894/313 758/895/313 760/896/313 759/897/313
f 761/898/313 762/899/313 764/900/313 763/901/313
f 765/902/313 766/903/313 768/904/313 767/905/313
f 769/906/313 770/907/313 772/908/313 771/909/313
f 773/910/313 774/911/313 776/912/313 775/913/313
f 777/914/313 778/915/313 780/916/313 779/917/313
f 781/918/313 782/919/313 784/920/313 783/921/313
f 785/922/313 786/923/313 788/924/313 787/925/313
f 789/926/313 790/927/313 792/928/313 791/929/313
f 793/930/313 794/931/313 796/932/313 795/933/313
f 797/934/313 798/935/313 800/936/313 799/937/313
f 802/938/313 804/939/313 803/940/313 801/941/313
f 1935/942/313 1933/943/313 808/944/313 1658/945/313
f 667/805/262 1154/946/262 1153/947/262 665/802/262
f 458/595/253 947/948/253 948/949/253 460/596/253
f 665/802/2 1153/950/2 1155/951/2 666/803/2
f 460/596/312 948/952/312 946/953/312 459/597/312
f 666/803/253 1155/954/253 1156/955/253 668/804/253
f 463/601/262 950/956/262 949/957/262 461/598/262
f 668/804/312 1156/958/312 1154/959/312 667/805/312
f 461/598/2 949/960/2 951/961/2 462/599/2
f 671/809/262 1158/962/262 1157/963/262 669/806/262
f 462/599/253 951/964/253 952/965/253 464/600/253
f 669/806/2 1157/966/2 1159/967/2 670/807/2
f 464/600/312 952/968/312 950/969/312 463/601/312
f 670/807/253 1159/970/253 1160/971/253 672/808/253
f 467/605/262 954/972/262 953/973/262 465/602/262
f 672/808/312 1160/974/312 1158/975/312 671/809/312
f 465/602/2 953/976/2 955/977/2 466/603/2
f 675/813/262 1162/978/262 1161/979/262 673/810/262
f 466/603/253 955/980/253 956/981/253 468/604/253
f 673/810/2 1161/982/2 1163/983/2 674/811/2
f 468/604/312 956/984/312 954/985/312 467/605/312
f 674/811/253 1163/986/253 1164/987/253 676/812/253
f 471/609/262 958/988/262 957/989/262 469/606/262
f 676/812/312 1164/990/312 1162/991/312 675/813/312
f 469/606/2 957/992/2 959/993/2 470/607/2
f 679/817/262 1166/994/262 1165/995/262 677/814/262
f 470/607/253 959/996/253 960/997/253 472/608/253
f 677/814/2 1165/998/2 1167/999/2 678/815/2
f 472/608/312 960/1000/312 958/1001/312 471/609/312
f 678/815/253 1167/1002/253 1168/1003/253 680/816/253
f 475/613/262 962/1004/262 961/1005/262 473/610/262
f 680/816/312 1168/1006/312 1166/1007/312 679/817/312
f 473/610/2 961/1008/2 963/1009/2 474/611/2
f 683/821/262 1170/1010/262 1169/1011/262 681/818/262
f 474/611/253 963/1012/253 964/1013/253 476/612/253
f 681/818/2 1169/1014/2 1171/1015/2 682/819/2
f 476/612/312 964/1016/312 962/1017/312 475/613/312
f 682/819/253 1171/1018/253 1172/1019/253 684/820/253
f 479/617/262 966/1020/262 965/1021/262 477/614/262
f 684/820/312 1172/1022/312 1170/1023/312 683/821/312
f 477/614/2 965/1024/2 967/1025/2 478/615/2
f 687/825/262 1174/1026/262 1173/1027/262 685/822/262
f 478/615/253 967/1028/253 968/1029/253 480/616/253
f 685/822/2 1173/1030/2 1175/1031/2 686/823/2
f 480/616/312 968/1032/312 966/1033/312 479/617/312
f 686/823/253 1175/1034/253 1176/1035/253 688/824/253
f 483/621/262 970/1036/262 969/1037/262 481/618/262
f 688/824/312 1176/1038/312 1174/1039/312 687/825/312
f 481/618/2 969/1040/2 971/1041/2 482/619/2
f 691/829/262 1178/1042/262 1177/1043/262 689/826/262
f 482/619/253 971/1044/253 972/1045/253 484/620/253
f 689/826/2 1177/1046/2 1179/1047/2 690/827/2
f 484/620/312 972/1048/312 970/1049/312 483/621/312
f 690/827/253 1179/1050/253 1180/1051/253 692/828/253
f 487/625/262 974/1052/262 973/1053/262 485/622/262
f 692/828/312 1180/1054/312 1178/1055/312 691/829/312
f 485/622/2 973/1056/2 975/1057/2 486/623/2
f 695/833/262 1182/1058/262 1181/1059/262 693/830/262
f 486/623/253 975/1060/253 976/1061/253 488/624/253
f 693/830/2 1181/1062/2 1183/1063/2 694/831/2
f 488/624/312 976/1064/312 974/1065/312 487/625/312
f 694/831/253 1183/1066/253 1184/1067/253 696/832/253
f 491/629/262 978/1068/262 977/1069/262 489/626/262
f 696/832/312 1184/1070/312 1182/1071/312 695/833/312
f 489/626/2 977/1072/2 979/1073/2 490/627/2
f 699/837/262 1186/1074/262 1185/1075/262 697/834/262
f 490/627/253 979/1076/253 980/1077/253 492/628/253
f 697/834/2 1185/1078/2 1187/1079/2 698/835/2
f 492/628/312 980/1080/312 978/1081/312 491/629/312
f 698/835/253 1187/1082/253 1188/1083/253 700/836/253
f 495/633/262 982/1084/262 981/1085/262 493/630/262
f 700/836/312 1188/1086/312 1186/1087/312 699/837/312
f 493/630/2 981/1088/2 983/1089/2 494/631/2
f 703/841/262 1190/1090/262 1189/1091/262 701/838/262
f 494/631/253 983/1092/253 984/1093/253 496/632/253
f 701/838/2 1189/1094/2 1191/1095/2 702/839/2
f 496/632/312 984/1096/312 982/1097/312 495/633/312
f 702/839/253 1191/1098/253 1192/1099/253 704/840/253
f 499/637/262 986/1100/262 985/1101/262 497/634/262
f 704/840/312 1192/1102/312 1190/1103/312 703/841/312
f 497/634/2 985/1104/2 987/1105/2 498/635/2
f 707/845/262 1194/1106/262 1193/1107/262 705/842/262
f 498/635/253 987/1108/253 988/1109/253 500/636/253
f 705/842/2 1193/1110/2 1195/1111/2 706/843/2
f 500/636/312 988/1112/312 986/1113/312 499/637/312
f 706/843/253 1195/1114/253 1196/1115/253 708/844/253
f 503/641/262 990/1116/262 989/1117/262 501/638/262
f 708/844/312 1196/1118/312 1194/1119/312 707/845/312
f 501/638/2 989/1120/2 991/1121/2 502/639/2
f 711/849/262 1198/1122/262 1197/1123/262 709/846/262
f 502/639/253 991/1124/253 992/1125/253 504/640/253
f 709/846/2 1197/1126/2 1199/1127/2 710/847/2
f 504/640/312 992/1128/312 990/1129/312 503/641/312
f 710/847/253 1199/1130/253 1200/1131/253 712/848/253
f 507/645/262 994/1132/262 993/1133/262 505/642/262
f 712/848/312 1200/1134/312 1198/1135/312 711/849/312
f 505/642/2 993/1136/2 995/1137/2 506/643/2
f 715/853/262 1202/1138/262 1201/1139/262 713/850/262
f 506/643/253 995/1140/253 996/1141/253 508/644/253
f 713/850/2 1201/1142/2 1203/1143/2 714/851/2
f 508/644/312 996/1144/312 994/1145/312 507/645/312
f 714/851/253 1203/1146/253 1204/1147/253 716/852/253
f 511/649/262 998/1148/262 997/1149/262 509/646/262
f 716/852/312 1204/1150/312 1202/1151/312 715/853/312
f 509/646/2 997/1152/2 999/1153/2 510/647/2
f 719/857/262 1206/1154/262 1205/1155/262 717/854/262
f 510/647/253 999/1156/253 1000/1157/253 512/648/253
f 717/854/2 1205/1158/2 1207/1159/2 718/855/2
f 512/648/312 1000/1160/312 998/1161/312 511/649/312
f 718/855/253 1207/1162/253 1208/1163/253 720/856/253
f 515/653/262 1002/1164/262 1001/1165/262 513/650/262
f 720/856/312 1208/1166/312 1206/1167/312 719/857/312
f 513/650/2 1001/1168/2 1003/1169/2 514/651/2
f 723/861/262 1210/1170/262 1209/1171/262 721/858/262
f 514/651/253 1003/1172/253 1004/1173/253 516/652/253
f 721/858/2 1209/1174/2 1211/1175/2 722/859/2
f 516/652/312 1004/1176/312 1002/1177/312 515/653/312
f 722/859/253 1211/1178/253 1212/1179/253 724/860/253
f 519/657/262 1006/1180/262 1005/1181/262 517/654/262
f 724/860/312 1212/1182/312 1210/1183/312 723/861/312
f 517/654/2 1005/1184/2 1007/1185/2 518/655/2
f 727/865/262 1214/1186/262 1213/1187/262 725/862/262
f 518/655/253 1007/1188/253 1008/1189/253 520/656/253
f 725/862/2 1213/1190/2 1215/1191/2 726/863/2
f 520/656/312 1008/1192/312 1006/1193/312 519/657/312
f 726/863/253 1215/1194/253 1216/1195/253 728/864/253
f 523/671/253 1010/1196/253 1009/1197/253 521/672/253
f 728/864/312 1216/1198/312 1214/1199/312 727/865/312
f 521/672/312 1009/1200/312 1011/1201/312 522/673/312
f 731/869/262 1218/1202/262 1217/1203/262 729/866/262
f 524/670/2 1012/1204/2 1010/1205/2 523/671/2
f 729/866/2 1217/1206/2 1219/1207/2 730/867/2
f 522/673/262 1011/1208/262 1012/1209/262 524/670/262
f 730/867/253 1219/1210/253 1220/1211/253 732/868/253
f 527/667/253 1014/1212/253 1013/1213/253 525/668/253
f 732/868/312 1220/1214/312 1218/1215/312 731/869/312
f 525/668/312 1013/1216/312 1015/1217/312 526/669/312
f 735/873/262 1222/1218/262 1221/1219/262 733/870/262
f 528/666/2 1016/1220/2 1014/1221/2 527/667/2
f 323/461/262 809/1222/262 810/1223/262 321/458/262
f 733/870/2 1221/1224/2 1223/1225/2 734/871/2
f 526/669/262 1015/1226/262 1016/1227/262 528/666/262
f 321/458/2 810/1228/2 811/1229/2 322/459/2
f 734/871/253 1223/1230/253 1224/1231/253 736/872/253
f 531/663/253 1018/1232/253 1017/1233/253 529/664/253
f 322/459/253 811/1234/253 812/1235/253 324/460/253
f 736/872/312 1224/1236/312 1222/1237/312 735/873/312
f 529/664/312 1017/1238/312 1019/1239/312 530/665/312
f 324/460/312 812/1240/312 809/1241/312 323/461/312
f 739/877/262 1226/1242/262 1225/1243/262 737/874/262
f 532/662/2 1020/1244/2 1018/1245/2 531/663/2
f 327/465/262 813/1246/262 814/1247/262 325/462/262
f 737/874/2 1225/1248/2 1227/1249/2 738/875/2
f 530/665/262 1019/1250/262 1020/1251/262 532/662/262
f 325/462/2 814/1252/2 815/1253/2 326/463/2
f 738/875/253 1227/1254/253 1228/1255/253 740/876/253
f 535/659/253 1022/1256/253 1021/1257/253 533/660/253
f 326/463/253 815/1258/253 816/1259/253 328/464/253
f 740/876/312 1228/1260/312 1226/1261/312 739/877/312
f 533/660/312 1021/1262/312 1023/1263/312 534/661/312
f 328/464/312 816/1264/312 813/1265/312 327/465/312
f 743/881/262 1230/1266/262 1229/1267/262 741/878/262
f 536/658/2 1024/1268/2 1022/1269/2 535/659/2
f 331/469/262 817/1270/262 818/1271/262 329/466/262
f 741/878/2 1229/1272/2 1231/1273/2 742/879/2
f 534/661/262 1023/1274/262 1024/1275/262 536/658/262
f 329/466/2 818/1276/2 819/1277/2 330/467/2
f 742/879/253 1231/1278/253 1232/1279/253 744/880/253
f 539/677/262 1026/1280/262 1025/1281/262 537/674/262
f 330/467/253 819/1282/253 820/1283/253 332/468/253
f 744/880/312 1232/1284/312 1230/1285/312 743/881/312
f 537/674/2 1025/1286/2 1027/1287/2 538/675/2
f 332/468/312 820/1288/312 817/1289/312 331/469/312
f 747/885/262 1234/1290/262 1233/1291/262 745/882/262
f 538/675/253 1027/1292/253 1028/1293/253 540/676/253
f 335/473/262 821/1294/262 822/1295/262 333/470/262
f 745/882/2 1233/1296/2 1235/1297/2 746/883/2
f 540/676/312 1028/1298/312 1026/1299/312 539/677/312
f 333/470/2 822/1300/2 823/1301/2 334/471/2
f 746/883/253 1235/1302/253 1236/1303/253 748/884/253
f 543/681/262 1030/1304/262 1029/1305/262 541/678/262
f 334/471/253 823/1306/253 824/1307/253 336/472/253
f 748/884/312 1236/1308/312 1234/1309/312 747/885/312
f 541/678/2 1029/1310/2 1031/1311/2 542/679/2
f 336/472/312 824/1312/312 821/1313/312 335/473/312
f 751/889/262 1238/1314/262 1237/1315/262 749/886/262
f 542/679/253 1031/1316/253 1032/1317/253 544/680/253
f 339/477/262 825/1318/262 826/1319/262 337/474/262
f 749/886/2 1237/1320/2 1239/1321/2 750/887/2
f 544/680/312 1032/1322/312 1030/1323/312 543/681/312
f 337/474/2 826/1324/2 827/1325/2 338/475/2
f 750/887/253 1239/1326/253 1240/1327/253 752/888/253
f 547/685/262 1034/1328/262 1033/1329/262 545/682/262
f 338/475/253 827/1330/253 828/1331/253 340/476/253
f 752/888/312 1240/1332/312 1238/1333/312 751/889/312
f 545/682/2 1033/1334/2 1035/1335/2 546/683/2
f 340/476/312 828/1336/312 825/1337/312 339/477/312
f 755/893/262 1242/1338/262 1241/1339/262 753/890/262
f 546/683/253 1035/1340/253 1036/1341/253 548/684/253
f 343/481/262 829/1342/262 830/1343/262 341/478/262
f 753/890/2 1241/1344/2 1243/1345/2 754/891/2
f 548/684/312 1036/1346/312 1034/1347/312 547/685/312
f 341/478/2 830/1348/2 831/1349/2 342/479/2
f 754/891/253 1243/1350/253 1244/1351/253 756/892/253
f 551/689/262 1038/1352/262 1037/1353/262 549/686/262
f 342/479/253 831/1354/253 832/1355/253 344/480/253
f 756/892/312 1244/1356/312 1242/1357/312 755/893/312
f 549/686/2 1037/1358/2 1039/1359/2 550/687/2
f 344/480/312 832/1360/312 829/1361/312 343/481/312
f 759/897/262 1246/1362/262 1245/1363/262 757/894/262
f 550/687/253 1039/1364/253 1040/1365/253 552/688/253
f 347/485/262 833/1366/262 834/1367/262 345/482/262
f 757/894/2 1245/1368/2 1247/1369/2 758/895/2
f 552/688/312 1040/1370/312 1038/1371/312 551/689/312
f 345/482/2 834/1372/2 835/1373/2 346/483/2
f 758/895/253 1247/1374/253 1248/1375/253 760/896/253
f 555/693/262 1042/1376/262 1041/1377/262 553/690/262
f 346/483/253 835/1378/253 836/1379/253 348/484/253
f 760/896/312 1248/1380/312 1246/1381/312 759/897/312
f 553/690/2 1041/1382/2 1043/1383/2 554/691/2
f 348/484/312 836/1384/312 833/1385/312 347/485/312
f 763/901/262 1250/1386/262 1249/1387/262 761/898/262
f 554/691/253 1043/1388/253 1044/1389/253 556/692/253
f 351/489/262 837/1390/262 838/1391/262 349/486/262
f 761/898/2 1249/1392/2 1251/1393/2 762/899/2
f 556/692/312 1044/1394/312 1042/1395/312 555/693/312
f 349/486/2 838/1396/2 839/1397/2 350/487/2
f 762/899/253 1251/1398/253 1252/1399/253 764/900/253
f 559/697/262 1046/1400/262 1045/1401/262 557/694/262
f 350/487/253 839/1402/253 840/1403/253 352/488/253
f 764/900/312 1252/1404/312 1250/1405/312 763/901/312
f 557/694/2 1045/1406/2 1047/1407/2 558/695/2
f 352/488/312 840/1408/312 837/1409/312 351/489/312
f 767/905/262 1254/1410/262 1253/1411/262 765/902/262
f 558/695/253 1047/1412/253 1048/1413/253 560/696/253
f 355/493/262 841/1414/262 842/1415/262 353/490/262
f 765/902/2 1253/1416/2 1255/1417/2 766/903/2
f 560/696/312 1048/1418/312 1046/1419/312 559/697/312
f 353/490/2 842/1420/2 843/1421/2 354/491/2
f 766/903/253 1255/1422/253 1256/1423/253 768/904/253
f 563/701/262 1050/1424/262 1049/1425/262 561/698/262
f 354/491/253 843/1426/253 844/1427/253 356/492/253
f 768/904/312 1256/1428/312 1254/1429/312 767/905/312
f 561/698/2 1049/1430/2 1051/1431/2 562/699/2
f 356/492/312 844/1432/312 841/1433/312 355/493/312
f 771/909/262 1258/1434/262 1257/1435/262 769/906/262
f 562/699/253 1051/1436/253 1052/1437/253 564/700/253
f 359/497/262 845/1438/262 846/1439/262 357/494/262
f 769/906/2 1257/1440/2 1259/1441/2 770/907/2
f 564/700/312 1052/1442/312 1050/1443/312 563/701/312
f 357/494/2 846/1444/2 847/1445/2 358/495/2
f 770/907/253 1259/1446/253 1260/1447/253 772/908/253
f 567/705/262 1054/1448/262 1053/1449/262 565/702/262
f 358/495/253 847/1450/253 848/1451/253 360/496/253
f 772/908/312 1260/1452/312 1258/1453/312 771/909/312
f 565/702/2 1053/1454/2 1055/1455/2 566/703/2
f 360/496/312 848/1456/312 845/1457/312 359/497/312
f 775/913/262 1262/1458/262 1261/1459/262 773/910/262
f 566/703/253 1055/1460/253 1056/1461/253 568/704/253
f 363/501/262 849/1462/262 850/1463/262 361/498/262
f 773/910/2 1261/1464/2 1263/1465/2 774/911/2
f 568/704/312 1056/1466/312 1054/1467/312 567/705/312
f 361/498/2 850/1468/2 851/1469/2 362/499/2
f 774/911/253 1263/1470/253 1264/1471/253 776/912/253
f 571/709/262 1058/1472/262 1057/1473/262 569/706/262
f 362/499/253 851/1474/253 852/1475/253 364/500/253
f 776/912/312 1264/1476/312 1262/1477/312 775/913/312
f 569/706/2 1057/1478/2 1059/1479/2 570/707/2
f 364/500/312 852/1480/312 849/1481/312 363/501/312
f 779/917/262 1266/1482/262 1265/1483/262 777/914/262
f 570/707/253 1059/1484/253 1060/1485/253 572/708/253
f 367/505/262 853/1486/262 854/1487/262 365/502/262
f 777/914/2 1265/1488/2 1267/1489/2 778/915/2
f 572/708/312 1060/1490/312 1058/1491/312 571/709/312
f 365/502/2 854/1492/2 855/1493/2 366/503/2
f 778/915/253 1267/1494/253 1268/1495/253 780/916/253
f 575/713/262 1062/1496/262 1061/1497/262 573/710/262
f 366/503/253 855/1498/253 856/1499/253 368/504/253
f 780/916/312 1268/1500/312 1266/1501/312 779/917/312
f 573/710/2 1061/1502/2 1063/1503/2 574/711/2
f 368/504/312 856/1504/312 853/1505/312 367/505/312
f 783/921/262 1270/1506/262 1269/1507/262 781/918/262
f 574/711/253 1063/1508/253 1064/1509/253 576/712/253
f 371/509/262 857/1510/262 858/1511/262 369/506/262
f 781/918/2 1269/1512/2 1271/1513/2 782/919/2
f 576/712/312 1064/1514/312 1062/1515/312 575/713/312
f 369/506/2 858/1516/2 859/1517/2 370/507/2
f 782/919/253 1271/1518/253 1272/1519/253 784/920/253
f 579/717/262 1066/1520/262 1065/1521/262 577/714/262
f 370/507/253 859/1522/253 860/1523/253 372/508/253
f 784/920/312 1272/1524/312 1270/1525/312 783/921/312
f 577/714/2 1065/1526/2 1067/1527/2 578/715/2
f 372/508/312 860/1528/312 857/1529/312 371/509/312
f 787/925/262 1274/1530/262 1273/1531/262 785/922/262
f 578/715/253 1067/1532/253 1068/1533/253 580/716/253
f 375/513/262 861/1534/262 862/1535/262 373/510/262
f 785/922/2 1273/1536/2 1275/1537/2 786/923/2
f 580/716/312 1068/1538/312 1066/1539/312 579/717/312
f 373/510/2 862/1540/2 863/1541/2 374/511/2
f 786/923/253 1275/1542/253 1276/1543/253 788/924/253
f 583/721/262 1070/1544/262 1069/1545/262 581/718/262
f 374/511/253 863/1546/253 864/1547/253 376/512/253
f 788/924/312 1276/1548/312 1274/1549/312 787/925/312
f 581/718/2 1069/1550/2 1071/1551/2 582/719/2
f 376/512/312 864/1552/312 861/1553/312 375/513/312
f 791/929/262 1278/1554/262 1277/1555/262 789/926/262
f 582/719/253 1071/1556/253 1072/1557/253 584/720/253
f 379/517/262 865/1558/262 866/1559/262 377/514/262
f 789/926/2 1277/1560/2 1279/1561/2 790/927/2
f 584/720/312 1072/1562/312 1070/1563/312 583/721/312
f 377/514/2 866/1564/2 867/1565/2 378/515/2
f 790/927/253 1279/1566/253 1280/1567/253 792/928/253
f 587/725/262 1074/1568/262 1073/1569/262 585/722/262
f 378/515/253 867/1570/253 868/1571/253 380/516/253
f 792/928/312 1280/1572/312 1278/1573/312 791/929/312
f 585/722/2 1073/1574/2 1075/1575/2 586/723/2
f 380/516/312 868/1576/312 865/1577/312 379/517/312
f 795/933/262 1282/1578/262 1281/1579/262 793/930/262
f 586/723/253 1075/1580/253 1076/1581/253 588/724/253
f 383/521/262 869/1582/262 870/1583/262 381/518/262
f 793/930/2 1281/1584/2 1283/1585/2 794/931/2
f 588/724/312 1076/1586/312 1074/1587/312 587/725/312
f 381/518/2 870/1588/2 871/1589/2 382/519/2
f 794/931/253 1283/1590/253 1284/1591/253 796/932/253
f 591/729/262 1078/1592/262 1077/1593/262 589/726/262
f 382/519/253 871/1594/253 872/1595/253 384/520/253
f 796/932/312 1284/1596/312 1282/1597/312 795/933/312
f 589/726/2 1077/1598/2 1079/1599/2 590/727/2
f 384/520/312 872/1600/312 869/1601/312 383/521/312
f 799/937/262 1286/1602/262 1285/1603/262 797/934/262
f 590/727/253 1079/1604/253 1080/1605/253 592/728/253
f 387/525/262 873/1606/262 874/1607/262 385/522/262
f 797/934/2 1285/1608/2 1287/1609/2 798/935/2
f 592/728/312 1080/1610/312 1078/1611/312 591/729/312
f 385/522/2 874/1612/2 875/1613/2 386/523/2
f 798/935/253 1287/1614/253 1288/1615/253 800/936/253
f 595/733/262 1082/1616/262 1081/1617/262 593/730/262
f 386/523/253 875/1618/253 876/1619/253 388/524/253
f 800/936/312 1288/1620/312 1286/1621/312 799/937/312
f 593/730/2 1081/1622/2 1083/1623/2 594/731/2
f 388/524/312 876/1624/312 873/1625/312 387/525/312
f 594/731/253 1083/1626/253 1084/1627/253 596/732/253
f 391/529/262 877/1628/262 878/1629/262 389/526/262
f 596/732/312 1084/1630/312 1082/1631/312 595/733/312
f 389/526/2 878/1632/2 879/1633/2 390/527/2
f 599/737/262 1086/1634/262 1085/1635/262 597/734/262
f 390/527/253 879/1636/253 880/1637/253 392/528/253
f 597/734/2 1085/1638/2 1087/1639/2 598/735/2
f 392/528/312 880/1640/312 877/1641/312 391/529/312
f 598/735/253 1087/1642/253 1088/1643/253 600/736/253
f 395/533/262 881/1644/262 882/1645/262 393/530/262
f 600/736/312 1088/1646/312 1086/1647/312 599/737/312
f 393/530/2 882/1648/2 883/1649/2 394/531/2
f 603/741/262 1090/1650/262 1089/1651/262 601/738/262
f 394/531/253 883/1652/253 884/1653/253 396/532/253
f 601/738/2 1089/1654/2 1091/1655/2 602/739/2
f 396/532/312 884/1656/312 881/1657/312 395/533/312
f 602/739/253 1091/1658/253 1092/1659/253 604/740/253
f 399/537/262 885/1660/262 886/1661/262 397/534/262
f 604/740/312 1092/1662/312 1090/1663/312 603/741/312
f 397/534/2 886/1664/2 887/1665/2 398/535/2
f 607/745/262 1094/1666/262 1093/1667/262 605/742/262
f 398/535/253 887/1668/253 888/1669/253 400/536/253
f 605/742/2 1093/1670/2 1095/1671/2 606/743/2
f 400/536/312 888/1672/312 885/1673/312 399/537/312
f 1367/1674/2 1366/1675/2 1375/1676/2 1936/1677/2
f 606/743/253 1095/1678/253 1096/1679/253 608/744/253
f 403/541/262 889/1680/262 890/1681/262 401/538/262
f 1297/1682/2 1289/1683/2 1291/1684/2 1299/1685/2
f 608/744/312 1096/1686/312 1094/1687/312 607/745/312
f 401/538/2 890/1688/2 891/1689/2 402/539/2
f 1320/1690/312 1319/1691/312 1374/1692/312 1376/1693/312
f 611/749/262 1098/1694/262 1097/1695/262 609/746/262
f 402/539/253 891/1696/253 892/1697/253 404/540/253
f 1300/1698/312 1292/1699/312 1290/1700/312 1298/1701/312
f 609/746/2 1097/1702/2 1099/1703/2 610/747/2
f 404/540/312 892/1704/312 889/1705/312 403/541/312
f 1649/1706/262 1653/1707/262 1293/1708/262 805/1709/262
f 610/747/253 1099/1710/253 1100/1711/253 612/748/253
f 407/545/262 893/1712/262 894/1713/262 405/542/262
f 1657/1714/2 1659/1715/2 1295/1716/2 806/1717/2
f 612/748/312 1100/1718/312 1098/1719/312 611/749/312
f 405/542/2 894/1720/2 895/1721/2 406/543/2
f 1933/943/253 1934/1722/253 1296/1723/253 808/944/253
f 615/753/262 1102/1724/262 1101/1725/262 613/750/262
f 406/543/253 895/1726/253 896/1727/253 408/544/253
f 613/750/2 1101/1728/2 1103/1729/2 614/751/2
f 408/544/312 896/1730/312 893/1731/312 407/545/312
f 614/751/253 1103/1732/253 1104/1733/253 616/752/253
f 411/549/262 897/1734/262 898/1735/262 409/546/262
f 616/752/312 1104/1736/312 1102/1737/312 615/753/312
f 409/546/2 898/1738/2 899/1739/2 410/547/2
f 619/757/262 1106/1740/262 1105/1741/262 617/754/262
f 410/547/253 899/1742/253 900/1743/253 412/548/253
f 617/754/2 1105/1744/2 1107/1745/2 618/755/2
f 412/548/312 900/1746/312 897/1747/312 411/549/312
f 618/755/253 1107/1748/253 1108/1749/253 620/756/253
f 415/553/262 901/1750/262 902/1751/262 413/550/262
f 620/756/312 1108/1752/312 1106/1753/312 619/757/312
f 413/550/2 902/1754/2 903/1755/2 414/551/2
f 623/761/262 1110/1756/262 1109/1757/262 621/758/262
f 414/551/253 903/1758/253 904/1759/253 416/552/253
f 621/758/2 1109/1760/2 1111/1761/2 622/759/2
f 416/552/312 904/1762/312 901/1763/312 415/553/312
f 622/759/253 1111/1764/253 1112/1765/253 624/760/253
f 419/557/262 906/1766/262 905/1767/262 417/554/262
f 624/760/312 1112/1768/312 1110/1769/312 623/761/312
f 417/554/2 905/1770/2 907/1771/2 418/555/2
f 627/765/262 1114/1772/262 1113/1773/262 625/762/262
f 418/555/253 907/1774/253 908/1775/253 420/556/253
f 625/762/2 1113/1776/2 1115/1777/2 626/763/2
f 420/556/312 908/1778/312 906/1779/312 419/557/312
f 626/763/253 1115/1780/253 1116/1781/253 628/764/253
f 423/561/262 910/1782/262 909/1783/262 421/558/262
f 628/764/312 1116/1784/312 1114/1785/312 627/765/312
f 421/558/2 909/1786/2 911/1787/2 422/559/2
f 631/769/262 1118/1788/262 1117/1789/262 629/766/262
f 422/559/253 911/1790/253 912/1791/253 424/560/253
f 629/766/2 1117/1792/2 1119/1793/2 630/767/2
f 424/560/312 912/1794/312 910/1795/312 423/561/312
f 630/767/253 1119/1796/253 1120/1797/253 632/768/253
f 427/565/262 914/1798/262 913/1799/262 425/562/262
f 632/768/312 1120/1800/312 1118/1801/312 631/769/312
f 425/562/2 913/1802/2 915/1803/2 426/563/2
f 635/773/262 1122/1804/262 1121/1805/262 633/770/262
f 426/563/253 915/1806/253 916/1807/253 428/564/253
f 633/770/2 1121/1808/2 1123/1809/2 634/771/2
f 428/564/312 916/1810/312 914/1811/312 427/565/312
f 634/771/253 1123/1812/253 1124/1813/253 636/772/253
f 431/569/262 918/1814/262 917/1815/262 429/566/262
f 636/772/312 1124/1816/312 1122/1817/312 635/773/312
f 429/566/2 917/1818/2 919/1819/2 430/567/2
f 639/777/262 1126/1820/262 1125/1821/262 637/774/262
f 430/567/253 919/1822/253 920/1823/253 432/568/253
f 637/774/2 1125/1824/2 1127/1825/2 638/775/2
f 432/568/312 920/1826/312 918/1827/312 431/569/312
f 638/775/253 1127/1828/253 1128/1829/253 640/776/253
f 435/573/262 922/1830/262 921/1831/262 433/570/262
f 640/776/312 1128/1832/312 1126/1833/312 639/777/312
f 433/570/2 921/1834/2 923/1835/2 434/571/2
f 643/781/262 1130/1836/262 1129/1837/262 641/778/262
f 434/571/253 923/1838/253 924/1839/253 436/572/253
f 641/778/2 1129/1840/2 1131/1841/2 642/779/2
f 436/572/312 924/1842/312 922/1843/312 435/573/312
f 642/779/253 1131/1844/253 1132/1845/253 644/780/253
f 439/577/262 926/1846/262 925/1847/262 437/574/262
f 644/780/312 1132/1848/312 1130/1849/312 643/781/312
f 437/574/2 925/1850/2 927/1851/2 438/575/2
f 647/785/262 1134/1852/262 1133/1853/262 645/782/262
f 438/575/253 927/1854/253 928/1855/253 440/576/253
f 645/782/2 1133/1856/2 1135/1857/2 646/783/2
f 440/576/312 928/1858/312 926/1859/312 439/577/312
f 646/783/253 1135/1860/253 1136/1861/253 648/784/253
f 443/581/262 930/1862/262 929/1863/262 441/578/262
f 648/784/312 1136/1864/312 1134/1865/312 647/785/312
f 441/578/2 929/1866/2 931/1867/2 442/579/2
f 651/789/262 1138/1868/262 1137/1869/262 649/786/262
f 442/579/253 931/1870/253 932/1871/253 444/580/253
f 649/786/2 1137/1872/2 1139/1873/2 650/787/2
f 444/580/312 932/1874/312 930/1875/312 443/581/312
f 650/787/253 1139/1876/253 1140/1877/253 652/788/253
f 447/585/262 934/1878/262 933/1879/262 445/582/262
f 652/788/312 1140/1880/312 1138/1881/312 651/789/312
f 445/582/2 933/1882/2 935/1883/2 446/583/2
f 655/793/262 1142/1884/262 1141/1885/262 653/790/262
f 446/583/253 935/1886/253 936/1887/253 448/584/253
f 653/790/2 1141/1888/2 1143/1889/2 654/791/2
f 448/584/312 936/1890/312 934/1891/312 447/585/312
f 654/791/253 1143/1892/253 1144/1893/253 656/792/253
f 451/589/262 938/1894/262 937/1895/262 449/586/262
f 656/792/312 1144/1896/312 1142/1897/312 655/793/312
f 449/586/2 937/1898/2 939/1899/2 450/587/2
f 659/797/262 1146/1900/262 1145/1901/262 657/794/262
f 450/587/253 939/1902/253 940/1903/253 452/588/253
f 657/794/2 1145/1904/2 1147/1905/2 658/795/2
f 452/588/312 940/1906/312 938/1907/312 451/589/312
f 658/795/253 1147/1908/253 1148/1909/253 660/796/253
f 455/593/262 942/1910/262 941/1911/262 453/590/262
f 660/796/312 1148/1912/312 1146/1913/312 659/797/312
f 453/590/2 941/1914/2 943/1915/2 454/591/2
f 663/801/262 1150/1916/262 1149/1917/262 661/798/262
f 454/591/253 943/1918/253 944/1919/253 456/592/253
f 661/798/2 1149/1920/2 1151/1921/2 662/799/2
f 456/592/312 944/1922/312 942/1923/312 455/593/312
f 662/799/253 1151/1924/253 1152/1925/253 664/800/253
f 459/597/262 946/1926/262 945/1927/262 457/594/262
f 664/800/312 1152/1928/312 1150/1929/312 663/801/312
f 457/594/2 945/1930/2 947/1931/2 458/595/2
f 1298/1701/262 1290/1932/262 1289/1933/262 1297/1682/262
f 801/1934/314 1297/1682/314 1299/1685/314 802/1935/314
f 1321/1936/313 1333/1937/313 1374/1692/313 1319/1691/313
f 804/1938/315 1300/1698/315 1298/1701/315 803/1939/315
f 1301/1940/313 1302/1941/313 1304/1942/313 1303/1943/313
f 1303/1943/262 1306/1944/262 1305/1945/262 1301/1940/262
f 1301/1940/2 1305/1946/2 1307/1947/2 1302/1941/2
f 1302/1941/253 1307/1948/253 1308/1949/253 1304/1942/253
f 1304/1942/312 1308/1950/312 1306/1951/312 1303/1943/312
f 1309/1952/313 1310/1953/313 1312/1954/313 1311/1955/313
f 1311/1955/262 1314/1956/262 1313/1957/262 1309/1952/262
f 1309/1952/2 1313/1958/2 1315/1959/2 1310/1953/2
f 1310/1953/253 1315/1960/253 1316/1961/253 1312/1954/253
f 1312/1954/312 1316/1962/312 1314/1963/312 1311/1955/312
f 282/1964/312 1640/1965/312 1319/1691/312 1320/1690/312
f 1335/1966/313 1321/1936/313 1319/1691/313 1640/1965/313
f 1637/1967/313 1317/1968/313 1321/1936/313 1335/1966/313
f 3/357/59 255/360/297 1324/1969/2 1325/1970/1
f 24/65/42 25/67/44 1331/1971/265 1332/1972/264
f 1633/62/39 24/65/42 1332/1972/264 1318/1973/263
f 1376/1974/313 1937/1975/313 1323/1976/313 1320/1977/313
f 1936/1677/2 1375/1676/2 1317/1968/2 1322/1978/2
f 25/67/44 26/69/46 1330/1979/266 1331/1971/265
f 27/71/48 57/94/71 1328/1980/268 1329/1981/267
f 26/69/46 27/71/48 1329/1981/267 1330/1979/266
f 57/94/71 52/90/67 1327/1982/269 1328/1980/268
f 52/90/67 47/83/60 1326/1983/270 1327/1982/269
f 2/1984/313 1633/62/39 1318/1973/263 1322/1985/313
f 254/1986/13 1348/13/13 1339/16/13 264/1987/13 271/1988/13 270/1989/13 269/1990/13 268/1991/13 267/1992/13 266/1993/13 265/1994/13 263/1995/13 1371/1996/13 1938/1997/13 1324/1998/13 255/1999/13 262/2000/13 261/2001/13 260/2002/13 259/2003/13 258/2004/13 257/2005/13 256/2006/13
f 47/83/60 3/82/59 1325/2007/1 1326/1983/270
f 1634/123/99 85/126/102 1347/304/272 1357/303/271
f 86/128/104 87/130/106 1345/308/274 1346/307/273
f 87/130/106 88/132/108 1344/311/275 1345/308/274
f 118/155/131 113/151/127 1342/315/277 1343/313/276
f 88/132/108 118/155/131 1343/313/276 1344/311/275
f 113/151/127 108/144/120 1341/317/278 1342/315/277
f 108/144/120 64/143/119 1340/319/279 1341/317/278
f 64/356/119 264/355/295 1339/322/253 1340/321/279
f 85/126/102 86/128/104 1346/307/273 1347/304/272
f 298/2008/260 317/2009/262 1348/392/262 1349/391/260
f 296/2010/259 298/2011/260 1349/401/260 1350/400/259
f 294/2012/258 296/2010/259 1350/400/259 1351/402/258
f 292/2013/257 294/2012/258 1351/402/258 1352/403/257
f 288/2014/254 290/2015/256 1353/404/256 1354/405/254
f 290/2015/256 292/2013/257 1352/403/257 1353/404/256
f 286/2016/255 288/2014/254 1354/405/254 1355/406/255
f 284/2017/11 286/2016/255 1355/406/255 1356/407/11
f 1636/2018/12 284/2017/11 1356/407/11 1358/410/12
f 1317/1968/313 1375/1676/313 1333/1937/313 1321/1936/313
f 299/2019/253 1639/2020/253 1334/455/253 1336/454/253
f 1375/1676/313 1366/1675/313 1338/2021/313 1333/1937/313
f 282/2022/313 1636/2018/12 1358/410/12 1337/2023/313
f 63/2024/313 1634/123/99 1357/303/271 1336/2025/313
f 2/2026/262 1637/1967/262 1335/1966/262 1337/2027/262
f 1366/1675/313 1638/456/313 1334/455/313 1338/2021/313
f 1939/2028/1 1938/2029/2 1371/2/2 1362/1/1
f 1947/2030/263 1946/2031/264 1363/295/264 1373/294/263
f 1946/2031/264 1945/2032/265 1365/296/265 1363/295/264
f 1944/2033/266 1943/2034/267 1370/298/267 1368/297/266
f 1945/2032/265 1944/2033/266 1368/297/266 1365/296/265
f 1943/2034/267 1942/2035/268 1372/299/268 1370/298/267
f 1942/2035/268 1941/2036/269 1361/300/269 1372/299/268
f 1941/2036/269 1940/2037/270 1369/301/270 1361/300/269
f 63/2038/2 1638/456/2 1366/1675/2 1367/1674/2
f 1940/2037/270 1939/2039/1 1362/302/1 1369/301/270
f 299/2040/313 1635/306/271 1364/2041/313 1359/2042/313
f 1936/2043/313 1947/2030/263 1373/294/263 1367/2044/313
f 1333/1937/313 1338/2021/313 1360/2045/313 1374/1692/313
f 1325/1970/1 1324/1969/2 1938/2029/2 1939/2028/1
f 1376/1693/312 1374/1692/312 1360/2045/312 1359/2046/312
f 1318/1973/263 1332/1972/264 1946/2031/264 1947/2030/263
f 1332/1972/264 1331/1971/265 1945/2032/265 1946/2031/264
f 1359/2042/313 1364/2041/313 1937/1975/313 1376/1974/313
f 1377/2047/316 1378/2048/317 1380/2049/318 1379/2050/319
f 1379/2050/319 1380/2049/318 1382/2051/320 1381/2052/321
f 1381/2052/321 1382/2051/320 1384/2053/322 1383/2054/323
f 1383/2054/323 1384/2053/322 1386/2055/324 1385/2056/324
f 1385/2056/324 1386/2055/324 1388/2057/325 1387/2058/325
f 1387/2058/325 1388/2057/325 1390/2059/326 1389/2060/326
f 1389/2060/326 1390/2059/326 1392/2061/327 1391/2062/327
f 1391/2062/327 1392/2061/327 1394/2063/328 1393/2064/328
f 1393/2064/328 1394/2063/328 1396/2065/329 1395/2066/330
f 1395/2066/330 1396/2065/329 1398/2067/331 1397/2068/332
f 1397/2068/332 1398/2067/331 1400/2069/333 1399/2070/334
f 1399/2070/334 1400/2069/333 1402/2071/335 1401/2072/336
f 1401/2072/336 1402/2071/335 1404/2073/337 1403/2074/338
f 1403/2074/338 1404/2073/337 1406/2075/339 1405/2076/340
f 1405/2076/340 1406/2075/339 1408/2077/341 1407/2078/342
f 1407/2078/342 1408/2077/341 1410/2079/343 1409/2080/344
f 1409/2080/344 1410/2079/343 1412/2081/345 1411/2082/346
f 1411/2082/346 1412/2081/345 1414/2083/347 1413/2084/348
f 1413/2084/348 1414/2083/347 1416/2085/349 1415/2086/350
f 1415/2086/350 1416/2085/349 1418/2087/351 1417/2088/352
f 1417/2088/352 1418/2087/351 1420/2089/353 1419/2090/354
f 1419/2090/354 1420/2089/353 1422/2091/355 1421/2092/355
f 1421/2093/356 1422/2094/356 1424/2095/357 1423/2096/358
f 1423/2096/358 1424/2095/357 1426/2097/359 1425/2098/359
f 1425/2098/359 1426/2097/359 1428/2099/360 1427/2100/361
f 1427/2100/361 1428/2099/360 1430/2101/362 1429/2102/363
f 1429/2102/363 1430/2101/362 1432/2103/364 1431/2104/365
f 1431/2104/365 1432/2103/364 1434/2105/366 1433/2106/367
f 1433/2106/367 1434/2105/366 1436/2107/368 1435/2108/369
f 1435/2108/369 1436/2107/368 1438/2109/370 1437/2110/371
f 1380/2111/313 1378/2112/313 1440/2113/313 1438/2114/313 1436/2115/313 1434/2116/313 1432/2117/313 1430/2118/313 1428/2119/313 1426/2120/313 1424/2121/313 1422/2122/313 1420/2123/313 1418/2124/313 1416/2125/313 1414/2126/313 1412/2127/313 1410/2128/313 1408/2129/313 1406/2130/313 1404/2131/313 1402/2132/313 1400/2133/313 1398/2134/313 1396/2135/313 1394/2136/313 1392/2137/313 1390/2138/313 1388/2139/313 1386/2140/313 1384/2141/313 1382/2142/313
f 1437/2110/371 1438/2109/370 1440/2143/372 1439/2144/373
f 1439/2144/373 1440/2143/372 1378/2048/317 1377/2047/316
f 1629/2145/374 1598/2146/374 1599/2147/375 1630/2148/375
f 1441/2149/376 1442/2150/377 1444/2151/378 1443/2152/379
f 1443/2152/379 1444/2151/378 1446/2153/380 1445/2154/381
f 1445/2154/381 1446/2153/380 1448/2155/382 1447/2156/383
f 1447/2156/383 1448/2155/382 1450/2157/384 1449/2158/385
f 1449/2158/385 1450/2157/384 1452/2159/386 1451/2160/387
f 1451/2160/387 1452/2159/386 1454/2161/388 1453/2162/389
f 1453/2162/389 1454/2161/388 1456/2163/327 1455/2164/390
f 1455/2164/390 1456/2163/327 1458/2165/391 1457/2166/391
f 1457/2166/391 1458/2165/391 1460/2167/392 1459/2168/393
f 1459/2168/393 1460/2167/392 1462/2169/394 1461/2170/394
f 1461/2170/394 1462/2169/394 1464/2171/395 1463/2172/395
f 1463/2172/395 1464/2171/395 1466/2173/396 1465/2174/397
f 1465/2174/397 1466/2173/396 1468/2175/398 1467/2176/399
f 1467/2176/399 1468/2175/398 1470/2177/400 1469/2178/401
f 1469/2178/401 1470/2177/400 1472/2179/402 1471/2180/403
f 1471/2180/403 1472/2179/402 1474/2181/404 1473/2182/405
f 1473/2182/405 1474/2181/404 1476/2183/406 1475/2184/407
f 1475/2184/407 1476/2183/406 1478/2185/408 1477/2186/409
f 1477/2186/409 1478/2185/408 1480/2187/410 1479/2188/411
f 1479/2188/411 1480/2187/410 1482/2189/412 1481/2190/413
f 1481/2190/413 1482/2189/412 1484/2191/414 1483/2192/415
f 1483/2192/415 1484/2191/414 1486/2193/416 1485/2194/417
f 1485/2194/417 1486/2193/416 1488/2195/418 1487/2196/419
f 1487/2196/419 1488/2195/418 1490/2197/420 1489/2198/420
f 1489/2198/420 1490/2197/420 1492/2199/421 1491/2200/422
f 1491/2200/422 1492/2199/421 1494/2201/423 1493/2202/423
f 1493/2203/424 1494/2204/424 1496/2205/425 1495/2206/426
f 1495/2206/426 1496/2205/425 1498/2207/427 1497/2208/427
f 1497/2208/427 1498/2207/427 1500/2209/428 1499/2210/429
f 1499/2210/429 1500/2209/428 1502/2211/430 1501/2212/431
f 1444/2213/313 1442/2214/313 1504/2215/313 1502/2216/313 1500/2217/313 1498/2218/313 1496/2219/313 1494/2220/313 1492/2221/313 1490/2222/313 1488/2223/313 1486/2224/313 1484/2225/313 1482/2226/313 1480/2227/313 1478/2228/313 1476/2229/313 1474/2230/313 1472/2231/313 1470/2232/313 1468/2233/313 1466/2234/313 1464/2235/313 1462/2236/313 1460/2237/313 1458/2238/313 1456/2239/313 1454/2240/313 1452/2241/313 1450/2242/313 1448/2243/313 1446/2244/313
f 1501/2212/431 1502/2211/430 1504/2245/432 1503/2246/433
f 1503/2246/433 1504/2245/432 1442/2150/377 1441/2149/376
f 1630/2148/434 1599/2147/434 1600/2247/435 1631/2248/435
f 1569/2249/436 1506/2250/436 1508/2251/436 1570/2252/436
f 1570/2252/437 1508/2251/437 1510/2253/437 1571/2254/437
f 1571/2254/438 1510/2253/438 1512/2255/438 1572/2256/438
f 1572/2256/439 1512/2255/439 1514/2257/439 1573/2258/439
f 1573/2258/440 1514/2257/440 1516/2259/440 1574/2260/440
f 1574/2260/441 1516/2259/441 1518/2261/441 1575/2262/441
f 1575/2262/442 1518/2261/442 1520/2263/442 1576/2264/442
f 1576/2264/443 1520/2263/443 1522/2265/443 1577/2266/443
f 1577/2266/444 1522/2265/444 1524/2267/444 1578/2268/444
f 1578/2268/445 1524/2267/445 1526/2269/445 1579/2270/445
f 1579/2270/446 1526/2269/446 1528/2271/446 1580/2272/446
f 1580/2272/447 1528/2271/447 1530/2273/447 1581/2274/447
f 1581/2274/448 1530/2273/448 1532/2275/448 1582/2276/448
f 1582/2276/449 1532/2275/449 1534/2277/449 1583/2278/449
f 1583/2278/450 1534/2277/450 1536/2279/450 1584/2280/450
f 1584/2280/451 1536/2279/451 1538/2281/451 1585/2282/451
f 1585/2282/452 1538/2281/452 1540/2283/452 1586/2284/452
f 1586/2284/453 1540/2283/453 1542/2285/453 1587/2286/453
f 1587/2286/454 1542/2285/454 1544/2287/454 1588/2288/454
f 1588/2288/455 1544/2287/455 1546/2289/455 1589/2290/455
f 1589/2290/456 1546/2289/456 1548/2291/456 1590/2292/456
f 1590/2292/457 1548/2291/457 1550/2293/457 1591/2294/457
f 1591/2294/458 1550/2293/458 1552/2295/458 1592/2296/458
f 1592/2296/459 1552/2295/459 1554/2297/459 1593/2298/459
f 1593/2298/460 1554/2297/460 1556/2299/460 1594/2300/460
f 1594/2300/461 1556/2299/461 1558/2301/461 1595/2302/461
f 1595/2302/462 1558/2301/462 1560/2303/462 1596/2304/462
f 1596/2304/463 1560/2303/463 1562/2305/463 1597/2306/463
f 1597/2306/464 1562/2305/464 1564/2307/464 1598/2308/464
f 1598/2308/465 1564/2307/465 1566/2309/465 1599/2310/465
f 1508/2251/313 1506/2250/313 1568/2311/313 1566/2309/313 1564/2307/313 1562/2305/313 1560/2303/313 1558/2301/313 1556/2299/313 1554/2297/313 1552/2295/313 1550/2293/313 1548/2291/313 1546/2289/313 1544/2287/313 1542/2285/313 1540/2283/313 1538/2281/313 1536/2279/313 1534/2277/313 1532/2275/313 1530/2273/313 1528/2271/313 1526/2269/313 1524/2267/313 1522/2265/313 1520/2263/313 1518/2261/313 1516/2259/313 1514/2257/313 1512/2255/313 1510/2253/313
f 1599/2310/466 1566/2309/466 1568/2311/466 1600/2312/466
f 1600/2312/467 1568/2311/467 1506/2250/467 1569/2249/467
f 1631/2248/435 1600/2247/435 1569/2313/468 1632/2314/468
f 1628/2315/469 1597/2316/469 1598/2146/374 1629/2145/374
f 1627/2317/470 1596/2318/470 1597/2316/471 1628/2315/471
f 1626/2319/472 1595/2320/472 1596/2318/470 1627/2317/470
f 1625/2321/473 1594/2322/473 1595/2320/474 1626/2319/474
f 1624/2323/475 1593/2324/475 1594/2322/473 1625/2321/473
f 1623/2325/476 1592/2326/476 1593/2324/477 1624/2323/477
f 1622/2327/478 1591/2328/478 1592/2326/476 1623/2325/476
f 1621/2329/479 1590/2330/479 1591/2328/480 1622/2327/480
f 1620/2331/481 1589/2332/481 1590/2330/479 1621/2329/479
f 1619/2333/482 1588/2334/482 1589/2332/483 1620/2331/483
f 1618/2335/484 1587/2336/484 1588/2334/482 1619/2333/482
f 1617/2337/485 1586/2338/485 1587/2336/486 1618/2335/486
f 1616/2339/487 1585/2340/487 1586/2338/485 1617/2337/485
f 1615/2341/488 1584/2342/488 1585/2340/489 1616/2339/489
f 1614/2343/490 1583/2344/490 1584/2342/488 1615/2341/488
f 1613/2345/491 1582/2346/491 1583/2344/492 1614/2343/492
f 1612/2347/493 1581/2348/493 1582/2346/491 1613/2345/491
f 1611/2349/494 1580/2350/494 1581/2348/495 1612/2347/495
f 1610/2351/496 1579/2352/496 1580/2350/494 1611/2349/494
f 1609/2353/497 1578/2354/497 1579/2352/498 1610/2351/498
f 1608/2355/499 1577/2356/499 1578/2354/497 1609/2353/497
f 1607/2357/500 1576/2358/500 1577/2356/501 1608/2355/501
f 1606/2359/502 1575/2360/502 1576/2358/500 1607/2357/500
f 1605/2361/503 1574/2362/503 1575/2360/504 1606/2359/504
f 1604/2363/505 1573/2364/505 1574/2362/503 1605/2361/503
f 1603/2365/506 1572/2366/506 1573/2364/507 1604/2363/507
f 1602/2367/508 1571/2368/508 1572/2366/506 1603/2365/506
f 1601/2369/509 1570/2370/509 1571/2368/510 1602/2367/510
f 1632/2314/511 1569/2313/511 1570/2370/509 1601/2369/509
f 1505/2371/312 1632/2372/312 1601/2373/512 1507/2374/512
f 1507/2374/512 1601/2373/512 1602/2375/513 1509/2376/513
f 1509/2376/513 1602/2375/513 1603/2377/514 1511/2378/514
f 1511/2378/514 1603/2377/514 1604/2379/515 1513/2380/515
f 1513/2380/515 1604/2379/515 1605/2381/516 1515/2382/516
f 1515/2382/516 1605/2381/516 1606/2383/517 1517/2384/517
f 1517/2384/517 1606/2383/517 1607/2385/518 1519/2386/518
f 1519/2386/518 1607/2385/518 1608/2387/253 1521/2388/253
f 1521/2388/253 1608/2387/253 1609/2389/519 1523/2390/519
f 1523/2390/519 1609/2389/519 1610/2391/520 1525/2392/520
f 1525/2392/520 1610/2391/520 1611/2393/521 1527/2394/521
f 1527/2394/521 1611/2393/521 1612/2395/522 1529/2396/522
f 1529/2396/522 1612/2395/522 1613/2397/523 1531/2398/523
f 1531/2398/523 1613/2397/523 1614/2399/524 1533/2400/524
f 1533/2400/524 1614/2399/524 1615/2401/525 1535/2402/525
f 1535/2402/525 1615/2401/525 1616/2403/2 1537/2404/2
f 1537/2404/2 1616/2403/2 1617/2405/526 1539/2406/526
f 1539/2406/526 1617/2405/526 1618/2407/527 1541/2408/527
f 1541/2408/527 1618/2407/527 1619/2409/528 1543/2410/528
f 1543/2410/528 1619/2409/528 1620/2411/529 1545/2412/529
f 1545/2412/529 1620/2411/529 1621/2413/530 1547/2414/530
f 1547/2414/530 1621/2413/530 1622/2415/531 1549/2416/531
f 1549/2416/531 1622/2415/531 1623/2417/532 1551/2418/532
f 1551/2418/532 1623/2417/532 1624/2419/262 1553/2420/262
f 1553/2420/262 1624/2419/262 1625/2421/533 1555/2422/533
f 1555/2422/533 1625/2421/533 1626/2423/534 1557/2424/534
f 1557/2424/534 1626/2423/534 1627/2425/535 1559/2426/535
f 1559/2426/535 1627/2425/535 1628/2427/536 1561/2428/536
f 1561/2428/536 1628/2427/536 1629/2429/537 1563/2430/537
f 1567/2431/538 1631/2432/538 1632/2372/312 1505/2371/312
f 1565/2433/539 1630/2434/539 1631/2432/538 1567/2431/538
f 1563/2430/537 1629/2429/537 1630/2434/539 1565/2433/539
f 1367/2044/313 1373/294/263 1634/123/99 63/2024/313
f 1320/1977/313 1323/1976/313 1636/2018/12 282/2022/313
f 1337/2023/313 1358/410/12 1633/62/39 2/1984/313
f 1336/2025/313 1357/303/271 1635/306/271 299/2040/313
f 1338/2021/313 1334/455/313 1639/2020/313 1360/2045/313
f 1359/2046/312 1360/2045/312 1639/2020/312 299/2435/312
f 1337/2027/262 1335/1966/262 1640/1965/262 282/2436/262
f 1322/1978/2 1317/1968/2 1637/1967/2 2/2437/2
f 185/2438/313 1641/243/218 1642/9/9 125/2439/313
f 281/2440/313 1643/12/12 1644/389/271 300/2441/313
f 125/2439/313 1642/9/9 1643/12/12 281/2440/313
f 300/2441/313 1644/389/271 1641/243/218 185/2438/313
f 1647/2442/313 1648/281/313 1645/280/313 1646/2443/313
f 300/2444/2 1648/281/2 1647/2442/2 281/2445/2
f 281/2446/262 1647/2442/262 1646/2443/262 125/2447/262
f 125/2448/312 1646/2443/312 1645/280/312 185/2449/312
f 806/1717/253 1295/1716/253 1656/2450/253 1652/2451/253
f 1652/2452/253 1656/2453/253 1655/2454/253 1651/2455/253
f 807/2456/262 1294/2457/262 1654/2458/262 1650/2459/262
f 1667/2460/312 1666/2461/312 1663/2462/312 1653/2463/312 1649/2464/312
f 1657/1714/313 806/1717/313 1652/2465/313 1661/2466/313
f 1661/2467/313 1652/2452/313 1651/2455/313 1662/2468/313
f 807/2456/313 1650/2469/313 1676/2470/540 1662/2471/313 1935/942/313 1658/945/313
f 1666/2472/541 1675/2473/541 1664/2474/262 1663/2475/262
f 808/944/312 1296/1723/312 1660/2476/312 1658/945/312
f 1293/1708/2 1659/1715/2 1657/1714/2 805/1709/2
f 1650/2469/2 1654/2477/2 1664/2478/2 1675/2479/2 1677/2480/2
f 1665/2466/313 1649/2464/313 805/1709/313 1657/1714/313
f 1658/945/312 1660/2476/312 1294/2457/312 807/2456/312
f 1665/2481/542 1661/2467/313 1662/2468/313 1676/2482/540
f 1665/2466/312 1668/2483/312 1669/2484/312 1670/2485/312 1671/2486/312 1672/2487/312 1673/2488/312 1674/2489/312 1666/2461/312 1667/2460/312 1649/2464/312
f 1675/2479/2 1678/2490/2 1679/2491/2 1680/2492/2 1681/2493/2 1682/2494/2 1683/2495/2 1684/2496/2 1676/2470/2 1650/2469/2 1677/2480/2
f 1675/2473/541 1666/2472/541 1674/2497/543 1678/2498/543
f 1678/2498/543 1674/2497/543 1673/2499/544 1679/2500/544
f 1679/2500/544 1673/2499/544 1672/2501/545 1680/2502/545
f 1680/2502/545 1672/2501/545 1671/2503/546 1681/2504/546
f 1681/2504/546 1671/2503/546 1670/2505/547 1682/2506/547
f 1682/2506/547 1670/2505/547 1669/2507/548 1683/2508/548
f 1683/2508/548 1669/2507/548 1668/2509/549 1684/2510/549
f 1684/2510/549 1668/2509/549 1665/2481/542 1676/2482/540
f 1685/2511/313 1686/2512/313 1688/2513/313 1687/2514/313
f 1687/2514/262 1690/2515/262 1689/2516/262 1685/2511/262
f 1685/2511/2 1689/2517/2 1691/2518/2 1686/2512/2
f 1686/2512/253 1691/2519/253 1692/2520/253 1688/2513/253
f 1688/2513/312 1692/2521/312 1690/2522/312 1687/2514/312
f 1693/2523/313 1694/2524/313 1696/2525/313 1695/2526/313
f 1695/2526/262 1698/2527/262 1697/2528/262 1693/2523/262
f 1693/2523/2 1697/2529/2 1699/2530/2 1694/2524/2
f 1694/2524/253 1699/2531/253 1700/2532/253 1696/2525/253
f 1696/2525/312 1700/2533/312 1698/2534/312 1695/2526/312
f 1701/2535/313 1702/2536/313 1704/2537/313 1703/2538/313
f 1703/2538/262 1706/2539/262 1705/2540/262 1701/2535/262
f 1701/2535/2 1705/2541/2 1707/2542/2 1702/2536/2
f 1702/2536/253 1707/2543/253 1708/2544/253 1704/2537/253
f 1704/2537/312 1708/2545/312 1706/2546/312 1703/2538/312
f 1709/2547/313 1710/2548/313 1712/2549/313 1711/2550/313
f 1711/2550/262 1714/2551/262 1713/2552/262 1709/2547/262
f 1709/2547/2 1713/2553/2 1715/2554/2 1710/2548/2
f 1710/2548/253 1715/2555/253 1716/2556/253 1712/2549/253
f 1712/2549/312 1716/2557/312 1714/2558/312 1711/2550/312
f 1717/2559/313 1718/2560/313 1720/2561/313 1719/2562/313
f 1719/2562/262 1722/2563/262 1721/2564/262 1717/2559/262
f 1717/2559/2 1721/2565/2 1723/2566/2 1718/2560/2
f 1718/2560/253 1723/2567/253 1724/2568/253 1720/2561/253
f 1720/2561/312 1724/2569/312 1722/2570/312 1719/2562/312
f 1725/2571/313 1726/2572/313 1728/2573/313 1727/2574/313
f 1727/2574/262 1730/2575/262 1729/2576/262 1725/2571/262
f 1725/2571/2 1729/2577/2 1731/2578/2 1726/2572/2
f 1726/2572/253 1731/2579/253 1732/2580/253 1728/2573/253
f 1728/2573/312 1732/2581/312 1730/2582/312 1727/2574/312
f 1733/2583/313 1734/2584/313 1736/2585/313 1735/2586/313
f 1735/2586/262 1738/2587/262 1737/2588/262 1733/2583/262
f 1733/2583/2 1737/2589/2 1739/2590/2 1734/2584/2
f 1734/2584/253 1739/2591/253 1740/2592/253 1736/2585/253
f 1736/2585/312 1740/2593/312 1738/2594/312 1735/2586/312
f 1741/2595/313 1742/2596/313 1744/2597/313 1743/2598/313
f 1743/2598/262 1746/2599/262 1745/2600/262 1741/2595/262
f 1741/2595/2 1745/2601/2 1747/2602/2 1742/2596/2
f 1742/2596/253 1747/2603/253 1748/2604/253 1744/2597/253
f 1744/2597/312 1748/2605/312 1746/2606/312 1743/2598/312
f 1749/2607/313 1750/2608/313 1752/2609/313 1751/2610/313
f 1751/2610/262 1754/2611/262 1753/2612/262 1749/2607/262
f 1749/2607/2 1753/2613/2 1755/2614/2 1750/2608/2
f 1750/2608/253 1755/2615/253 1756/2616/253 1752/2609/253
f 1752/2609/312 1756/2617/312 1754/2618/312 1751/2610/312
f 1757/2619/313 1758/2620/313 1760/2621/313 1759/2622/313
f 1759/2622/262 1762/2623/262 1761/2624/262 1757/2619/262
f 1757/2619/2 1761/2625/2 1763/2626/2 1758/2620/2
f 1758/2620/253 1763/2627/253 1764/2628/253 1760/2621/253
f 1760/2621/312 1764/2629/312 1762/2630/312 1759/2622/312
f 1765/2631/313 1766/2632/313 1768/2633/313 1767/2634/313
f 1767/2634/262 1770/2635/262 1769/2636/262 1765/2631/262
f 1765/2631/2 1769/2637/2 1771/2638/2 1766/2632/2
f 1766/2632/253 1771/2639/253 1772/2640/253 1768/2633/253
f 1768/2633/312 1772/2641/312 1770/2642/312 1767/2634/312
f 1773/2643/313 1774/2644/313 1776/2645/313 1775/2646/313
f 1775/2646/262 1778/2647/262 1777/2648/262 1773/2643/262
f 1773/2643/2 1777/2649/2 1779/2650/2 1774/2644/2
f 1774/2644/253 1779/2651/253 1780/2652/253 1776/2645/253
f 1776/2645/312 1780/2653/312 1778/2654/312 1775/2646/312
f 1781/2655/313 1782/2656/313 1784/2657/313 1783/2658/313
f 1783/2658/262 1786/2659/262 1785/2660/262 1781/2655/262
f 1781/2655/2 1785/2661/2 1787/2662/2 1782/2656/2
f 1782/2656/253 1787/2663/253 1788/2664/253 1784/2657/253
f 1784/2657/312 1788/2665/312 1786/2666/312 1783/2658/312
f 1789/2667/313 1790/2668/313 1792/2669/313 1791/2670/313
f 1791/2670/262 1794/2671/262 1793/2672/262 1789/2667/262
f 1789/2667/2 1793/2673/2 1795/2674/2 1790/2668/2
f 1790/2668/253 1795/2675/253 1796/2676/253 1792/2669/253
f 1792/2669/312 1796/2677/312 1794/2678/312 1791/2670/312
f 1797/2679/313 1798/2680/313 1800/2681/313 1799/2682/313
f 1799/2682/262 1802/2683/262 1801/2684/262 1797/2679/262
f 1797/2679/2 1801/2685/2 1803/2686/2 1798/2680/2
f 1798/2680/253 1803/2687/253 1804/2688/253 1800/2681/253
f 1800/2681/312 1804/2689/312 1802/2690/312 1799/2682/312
f 1805/2691/313 1806/2692/313 1808/2693/313 1807/2694/313
f 1807/2694/262 1810/2695/262 1809/2696/262 1805/2691/262
f 1805/2691/2 1809/2697/2 1811/2698/2 1806/2692/2
f 1806/2692/253 1811/2699/253 1812/2700/253 1808/2693/253
f 1808/2693/312 1812/2701/312 1810/2702/312 1807/2694/312
f 1813/2703/313 1814/2704/313 1816/2705/313 1815/2706/313
f 1815/2706/262 1818/2707/262 1817/2708/262 1813/2703/262
f 1813/2703/2 1817/2709/2 1819/2710/2 1814/2704/2
f 1814/2704/253 1819/2711/253 1820/2712/253 1816/2705/253
f 1816/2705/312 1820/2713/312 1818/2714/312 1815/2706/312
f 1821/2715/313 1822/2716/313 1824/2717/313 1823/2718/313
f 1823/2718/262 1826/2719/262 1825/2720/262 1821/2715/262
f 1821/2715/2 1825/2721/2 1827/2722/2 1822/2716/2
f 1822/2716/253 1827/2723/253 1828/2724/253 1824/2717/253
f 1824/2717/312 1828/2725/312 1826/2726/312 1823/2718/312
f 1829/2727/313 1830/2728/313 1832/2729/313 1831/2730/313
f 1831/2730/262 1834/2731/262 1833/2732/262 1829/2727/262
f 1829/2727/2 1833/2733/2 1835/2734/2 1830/2728/2
f 1830/2728/253 1835/2735/253 1836/2736/253 1832/2729/253
f 1832/2729/312 1836/2737/312 1834/2738/312 1831/2730/312
f 1837/2739/313 1838/2740/313 1840/2741/313 1839/2742/313
f 1839/2742/262 1842/2743/262 1841/2744/262 1837/2739/262
f 1837/2739/2 1841/2745/2 1843/2746/2 1838/2740/2
f 1838/2740/253 1843/2747/253 1844/2748/253 1840/2741/253
f 1840/2741/312 1844/2749/312 1842/2750/312 1839/2742/312
f 1845/2751/313 1846/2752/313 1848/2753/313 1847/2754/313
f 1847/2754/262 1850/2755/262 1849/2756/262 1845/2751/262
f 1845/2751/2 1849/2757/2 1851/2758/2 1846/2752/2
f 1846/2752/253 1851/2759/253 1852/2760/253 1848/2753/253
f 1848/2753/312 1852/2761/312 1850/2762/312 1847/2754/312
f 1853/2763/313 1854/2764/313 1856/2765/313 1855/2766/313
f 1855/2766/262 1858/2767/262 1857/2768/262 1853/2763/262
f 1853/2763/2 1857/2769/2 1859/2770/2 1854/2764/2
f 1854/2764/253 1859/2771/253 1860/2772/253 1856/2765/253
f 1856/2765/312 1860/2773/312 1858/2774/312 1855/2766/312
f 1861/2775/313 1862/2776/313 1864/2777/313 1863/2778/313
f 1863/2778/262 1866/2779/262 1865/2780/262 1861/2775/262
f 1861/2775/2 1865/2781/2 1867/2782/2 1862/2776/2
f 1862/2776/253 1867/2783/253 1868/2784/253 1864/2777/253
f 1864/2777/312 1868/2785/312 1866/2786/312 1863/2778/312
f 1869/2787/313 1870/2788/313 1872/2789/313 1871/2790/313
f 1871/2790/262 1874/2791/262 1873/2792/262 1869/2787/262
f 1869/2787/2 1873/2793/2 1875/2794/2 1870/2788/2
f 1870/2788/253 1875/2795/253 1876/2796/253 1872/2789/253
f 1872/2789/312 1876/2797/312 1874/2798/312 1871/2790/312
f 1877/2799/313 1878/2800/313 1880/2801/313 1879/2802/313
f 1879/2802/262 1882/2803/262 1881/2804/262 1877/2799/262
f 1877/2799/2 1881/2805/2 1883/2806/2 1878/2800/2
f 1878/2800/253 1883/2807/253 1884/2808/253 1880/2801/253
f 1880/2801/312 1884/2809/312 1882/2810/312 1879/2802/312
f 1885/2811/313 1886/2812/313 1888/2813/313 1887/2814/313
f 1887/2814/262 1890/2815/262 1889/2816/262 1885/2811/262
f 1885/2811/2 1889/2817/2 1891/2818/2 1886/2812/2
f 1886/2812/253 1891/2819/253 1892/2820/253 1888/2813/253
f 1888/2813/312 1892/2821/312 1890/2822/312 1887/2814/312
f 1893/2823/313 1894/2824/313 1896/2825/313 1895/2826/313
f 1895/2826/262 1898/2827/262 1897/2828/262 1893/2823/262
f 1893/2823/2 1897/2829/2 1899/2830/2 1894/2824/2
f 1894/2824/253 1899/2831/253 1900/2832/253 1896/2825/253
f 1896/2825/312 1900/2833/312 1898/2834/312 1895/2826/312
f 1901/2835/313 1902/2836/313 1904/2837/313 1903/2838/313
f 1903/2838/262 1906/2839/262 1905/2840/262 1901/2835/262
f 1901/2835/2 1905/2841/2 1907/2842/2 1902/2836/2
f 1902/2836/253 1907/2843/253 1908/2844/253 1904/2837/253
f 1904/2837/312 1908/2845/312 1906/2846/312 1903/2838/312
f 1909/2847/313 1910/2848/313 1912/2849/313 1911/2850/313
f 1911/2850/262 1914/2851/262 1913/2852/262 1909/2847/262
f 1909/2847/2 1913/2853/2 1915/2854/2 1910/2848/2
f 1910/2848/253 1915/2855/253 1916/2856/253 1912/2849/253
f 1912/2849/312 1916/2857/312 1914/2858/312 1911/2850/312
f 1917/2859/313 1918/2860/313 1920/2861/313 1919/2862/313
f 1919/2862/262 1922/2863/262 1921/2864/262 1917/2859/262
f 1917/2859/2 1921/2865/2 1923/2866/2 1918/2860/2
f 1918/2860/253 1923/2867/253 1924/2868/253 1920/2861/253
f 1920/2861/312 1924/2869/312 1922/2870/312 1919/2862/312
f 1925/2871/313 1926/2872/313 1928/2873/313 1927/2874/313
f 1927/2874/262 1930/2875/262 1929/2876/262 1925/2871/262
f 1925/2871/2 1929/2877/2 1931/2878/2 1926/2872/2
f 1926/2872/253 1931/2879/253 1932/2880/253 1928/2873/253
f 1928/2873/312 1932/2881/312 1930/2882/312 1927/2874/312
f 1651/2883/253 1655/2884/253 1934/1722/253 1933/943/253
f 1662/2471/313 1651/2885/313 1933/943/313 1935/942/313
f 1331/1971/265 1330/1979/266 1944/2033/266 1945/2032/265
f 1330/1979/266 1329/1981/267 1943/2034/267 1944/2033/266
f 1329/1981/267 1328/1980/268 1942/2035/268 1943/2034/267
f 1328/1980/268 1327/1982/269 1941/2036/269 1942/2035/268
f 1327/1982/269 1326/1983/270 1940/2037/270 1941/2036/269
f 1291/2886/253 1292/2887/253 1300/1698/253 1299/1685/253
f 1299/1685/550 1300/1698/550 804/1938/550 802/1935/550
f 803/1939/551 1298/1701/551 1297/1682/551 801/1934/551
f 1322/1985/313 1318/1973/263 1947/2030/263 1936/2043/313
f 1326/1983/270 1325/2007/1 1939/2039/1 1940/2037/270
